{
  "config": {
    "engine": "rebound",
    "instruments": [
      {
        "gamma_ms": 0.0,
        "label": "instA",
        "sigma_jitter_ms": 0.3197591861668635,
        "sigma_white_ms": 2.607573957375986
      }
    ],
    "integrator_preference": "whfast",
    "los_axis": "x",
    "metadata": {},
    "noise": {
      "gp": {
        "Q0": 0.6208251141745417,
        "dQ": 0.22513036859650234,
        "f": 0.8169294266867845,
        "period_days": 32.89753908991123,
        "sigma_ms": 0.9653968333841303,
        "use_gp": true
      },
      "sigma_jitter_ms": 0.3197591861668635,
      "sigma_white_ms": 2.607573957375986
    },
    "planets": [
      {
        "Omega_rad": 5.62158316566147,
        "P_days": 62.910866222542914,
        "e": 0.0337495380925399,
        "inc_rad": 0.8155149375081232,
        "l_rad": 0.08296878449489876,
        "m_sin_i_mjup": 0.020498543423742296,
        "m_true_mjup": null,
        "omega_rad": 4.943122038333929
      }
    ],
    "schedule": {
      "instruments": [
        "instA",
        "instA",
        "instA",
        "instA",
        "instA",
        "instA",
        "instA",
        "instA",
        "instA",
        "instA",
        "instA",
        "instA",
        "instA",
        "instA",
        "instA",
        "instA",
        "instA",
        "instA",
        "instA",
        "instA",
        "instA",
        "instA",
        "instA",
        "instA",
        "instA",
        "instA",
        "instA",
        "instA",
        "instA",
        "instA",
        "instA",
        "instA",
        "instA",
        "instA",
        "instA",
        "instA",
        "instA",
        "instA",
        "instA",
        "instA",
        "instA",
        "instA",
        "instA",
        "instA",
        "instA",
        "instA",
        "instA",
        "instA",
        "instA",
        "instA",
        "instA",
        "instA",
        "instA",
        "instA",
        "instA",
        "instA",
        "instA",
        "instA",
        "instA",
        "instA",
        "instA",
        "instA",
        "instA",
        "instA"
      ],
      "times_days": [
        1.4414036407136739,
        1.9162488081746702,
        4.751465838627068,
        5.726667376823419,
        7.0131612058178,
        9.153648932864543,
        10.274331659550441,
        16.8692194217541,
        16.949448864405877,
        22.17521001410668,
        22.618088191901684,
        28.934376511886803,
        31.581484266985758,
        31.690442164204626,
        32.09342913891377,
        33.3268173758483,
        33.371569445189046,
        36.069881733185994,
        39.46029676845287,
        41.01606956648806,
        42.2678572321229,
        49.96099309340496,
        51.26137061895696,
        54.82904430505321,
        59.17437720608807,
        60.87200928298915,
        61.82992168163013,
        62.009210344145174,
        65.06723900791607,
        69.20255495264844,
        69.78830206430536,
        69.97619281533743,
        74.96558598627067,
        77.6373203959657,
        79.59918005954002,
        79.82652113305592,
        81.65348669874808,
        84.74487462906401,
        88.62997874379039,
        90.00502539686747,
        92.40517894843349,
        92.41567685235634,
        95.31607283086264,
        98.42608331754734,
        99.44061820650651,
        99.47648325111558,
        99.87654441892728,
        103.93781183194248,
        109.06171781877754,
        112.94096065555347,
        113.642487051185,
        114.16645154301045,
        114.89214407599889,
        116.60949488342968,
        121.07761069107954,
        123.2608585195405,
        123.66669010535162,
        124.13908299771433,
        124.38772880596143,
        129.83620414393206,
        130.04793424848816,
        133.28994996452278,
        133.6847717121968,
        136.84656258600282
      ]
    },
    "star": {
      "M_star_sun": 1.0503867327855956,
      "gamma_ms": 0.0
    }
  },
  "difficulty_details": {
    "coverage_inner_periods": 2.152333405588513,
    "gp_used": true,
    "minK_ms": 1.0143324974928318,
    "n_obs": 64,
    "n_planets": 1,
    "raw_score": 7,
    "resonances_detected": 0,
    "snr_like": 0.3465039500988331
  },
  "meta": {
    "noise": {
      "gp": {
        "Q0": 0.6208251141745417,
        "dQ": 0.22513036859650234,
        "f": 0.8169294266867845,
        "period_days": 32.89753908991123,
        "sigma_ms": 0.9653968333841303,
        "use_gp": true
      },
      "sigma_jitter_ms": 0.3197591861668635,
      "sigma_white_ms": 2.607573957375986
    },
    "seed": 500004,
    "source_generated_task_id": "63ac47fe-2700-513b-9c1a-082b4ca293ac",
    "source_seed": 500004
  },
  "observations": {
    "instruments": [
      "instA",
      "instA",
      "instA",
      "instA",
      "instA",
      "instA",
      "instA",
      "instA",
      "instA",
      "instA",
      "instA",
      "instA",
      "instA",
      "instA",
      "instA",
      "instA",
      "instA",
      "instA",
      "instA",
      "instA",
      "instA",
      "instA",
      "instA",
      "instA",
      "instA",
      "instA",
      "instA",
      "instA",
      "instA",
      "instA",
      "instA",
      "instA",
      "instA",
      "instA",
      "instA",
      "instA",
      "instA",
      "instA",
      "instA",
      "instA",
      "instA",
      "instA",
      "instA",
      "instA",
      "instA",
      "instA",
      "instA",
      "instA",
      "instA",
      "instA",
      "instA",
      "instA",
      "instA",
      "instA",
      "instA",
      "instA",
      "instA",
      "instA",
      "instA",
      "instA",
      "instA",
      "instA",
      "instA",
      "instA"
    ],
    "rvs_ms": [
      0.888642133653244,
      0.8847103287530388,
      -1.3707584147265104,
      -4.101731249677391,
      0.9788220539694764,
      0.841972302270819,
      -5.965481436783761,
      2.6558181178264566,
      -0.8189845935144535,
      0.6745643462432294,
      2.0522343886001115,
      -6.142467184838264,
      3.66904219072348,
      -2.0161885148424457,
      1.7609823716496726,
      -0.39518586358060137,
      -3.982333401865237,
      6.888766536921365,
      3.1277286146233223,
      -2.921543764694021,
      -1.412518460447557,
      -4.978355583307269,
      -6.207310653335272,
      0.9876157024437392,
      -6.452264555854379,
      2.6970012296217427,
      -1.9756524146348493,
      2.2727960102345484,
      8.134762387859222,
      3.4416870970530966,
      -4.090688028303844,
      -0.838270523217164,
      2.4533514818180975,
      6.876072421836077,
      5.640709763295125,
      -0.38445564555848,
      -3.926734169326519,
      -2.7232934278508836,
      3.1590363495391216,
      -0.8802597850640264,
      0.5344295074456054,
      4.169465131884727,
      -1.1674191630376742,
      -2.955903250711694,
      1.9841785183363698,
      -0.43031335023309314,
      3.211209339088893,
      -3.4351684018057407,
      -4.812136531707939,
      -8.573051355104685,
      -2.251806149988756,
      2.381574788513958,
      -3.792166452085895,
      -1.5242371384328264,
      -1.6808956339840209,
      -4.753207696691179,
      4.445400037673446,
      -3.935154215528208,
      4.507026771790695,
      -0.6792276197821077,
      2.1942745310517764,
      2.401544527377685,
      4.925032747138947,
      1.0271695711733813
    ],