{"config": {"engine": "rebound", "instruments": [{"gamma_ms": 0.0, "label": "instA", "sigma_jitter_ms": 0.20969816838152125, "sigma_white_ms": 0.5313323941718398}], "integrator_preference": "whfast", "los_axis": "x", "metadata": {}, "noise": {"gp": {"Q0": 1.0, "dQ": 0.1, "f": 0.5, "period_days": 25.0, "sigma_ms": 0.0, "use_gp": false}, "sigma_jitter_ms": 0.20969816838152125, "sigma_white_ms": 0.5313323941718398}, "planets": [{"Omega_rad": 5.969766276423655, "P_days": 142.76577307349913, "e": 0.14107938935777978, "inc_rad": 1.324415030881254, "l_rad": 1.4028335291503224, "m_sin_i_mjup": 0.11928720090082583, "m_true_mjup": null, "omega_rad": 4.107689003110588}], "schedule": {"instruments": ["instA", "instA", "instA", "instA", "instA", "instA", "instA", "instA", "instA", "instA", "instA", "instA", "instA", "instA", "instA", "instA", "instA", "instA", "instA", "instA", "instA", "instA", "instA", "instA", "instA", "instA", "instA", "instA", "instA", "instA", "instA", "instA", "instA", "instA", "instA", "instA", "instA", "instA", "instA", "instA", "instA", "instA", "instA", "instA", "instA", "instA", "instA", "instA", "instA", "instA", "instA", "instA", "instA", "instA", "instA", "instA", "instA", "instA", "instA", "instA", "instA", "instA", "instA", "instA", "instA", "instA", "instA", "instA", "instA", "instA", "instA", "instA", "instA", "instA", "instA", "instA", "instA", "instA", "instA", "instA", "instA", "instA", "instA", "instA", "instA", "instA", "instA", "instA", "instA", "instA", "instA", "instA", "instA", "instA", "instA"], "times_days": [0.027936824236377184, 1.8222260674332458, 3.826989630477052, 9.250722702678054, 12.347577773663373, 16.35912330604633, 42.18390039624099, 48.50725181278036, 51.17630972801368, 53.126636117180496, 68.64600576659765, 70.98314229720985, 77.57585431797666, 82.13775302590572, 86.53411130751365, 89.70178224994598, 91.21909254539877, 93.87459738952215, 96.3512607652666, 108.68034432776551, 110.35041595935317, 113.18113974984155, 115.9030909336673, 116.74164609052572, 118.29664194736566, 118.72157873814864, 131.11926510444894, 131.59817584033118, 152.75452303835453, 158.33012186503646, 166.5521227217373, 166.90748538100755, 173.95863283171005, 180.27899209397836, 181.8532890052478, 198.3664260053373, 203.32433560586807, 207.75897265506342, 208.4813074842778, 212.36035542037135, 214.2248539149779, 217.1044808350403, 226.85212207242128, 230.8532093394323, 231.21879053510267, 234.0672074201187, 234.47484341944227, 239.17113125078717, 252.5602360792566, 254.33065004812107, 255.25482840232826, 262.02735607972403, 265.707402328639, 269.3076856732216, 269.73024020344315, 287.83668384389546, 291.34957597133047, 304.0968407724176, 309.68143204985114, 313.21231069385277, 316.79727958998615, 318.2309561133945, 318.9922763712322, 337.48741982246844, 344.1298109440671, 347.99285156207145, 349.13092167766996, 349.6393644977288, 354.80010525894414, 361.89567723153345, 364.6845496272514, 366.97057545455795, 379.76438646277893, 382.6090473859132, 391.67780413207953, 400.17590893009043, 414.6314800479697, 423.9375492040494, 429.12988385822564, 429.8808238911406, 437.5678468660346, 443.5522332837276, 443.7494125903678, 445.5427031262613, 447.2454853769106, 452.68502979996777, 459.6869039143254, 462.4898400246911, 463.5915720275426, 467.5462379365418, 474.08430071878234, 477.29217297999423, 481.52307166948066, 482.5991929839272, 485.21646944487577]}, "star": {"M_star_sun": 0.7874946976276502, "gamma_ms": 0.0}}, "difficulty_details": {"coverage_inner_periods": 3.3984933655691627, "gp_used": false, "minK_ms": 5.494618091685587, "n_obs": 95, "n_planets": 1, "raw_score": 1, "resonances_detected": 0, "snr_like": 7.414833300198633}, "meta": {"noise": {"gp": {"Q0": 1.0, "dQ": 0.1, "f": 0.5, "period_days": 25.0, "sigma_ms": 0.0, "use_gp": false}, "sigma_jitter_ms": 0.20969816838152125, "sigma_white_ms": 0.5313323941718398}, "patch_profile": "easy_bias_for_diff1", "seed": 300087, "source_generated_task_id": "308905e6-9b9b-51e7-9836-53026cbc6ff0", "source_seed": 300087}, "observations": {"instruments": ["instA", "instA", "instA", "instA", "instA", "instA", "instA", "instA", "instA", "instA", "instA", "instA", "instA", "instA", "instA", "instA", "instA", "instA", "instA", "instA", "instA", "instA", "instA", "instA", "instA", "instA", "instA", "instA", "instA", "instA", "instA", "instA", "instA", "instA", "instA", "instA", "instA", "instA", "instA", "instA", "instA", "instA", "instA", "instA", "instA", "instA", "instA", "instA", "instA", "instA", "instA", "instA", "instA", "instA", "instA", "instA", "instA", "instA", "instA", "instA", "instA", "instA", "instA", "instA", "instA", "instA", "instA", "instA", "instA", "instA", "instA", "instA", "instA", "instA", "instA", "instA", "instA", "instA", "instA", "instA", "instA", "instA", "instA", "instA", "instA", "instA", "instA", "instA", "instA", "instA", "instA", "instA", "instA", "instA", "instA"], "rvs_ms": [3.9359827527942444, 5.406555421117348, 3.8514339898699963, 4.434177537139457, 5.131609802324613, 3.9009472951402335, -1.3058784764395113, -0.8404721620005118, -2.814068985932232, -2.8545672073648842, -5.588707027431642, -4.330905331841248, -5.294979256131098, -4.402484957314032, -3.671628422867016, -3.247756038831631, -2.4503467191702835, -2.0402101621233117, -2.5244886240265743, 0.1564258249502438, 0.7609582282902826, 2.40170911039171, 2.0028229503282593, 1.6621370923670145, 1.6808413831488906, 2.1342775176627624, 4.064669203954263, 3.271149443679031, 4.848535574317398, 4.591523483491393, 3.3931974747610467, 2.7538495940838015, 2.6485677436504593, 1.9020034351529214, 0.02779218048367249, -4.317488452473382, -4.050269911495624, -6.246148956024153, -5.176120046195815, -4.5290143354385775, -5.928931326017611, -5.019959534381737, -4.643753071142846, -3.928831790026081, -3.15214634061082, -1.7418272787737705, -2.425446330632581, -2.2662718266053834, 1.8830366814164545, 0.49736689186027244, 0.5428502348610658, 2.0549281385974045, 2.3362043914831037, 2.553320336872795, 3.160013352801141, 4.4029607326961635, 3.4636538032993567, 4.2066198453981825, 2.593289423094386, 2.84251278728247, 1.6833493920431941, 1.1149932701678287, 1.833826384229465, -1.990886869302728, -4.276012646738901, -5.38546339104382, -4.861349833093543, -5.2947083951659, -5.052832877879228, -5.131417023105438, -5.809564437563114, -5.874105832714717, -2.7612850718065576, -1.7756684134587615, -0.21989915205627508, -0.030093772772771255, 2.2279092835332666, 3.4041596058623274, 4.393659869878723, 4.460817694818379, 4.7567519702790015, 5.139403800517945, 4.111687964901778, 3.846508782686883, 4.035515384009005, 2.6960928074130246, 1.6139594930852925, 1.447642503278842, 1.418648633111654, 0.745885017842197, -1.191461887678379, -1.8149909448041464, -3.447754299508892, -3.658474304817106, -3.294020661440907],