{"config": {"engine": "rebound", "instruments": [{"gamma_ms": 0.0, "label": "instA", "sigma_jitter_ms": 0.5456644508478545, "sigma_white_ms": 1.0591138432817118}], "integrator_preference": "whfast", "los_axis": "x", "metadata": {}, "noise": {"gp": {"Q0": 1.0787952672671977, "dQ": 0.9512686525473533, "f": 0.28841316584493715, "period_days": 28.594122479860598, "sigma_ms": 0.08366193010046678, "use_gp": true}, "sigma_jitter_ms": 0.5456644508478545, "sigma_white_ms": 1.0591138432817118}, "planets": [{"Omega_rad": 5.640274757851748, "P_days": 26.449985885314327, "e": 0.8776718177649834, "inc_rad": 0.2277087455753005, "l_rad": 2.4655512214170154, "m_sin_i_mjup": 0.012517437206742985, "m_true_mjup": null, "omega_rad": 5.304460051368218}, {"Omega_rad": 0.40347120902876316, "P_days": 44.18003423264356, "e": 0.36901638683309934, "inc_rad": 0.4956680400535842, "l_rad": 5.46692729377006, "m_sin_i_mjup": 0.09683805041674318, "m_true_mjup": null, "omega_rad": 4.267423429187548}, {"Omega_rad": 3.162729072530436, "P_days": 61.89774247286282, "e": 0.47392902560333566, "inc_rad": 1.5695966429202954, "l_rad": 1.2770752335176139, "m_sin_i_mjup": 0.028486366026812027, "m_true_mjup": null, "omega_rad": 2.743660006359483}], "schedule": {"instruments": ["instA", "instA", "instA", "instA", "instA", "instA", "instA", "instA", "instA", "instA", "instA", "instA", "instA", "instA", "instA", "instA", "instA", "instA", "instA", "instA", "instA", "instA", "instA", "instA", "instA", "instA", "instA", "instA", "instA", "instA", "instA", "instA", "instA", "instA", "instA", "instA", "instA", "instA", "instA", "instA", "instA", "instA"], "times_days": [0.11455131186816356, 1.7681091910895246, 4.32308394776042, 4.655610686689572, 5.149551744824047, 5.805722951416464, 6.131490099345731, 14.230890086504273, 19.407516509745967, 21.705419291393067, 22.392113672872032, 22.48819559354167, 25.91944888555219, 27.289631518068262, 30.216302159663307, 31.02701964644167, 36.605825657330755, 37.468603868759544, 39.00290214651234, 41.53079465973637, 41.69498043109375, 42.82905570847463, 47.076107564510565, 48.06350877380898, 49.2056569787899, 53.050875048119515, 62.29120609394991, 64.61341459574167, 64.85137952907594, 66.6971405836472, 67.5549338752102, 76.28642068450806, 76.9811513896826, 77.14590613077591, 80.61106606746888, 83.08005583913778, 83.2812386237346, 83.99314369070972, 85.50152028509528, 85.71439067141026, 93.0197826050938, 95.40593538551683]}, "star": {"M_star_sun": 1.1847644738418963, "gamma_ms": 0.0}}, "difficulty_details": {"coverage_inner_periods": 3.6027007532944184, "gp_used": true, "minK_ms": 1.4845045791260312, "n_obs": 42, "n_planets": 3, "raw_score": 10, "resonances_detected": 1, "snr_like": 0.9250527531164224}, "meta": {"noise": {"gp": {"Q0": 1.0787952672671977, "dQ": 0.9512686525473533, "f": 0.28841316584493715, "period_days": 28.594122479860598, "sigma_ms": 0.08366193010046678, "use_gp": true}, "sigma_jitter_ms": 0.5456644508478545, "sigma_white_ms": 1.0591138432817118}, "seed": 5, "source_generated_task_id": "1520b45d-2c86-59ee-a3b6-24d837135518", "source_seed": 5}, "observations": {"instruments": ["instA", "instA", "instA", "instA", "instA", "instA", "instA", "instA", "instA", "instA", "instA", "instA", "instA", "instA", "instA", "instA", "instA", "instA", "instA", "instA", "instA", "instA", "instA", "instA", "instA", "instA", "instA", "instA", "instA", "instA", "instA", "instA", "instA", "instA", "instA", "instA", "instA", "instA", "instA", "instA", "instA", "instA"], "rvs_ms": [-3.3548320504587736, -2.9162439034619103, 1.0801453934404566, 1.0225229439821097, 1.1205388783342638, 0.8519732303123346, 2.4735566646160176, 8.396102900203294, 6.4114533950730905, 8.78099418243792, 6.067561237531002, 5.319341013091596, 4.456501763993806, 5.693720365154922, 0.19711715207343217, 3.1835597023314492, -16.89964943979487, -18.25794771068699, -11.19215990477609, -9.329215269285033, -7.638126359858626, -3.318537100678857, -1.977047635892499, 1.4185543265669034, 2.299176180395792, 4.049059212097106, 4.622107307443263, -5.465359448639776, -3.455233598402605, 10.687014355529097, 10.117714796592418, -1.9463636792618304, -5.478070771049785, -6.019883175660615, -15.152162475879248, -14.106088098245745, -14.2867986003962, -15.611398765030215, -12.533377740282376, -6.754131281663369, 0.2358395762515757, 2.45890504987089], "sigmas_ms": [1.0591138432817118, 1.0591138432817118, 1.0591138432817118, 1.0591138432817118, 1.0591138432817118, 1.0591138432817118, 1.0591138432817118, 1.0591138432817118, 1.0591138432817118, 1.0591138432817118, 1.0591138432817118, 1.0591138432817118, 1.0591138432817118, 1.0591138432817118, 1.0591138432817118, 1.0591138432817118, 1.0591138432817118, 1.0591138432817118, 1.0591138432817118, 1.0591138432817118, 1.0591138432817118, 1.0591138432817118, 1.0591138432817118, 1.0591138432817118, 1.0591138432817118, 1.0591138432817118, 1.0591138432817118, 1.0591138432817118, 1.0591138432817118, 1.0591138432817118, 1.0591138432817118, 1.0591138432817118, 1.0591138432817118, 1.0591138432817118, 1.0591138432817118, 1.0591138432817118, 1.0591138432817118, 1.0591138432817118, 1.0591138432817118, 1.0591138432817118, 1.0591138432817118, 1.0591138432817118], "times_days": [0.11455131186816356, 1.7681091910895246, 4.32308394776042, 4.655610686689572, 5.149551744824047, 5.805722951416464, 6.131490099345731, 14.230890086504273, 19.407516509745967, 21.705419291393067, 22.392113672872032, 22.48819559354167, 25.91944888555219, 27.289631518068262, 30.216302159663307, 31.02701964644167, 36.605825657330755, 37.468603868759544, 39.00290214651234, 41.53079465973637, 41.69498043109375, 42.82905570847463, 47.076107564510565, 48.06350877380898, 49.2056569787899, 53.050875048119515, 62.29120609394991, 64.61341459574167, 64.85137952907594, 66.6971405836472, 67.5549338752102, 76.28642068450806, 76.9811513896826, 77.14590613077591, 80.61106606746888, 83.08005583913778, 83.2812386237346, 83.99314369070972, 85.50152028509528, 85.71439067141026, 93.0197826050938, 95.40593538551683]}, "task_id": "seed5_diff10", "truth_difficulty": 10}