{"config": {"engine": "rebound", "instruments": [{"gamma_ms": 0.0, "label": "instA", "sigma_jitter_ms": 0.18954928353742664, "sigma_white_ms": 0.9447324126936838}], "integrator_preference": "whfast", "los_axis": "x", "metadata": {}, "noise": {"gp": {"Q0": 1.0, "dQ": 0.1, "f": 0.5, "period_days": 25.0, "sigma_ms": 0.0, "use_gp": false}, "sigma_jitter_ms": 0.18954928353742664, "sigma_white_ms": 0.9447324126936838}, "planets": [{"Omega_rad": 3.9074098530342853, "P_days": 40.73289840708076, "e": 0.02865075770064294, "inc_rad": 0.32287078989317725, "l_rad": 3.213158271232508, "m_sin_i_mjup": 0.011412427109656642, "m_true_mjup": null, "omega_rad": 2.3184521734693218}], "schedule": {"instruments": ["instA", "instA", "instA", "instA", "instA", "instA", "instA", "instA", "instA", "instA", "instA", "instA", "instA", "instA", "instA", "instA", "instA", "instA", "instA", "instA", "instA", "instA", "instA", "instA", "instA", "instA", "instA", "instA", "instA", "instA", "instA", "instA", "instA", "instA", "instA", "instA", "instA", "instA", "instA", "instA", "instA", "instA", "instA", "instA", "instA", "instA", "instA", "instA", "instA", "instA", "instA", "instA", "instA", "instA", "instA", "instA", "instA", "instA"], "times_days": [1.5516889760224777, 2.637663723937652, 3.0408824852006924, 3.1305782480927022, 5.02617450377392, 6.474458675342634, 7.641766035498461, 8.204461644330333, 11.838147540713393, 11.931400144781216, 12.684766797957074, 13.5787190411282, 13.600305108337281, 14.694169791475534, 18.458671712118704, 18.591715474448932, 18.802573458056642, 19.96458273786982, 21.633564845495535, 25.311856959249273, 25.48066562055252, 28.38273391397772, 29.17956712782766, 31.19709771837745, 31.788014852603006, 32.480044541501755, 33.92518013262158, 39.52942721010992, 42.266227809550294, 42.9426502953495, 43.11135597587348, 44.46439216500176, 45.903542180679516, 47.017132547991366, 47.108363716866165, 50.48190929548035, 50.90989803609749, 54.04978968779682, 54.39119582830303, 55.30168130393521, 57.17589719256832, 60.94169543451476, 61.63286551144496, 61.908848149268735, 63.534120644245775, 64.11528841980407, 72.45225852708096, 73.75441112552174, 75.09064242464358, 77.77102712235214, 79.74253472232058, 82.37300397079669, 82.87745693611899, 83.30987407206248, 85.33960155332056, 87.18919549940769, 90.18507329170528, 91.61218568681039]}, "star": {"M_star_sun": 0.999566717464069, "gamma_ms": 0.0}}, "difficulty_details": {"coverage_inner_periods": 2.2110014320790965, "gp_used": false, "minK_ms": 0.6746076708560849, "n_obs": 58, "n_planets": 1, "raw_score": 6, "resonances_detected": 0, "snr_like": 0.5947443858942719}, "meta": {"noise": {"gp": {"Q0": 1.0, "dQ": 0.1, "f": 0.5, "period_days": 25.0, "sigma_ms": 0.0, "use_gp": false}, "sigma_jitter_ms": 0.18954928353742664, "sigma_white_ms": 0.9447324126936838}, "seed": 11, "source_generated_task_id": "8bbe9f9b-2725-51ea-be00-ce25d38b898b", "source_seed": 11}, "observations": {"instruments": ["instA", "instA", "instA", "instA", "instA", "instA", "instA", "instA", "instA", "instA", "instA", "instA", "instA", "instA", "instA", "instA", "instA", "instA", "instA", "instA", "instA", "instA", "instA", "instA", "instA", "instA", "instA", "instA", "instA", "instA", "instA", "instA", "instA", "instA", "instA", "instA", "instA", "instA", "instA", "instA", "instA", "instA", "instA", "instA", "instA", "instA", "instA", "instA", "instA", "instA", "instA", "instA", "instA", "instA", "instA", "instA", "instA", "instA"], "rvs_ms": [0.10087189495316862, -1.2138589813361316, -1.2785517279417917, -0.4950042722551634, -2.444478652991611, -3.3130677910142037, -1.6057078358398542, -2.6738829369688766, -3.7945010378061257, -2.718647581302307, -2.291788250944519, -2.8513185409473927, -3.135928494537159, -1.4510489603432524, 0.3649555183063998, -0.6841935042700762, -1.1121528024065768, 0.33473520286173364, 1.1771221591398275, 1.2266784072177341, 2.079666517142855, 3.0549892924294864, 1.9183144891996486, 1.3539697302638416, 2.436514074426206, 2.2733923258973388, 2.8738120912563456, -1.0196829572666855, -1.3253655785131704, -1.7017626208005936, -2.6146684660473185, -1.1905158679815446, -1.1259914138264664, -2.538331340768538, -0.5046521058047477, -1.2738252871741227, -1.4522954029309774, -1.3585892457185427, -0.7668546318955184, -2.7961143845340874, -0.47830820392888596, 0.6210960006729013, -1.4461145059845797, 0.6779677583600985, 0.5993881739907938, 1.762917176260324, 1.6836689863591234, 1.9473754401124626, 2.0597075007608754, 0.18658700424567642, 0.9704629839210132, -0.5895315607193522, -0.17514491557948708, -1.2867663251861052, -0.3010209470677687, -1.1532830439138704, -2.2243080480694233, -1.4488025554659403], "sigmas_ms": [0.9447324126936838, 0.9447324126936838, 0.9447324126936838, 0.9447324126936838, 0.9447324126936838, 0.9447324126936838, 0.9447324126936838, 0.9447324126936838, 0.9447324126936838, 0.9447324126936838, 0.9447324126936838, 0.9447324126936838, 0.9447324126936838, 0.9447324126936838, 0.9447324126936838, 0.9447324126936838, 0.9447324126936838, 0.9447324126936838, 0.9447324126936838, 0.9447324126936838, 0.9447324126936838, 0.9447324126936838, 0.9447324126936838, 0.9447324126936838, 0.9447324126936838, 0.9447324126936838, 0.9447324126936838, 0.9447324126936838, 0.9447324126936838, 0.9447324126936838, 0.9447324126936838, 0.9447324126936838, 0.9447324126936838, 0.9447324126936838, 0.9447324126936838, 0.9447324126936838, 0.9447324126936838, 0.9447324126936838, 0.9447324126936838, 0.9447324126936838, 0.9447324126936838, 0.9447324126936838, 0.9447324126936838, 0.9447324126936838, 0.9447324126936838, 0.9447324126936838, 0.9447324126936838, 0.9447324126936838, 0.9447324126936838, 0.9447324126936838, 0.9447324126936838, 0.9447324126936838, 0.9447324126936838, 0.9447324126936838, 0.9447324126936838, 0.9447324126936838, 0.9447324126936838, 0.9447324126936838], "times_days": [1.5516889760224777, 2.637663723937652, 3.0408824852006924, 3.1305782480927022, 5.02617450377392, 6.474458675342634, 7.641766035498461, 8.204461644330333, 11.838147540713393, 11.931400144781216, 12.684766797957074, 13.5787190411282, 13.600305108337281, 14.694169791475534, 18.458671712118704, 18.591715474448932, 18.802573458056642, 19.96458273786982, 21.633564845495535, 25.311856959249273, 25.48066562055252, 28.38273391397772, 29.17956712782766, 31.19709771837745, 31.788014852603006, 32.480044541501755, 33.92518013262158, 39.52942721010992, 42.266227809550294, 42.9426502953495, 43.11135597587348, 44.46439216500176, 45.903542180679516, 47.017132547991366, 47.108363716866165, 50.48190929548035, 50.90989803609749, 54.04978968779682, 54.39119582830303, 55.30168130393521, 57.17589719256832, 60.94169543451476, 61.63286551144496, 61.908848149268735, 63.534120644245775, 64.11528841980407, 72.45225852708096, 73.75441112552174, 75.09064242464358, 77.77102712235214, 79.74253472232058, 82.37300397079669, 82.87745693611899, 83.30987407206248, 85.33960155332056, 87.18919549940769, 90.18507329170528, 91.61218568681039]}, "task_id": "seed11_diff6", "truth_difficulty": 6}