{"config": {"engine": "rebound", "instruments": [{"gamma_ms": 0.0, "label": "instA", "sigma_jitter_ms": 0.32679726670852427, "sigma_white_ms": 0.7831853388170473}], "integrator_preference": "whfast", "los_axis": "x", "metadata": {}, "noise": {"gp": {"Q0": 1.0, "dQ": 0.1, "f": 0.5, "period_days": 25.0, "sigma_ms": 0.0, "use_gp": false}, "sigma_jitter_ms": 0.32679726670852427, "sigma_white_ms": 0.7831853388170473}, "planets": [{"Omega_rad": 3.0094287042417807, "P_days": 9.875835911658266, "e": 0.5792122124060767, "inc_rad": 1.4636377651727346, "l_rad": 1.6156912475075011, "m_sin_i_mjup": 0.3776572893443705, "m_true_mjup": null, "omega_rad": 1.5164602518523516}], "schedule": {"instruments": ["instA", "instA", "instA", "instA", "instA", "instA", "instA", "instA", "instA", "instA", "instA", "instA", "instA", "instA", "instA", "instA", "instA", "instA", "instA", "instA", "instA", "instA", "instA", "instA", "instA", "instA", "instA", "instA", "instA", "instA", "instA", "instA", "instA", "instA", "instA", "instA", "instA", "instA", "instA", "instA", "instA", "instA", "instA", "instA", "instA"], "times_days": [0.4398562644024032, 1.3586083536175328, 2.5189944431090923, 2.8032453063190115, 3.113138642545129, 3.5117921295836636, 3.936890317147963, 4.758514342108738, 4.841799497195013, 5.081174497166158, 5.846384579473174, 6.325820638026746, 6.7076562035780425, 6.739756631060875, 7.459884403109439, 8.353385875013073, 8.630648525437026, 9.588635235073216, 9.734027269465951, 9.769719275281929, 9.829290562439216, 10.250301854811822, 10.308642610771347, 10.344232307873067, 11.086382124272875, 11.476849269543987, 11.85386995810486, 12.061263261163294, 12.553646679963409, 13.164037936874907, 15.487517019809298, 15.837929097556584, 15.918088773075612, 16.16439065585591, 16.954097739694372, 18.8446355031456, 18.873801413704324, 20.66780525424446, 21.33035888227781, 22.72465326628865, 22.799918785493492, 23.886578667100135, 25.059198216370746, 25.876447996108226, 25.915677835090364]}, "star": {"M_star_sun": 1.2923661060027554, "gamma_ms": 0.0}}, "difficulty_details": {"coverage_inner_periods": 2.5796116701993967, "gp_used": false, "minK_ms": 36.98982689277237, "n_obs": 45, "n_planets": 1, "raw_score": 4, "resonances_detected": 0, "snr_like": 33.32469059301867}, "meta": {"noise": {"gp": {"Q0": 1.0, "dQ": 0.1, "f": 0.5, "period_days": 25.0, "sigma_ms": 0.0, "use_gp": false}, "sigma_jitter_ms": 0.32679726670852427, "sigma_white_ms": 0.7831853388170473}, "seed": 8, "source_generated_task_id": "511e54d8-3061-5351-90d6-589a94bcf6a1", "source_seed": 8}, "observations": {"instruments": ["instA", "instA", "instA", "instA", "instA", "instA", "instA", "instA", "instA", "instA", "instA", "instA", "instA", "instA", "instA", "instA", "instA", "instA", "instA", "instA", "instA", "instA", "instA", "instA", "instA", "instA", "instA", "instA", "instA", "instA", "instA", "instA", "instA", "instA", "instA", "instA", "instA", "instA", "instA", "instA", "instA", "instA", "instA", "instA", "instA"], "rvs_ms": [23.35147188816835, 2.1846112149592236, -8.737333329610884, -9.4011329015571, -9.793883791604285, -10.795917408810805, -13.067500162913685, -11.915838679793643, -12.328683994214064, -12.402014415271067, -11.724794079875373, -10.563442621612953, -11.282874690291266, -8.322740692324674, -7.1725683278155525, 0.30267788478086755, 7.157825236107495, 44.884691237583915, 45.43279201652564, 46.957934104093596, 45.908625198419045, 25.48842494421881, 21.59149383544679, 21.166476611107225, 4.073455301483553, -2.5135990998716293, -6.2822178156674084, -7.465172043104465, -8.683566013138643, -10.564003950677682, -11.126623245176788, -10.587002301163833, -12.08891105460824, -10.9632489634943, -9.34559678909623, 16.55705574136085, 16.54164372100716, 7.52331484190732, 0.2092848896421886, -9.671497832586114, -9.375055325176536, -9.736506185849539, -11.436218906728858, -11.250537733794916, -11.03451140265669], "sigmas_ms": [0.7831853388170473, 0.7831853388170473, 0.7831853388170473, 0.7831853388170473, 0.7831853388170473, 0.7831853388170473, 0.7831853388170473, 0.7831853388170473, 0.7831853388170473, 0.7831853388170473, 0.7831853388170473, 0.7831853388170473, 0.7831853388170473, 0.7831853388170473, 0.7831853388170473, 0.7831853388170473, 0.7831853388170473, 0.7831853388170473, 0.7831853388170473, 0.7831853388170473, 0.7831853388170473, 0.7831853388170473, 0.7831853388170473, 0.7831853388170473, 0.7831853388170473, 0.7831853388170473, 0.7831853388170473, 0.7831853388170473, 0.7831853388170473, 0.7831853388170473, 0.7831853388170473, 0.7831853388170473, 0.7831853388170473, 0.7831853388170473, 0.7831853388170473, 0.7831853388170473, 0.7831853388170473, 0.7831853388170473, 0.7831853388170473, 0.7831853388170473, 0.7831853388170473, 0.7831853388170473, 0.7831853388170473, 0.7831853388170473, 0.7831853388170473], "times_days": [0.4398562644024032, 1.3586083536175328, 2.5189944431090923, 2.8032453063190115, 3.113138642545129, 3.5117921295836636, 3.936890317147963, 4.758514342108738, 4.841799497195013, 5.081174497166158, 5.846384579473174, 6.325820638026746, 6.7076562035780425, 6.739756631060875, 7.459884403109439, 8.353385875013073, 8.630648525437026, 9.588635235073216, 9.734027269465951, 9.769719275281929, 9.829290562439216, 10.250301854811822, 10.308642610771347, 10.344232307873067, 11.086382124272875, 11.476849269543987, 11.85386995810486, 12.061263261163294, 12.553646679963409, 13.164037936874907, 15.487517019809298, 15.837929097556584, 15.918088773075612, 16.16439065585591, 16.954097739694372, 18.8446355031456, 18.873801413704324, 20.66780525424446, 21.33035888227781, 22.72465326628865, 22.799918785493492, 23.886578667100135, 25.059198216370746, 25.876447996108226, 25.915677835090364]}, "task_id": "seed8_diff4", "truth_difficulty": 4}