{"config": {"engine": "rebound", "instruments": [{"gamma_ms": 0.0, "label": "instA", "sigma_jitter_ms": 0.6414065845214987, "sigma_white_ms": 0.8962239202276567}], "integrator_preference": "whfast", "los_axis": "x", "metadata": {}, "noise": {"gp": {"Q0": 1.0, "dQ": 0.1, "f": 0.5, "period_days": 25.0, "sigma_ms": 0.0, "use_gp": false}, "sigma_jitter_ms": 0.6414065845214987, "sigma_white_ms": 0.8962239202276567}, "planets": [{"Omega_rad": 1.635168462854046, "P_days": 2.571700697479127, "e": 0.6610050555298865, "inc_rad": 0.8839003198497812, "l_rad": 0.3739420209753506, "m_sin_i_mjup": 0.13399020306716108, "m_true_mjup": null, "omega_rad": 2.9233337031609197}], "schedule": {"instruments": ["instA", "instA", "instA", "instA", "instA", "instA", "instA", "instA", "instA", "instA", "instA", "instA", "instA", "instA", "instA", "instA", "instA", "instA", "instA", "instA", "instA", "instA", "instA", "instA", "instA", "instA", "instA", "instA", "instA", "instA", "instA", "instA", "instA", "instA", "instA", "instA", "instA", "instA", "instA", "instA", "instA", "instA", "instA", "instA", "instA", "instA", "instA", "instA", "instA", "instA", "instA", "instA", "instA", "instA", "instA", "instA", "instA", "instA", "instA", "instA", "instA", "instA", "instA", "instA", "instA", "instA", "instA", "instA", "instA", "instA", "instA", "instA", "instA", "instA", "instA", "instA", "instA", "instA", "instA", "instA"], "times_days": [0.02170636353947895, 0.04524447311009128, 0.08539967604793874, 0.09450388795277745, 0.2458149706144236, 0.25255554302662236, 0.26355300917365376, 0.2765286812445368, 0.3080366997102553, 0.32247272336936816, 0.32377015654984265, 0.36535865886076, 0.4746001147908924, 0.5508731310237512, 0.7795949373986716, 0.8424821066839542, 0.9118308650221045, 0.9911863610423155, 1.0546732310244078, 1.0979686165087201, 1.1117692283962848, 1.167266564231923, 1.4012995687045116, 1.5495756949924, 1.597635256507172, 1.6910998875173624, 1.7108369743361045, 1.8187385215751042, 1.9271312582082378, 2.242465825756626, 2.290732734797134, 2.3574529564321294, 2.3680952858085753, 2.462656093560402, 2.5454532902520435, 2.546510308641335, 2.581897400817227, 2.5938974428500625, 2.595083985578471, 2.6334442175732646, 2.761524235286316, 2.8281113977961843, 2.8459895551351626, 2.856232306825279, 2.9000388234778613, 3.0688541759495394, 3.1412507389111997, 3.1432399521658967, 3.1649811656286815, 3.176740540727286, 3.357326212908748, 3.409583796412856, 3.45952975064677, 3.7402146268043284, 3.7899372086237326, 3.892962960561998, 3.9283604098847014, 4.011498796719144, 4.061345977269624, 4.249507650991837, 4.486846587710136, 4.579333651539215, 4.610338392920141, 4.676362399992628, 4.711403588231482, 4.751648322531182, 4.766764151947838, 4.784014124265939, 5.044109518305655, 5.087563325900814, 5.213311259396114, 5.2153760649896395, 5.290026927171103, 5.576899534467854, 5.65635188679218, 5.667806497013651, 5.721276631401372, 5.9245229886572925, 6.019588641771901, 6.063982910796848]}, "star": {"M_star_sun": 1.0839437249598025, "gamma_ms": 0.0}}, "difficulty_details": {"coverage_inner_periods": 2.349525570055732, "gp_used": false, "minK_ms": 25.10330437967906, "n_obs": 80, "n_planets": 1, "raw_score": 2, "resonances_detected": 0, "snr_like": 16.325966675442835}, "meta": {"noise": {"gp": {"Q0": 1.0, "dQ": 0.1, "f": 0.5, "period_days": 25.0, "sigma_ms": 0.0, "use_gp": false}, "sigma_jitter_ms": 0.6414065845214987, "sigma_white_ms": 0.8962239202276567}, "seed": 1508, "source_generated_task_id": "678260ec-7ed6-538e-9cf2-d6861e59c87f", "source_seed": 1508}, "observations": {"instruments": ["instA", "instA", "instA", "instA", "instA", "instA", "instA", "instA", "instA", "instA", "instA", "instA", "instA", "instA", "instA", "instA", "instA", "instA", "instA", "instA", "instA", "instA", "instA", "instA", "instA", "instA", "instA", "instA", "instA", "instA", "instA", "instA", "instA", "instA", "instA", "instA", "instA", "instA", "instA", "instA", "instA", "instA", "instA", "instA", "instA", "instA", "instA", "instA", "instA", "instA", "instA", "instA", "instA", "instA", "instA", "instA", "instA", "instA", "instA", "instA", "instA", "instA", "instA", "instA", "instA", "instA", "instA", "instA", "instA", "instA", "instA", "instA", "instA", "instA", "instA", "instA", "instA", "instA", "instA", "instA"], "rvs_ms": [2.388685219466593, 5.352298683451153, 4.529493982970113, 4.8053711778056325, 10.197450922184773, 8.269902232067903, 9.087280799963139, 9.007037761109041, 9.471882120890578, 11.348404132425689, 11.667344706038604, 11.031431224240686, 14.577477409096481, 20.44468122115432, 29.532257241141075, 32.19585967589317, 39.138304858478875, 33.26314554051438, 5.820513030079342, -13.713760356498208, -16.30782057760588, -26.47789246812792, -23.723599175931856, -18.770358043945325, -18.319804347994083, -16.493342330639987, -16.815252079795208, -13.900692499665173, -9.616766214529857, -4.21366335802238, -2.659010248859157, -2.8691205669489346, -2.9186227666873643, -0.6675933836360811, 2.1566485066425582, 2.8560633823184824, 3.5124987893950106, 6.508101473361286, 3.6220909740273197, 3.6466988729103313, 7.844273382864644, 9.06712424285957, 7.18900724913951, 10.035666317188337, 11.611498806421148, 16.305647928743355, 20.086054889900954, 19.00434806355542, 19.19853137262359, 21.907772266629824, 30.335894085412914, 32.23987545766304, 34.89628873305201, -26.011033843068592, -27.92030227816854, -26.475035533806917, -24.826221179491814, -23.93719332892888, -19.99957499556064, -17.029340358923715, -10.922535733472978, -9.803182017807103, -7.7838737232446435, -6.572510665945401, -6.875472024093397, -7.117041574364453, -4.37387376078837, -2.519063634980655, 1.0633937325278908, 0.5972821093696785, 5.694026986229014, 5.024387687630704, 5.9150175250583175, 14.996365702451726, 18.49849976355606, 17.846714068346145, 18.801593320958492, 30.79999658863843, 32.81220827367942, 38.632942347005255], "sigmas_ms": [0.8962239202276567, 0.8962239202276567, 0.8962239202276567, 0.8962239202276567, 0.8962239202276567, 0.8962239202276567, 0.8962239202276567, 0.8962239202276567, 0.8962239202276567, 0.8962239202276567, 0.8962239202276567, 0.8962239202276567, 0.8962239202276567, 0.8962239202276567, 0.8962239202276567, 0.8962239202276567, 0.8962239202276567, 0.8962239202276567, 0.8962239202276567, 0.8962239202276567, 0.8962239202276567, 0.8962239202276567, 0.8962239202276567, 0.8962239202276567, 0.8962239202276567, 0.8962239202276567, 0.8962239202276567, 0.8962239202276567, 0.8962239202276567, 0.8962239202276567, 0.8962239202276567, 0.8962239202276567, 0.8962239202276567, 0.8962239202276567, 0.8962239202276567, 0.8962239202276567, 0.8962239202276567, 0.8962239202276567, 0.8962239202276567, 0.8962239202276567, 0.8962239202276567, 0.8962239202276567, 0.8962239202276567, 0.8962239202276567, 0.8962239202276567, 0.8962239202276567, 0.8962239202276567, 0.8962239202276567, 0.8962239202276567, 0.8962239202276567, 0.8962239202276567, 0.8962239202276567, 0.8962239202276567, 0.8962239202276567, 0.8962239202276567, 0.8962239202276567, 0.8962239202276567, 0.8962239202276567, 0.8962239202276567, 0.8962239202276567, 0.8962239202276567, 0.8962239202276567, 0.8962239202276567, 0.8962239202276567, 0.8962239202276567, 0.8962239202276567, 0.8962239202276567, 0.8962239202276567, 0.8962239202276567, 0.8962239202276567, 0.8962239202276567, 0.8962239202276567, 0.8962239202276567, 0.8962239202276567, 0.8962239202276567, 0.8962239202276567, 0.8962239202276567, 0.8962239202276567, 0.8962239202276567, 0.8962239202276567],