{
  "config": {
    "engine": "rebound",
    "instruments": [
      {
        "gamma_ms": 0.0,
        "label": "instA",
        "sigma_jitter_ms": 0.13718018458153944,
        "sigma_white_ms": 0.9617621886108579
      }
    ],
    "integrator_preference": "whfast",
    "los_axis": "x",
    "metadata": {},
    "noise": {
      "gp": {
        "Q0": 0.6191344414185604,
        "dQ": 0.0696549502393936,
        "f": 0.7019911885948801,
        "period_days": 22.725992230906627,
        "sigma_ms": 0.973945082671588,
        "use_gp": true
      },
      "sigma_jitter_ms": 0.13718018458153944,
      "sigma_white_ms": 0.9617621886108579
    },
    "planets": [
      {
        "Omega_rad": 1.415759973795566,
        "P_days": 5.677818849913498,
        "e": 0.010553602852027878,
        "inc_rad": 0.6786762586131504,
        "l_rad": 1.6044148900745099,
        "m_sin_i_mjup": 0.04485071542697427,
        "m_true_mjup": null,
        "omega_rad": 5.405203866204491
      },
      {
        "Omega_rad": 3.026214880012633,
        "P_days": 129.35874319728697,
        "e": 0.044593414865930166,
        "inc_rad": 1.1245855742057242,
        "l_rad": 3.5525640671264886,
        "m_sin_i_mjup": 0.02178875762045022,
        "m_true_mjup": null,
        "omega_rad": 3.754841854362732
      }
    ],
    "schedule": {
      "instruments": [
        "instA",
        "instA",
        "instA",
        "instA",
        "instA",
        "instA",
        "instA",
        "instA",
        "instA",
        "instA",
        "instA",
        "instA",
        "instA",
        "instA",
        "instA",
        "instA",
        "instA",
        "instA",
        "instA",
        "instA",
        "instA",
        "instA",
        "instA",
        "instA",
        "instA",
        "instA",
        "instA",
        "instA",
        "instA",
        "instA",
        "instA",
        "instA",
        "instA",
        "instA",
        "instA",
        "instA",
        "instA",
        "instA",
        "instA",
        "instA",
        "instA",
        "instA",
        "instA",
        "instA",
        "instA",
        "instA",
        "instA",
        "instA",
        "instA",
        "instA",
        "instA",
        "instA",
        "instA",
        "instA",
        "instA",
        "instA",
        "instA",
        "instA",
        "instA",
        "instA",
        "instA",
        "instA",
        "instA",
        "instA",
        "instA",
        "instA",
        "instA",
        "instA",
        "instA",
        "instA",
        "instA",
        "instA",
        "instA",
        "instA",
        "instA"
      ],
      "times_days": [
        0.3920486568535694,
        0.8582487352569818,
        1.2225897805253931,
        1.2720122267350025,
        1.3526568652774142,
        1.7143734409067424,
        1.9983739913887821,
        2.4565466042682376,
        2.519101833620978,
        2.659093897570332,
        3.2450434561332,
        3.9957800200742652,
        4.323594740932755,
        4.561158503991277,
        4.899728703590278,
        5.132380090702398,
        5.287394187585065,
        5.431571900958428,
        6.056207644673454,
        6.253154698796738,
        6.367190854961078,
        6.745188107293043,
        7.194307945900465,
        7.495570497046813,
        7.867204965741795,
        8.08929609053765,
        8.280694159929423,
        8.777231795483427,
        8.892316607294898,
        9.059567393150715,
        9.06084377424352,
        9.241769072675027,
        10.47292748960953,
        10.849188846804273,
        11.405176465600558,
        11.46692574662457,
        11.54698446992163,
        11.607003520457505,
        11.610799063025594,
        11.623614309446582,
        11.649973668772835,
        11.726497879623935,
        12.141722243311992,
        12.682221913607549,
        12.973531691088768,
        13.357424224946081,
        13.399810509881378,
        14.121455638940494,
        14.346190149562505,
        14.399764388226904,
        14.438941802181176,
        14.591589472939464,
        14.831518838045099,
        14.936213012909212,
        14.944273419400917,
        15.199315782779161,
        15.282947399241797,
        15.505700523512273,
        15.780187296997225,
        15.902088655724357,
        16.165007296590197,
        16.18615632722291,
        16.434536597934635,
        16.496317874503855,
        16.50697253923476,
        16.799622454715927,
        16.930219726491075,
        16.98167734355838,
        17.256059104609168,
        17.487399899137916,
        17.994636186136127,
        18.7054323052111,
        18.866195960736402,
        18.89463142175681,
        18.954686008395434
      ]
    },
    "star": {
      "M_star_sun": 1.1176752595120911,
      "gamma_ms": 0.0
    }
  },
  "difficulty_details": {
    "coverage_inner_periods": 3.2693253945262217,
    "gp_used": true,
    "minK_ms": 0.8138422940210726,
    "n_obs": 75,
    "n_planets": 2,
    "raw_score": 9,
    "resonances_detected": 0,
    "snr_like": 0.7405686720923165
  },
  "meta": {
    "noise": {
      "gp": {
        "Q0": 0.6191344414185604,
        "dQ": 0.0696549502393936,
        "f": 0.7019911885948801,
        "period_days": 22.725992230906627,
        "sigma_ms": 0.973945082671588,
        "use_gp": true
      },
      "sigma_jitter_ms": 0.13718018458153944,
      "sigma_white_ms": 0.9617621886108579
    },
    "seed": 500003,
    "source_generated_task_id": "f3bdc163-6253-5d6b-9d47-81fe7c7f3b20",
    "source_seed": 500003
  },
  "observations": {
    "instruments": [
      "instA",
      "instA",
      "instA",
      "instA",
      "instA",
      "instA",
      "instA",
      "instA",
      "instA",
      "instA",
      "instA",
      "instA",
      "instA",
      "instA",
      "instA",
      "instA",
      "instA",
      "instA",
      "instA",
      "instA",
      "instA",
      "instA",
      "instA",
      "instA",
      "instA",
      "instA",
      "instA",
      "instA",
      "instA",
      "instA",
      "instA",
      "instA",
      "instA",
      "instA",
      "instA",
      "instA",
      "instA",
      "instA",
      "instA",
      "instA",
      "instA",
      "instA",
      "instA",
      "instA",
      "instA",
      "instA",
      "instA",
      "instA",
      "instA",
      "instA",
      "instA",
      "instA",
      "instA",
      "instA",
      "instA",
      "instA",
      "instA",
      "instA",
      "instA",
      "instA",
      "instA",
      "instA",
      "instA",
      "instA",
      "instA",
      "instA",
      "instA",
      "instA",
      "instA",
      "instA",
      "instA",
      "instA",
      "instA",
      "instA",
      "instA"
    ],