{"config": {"engine": "rebound", "instruments": [{"gamma_ms": 0.0, "label": "instA", "sigma_jitter_ms": 0.032071416633459505, "sigma_white_ms": 1.3241741144323358}], "integrator_preference": "whfast", "los_axis": "x", "metadata": {}, "noise": {"gp": {"Q0": 1.0, "dQ": 0.1, "f": 0.5, "period_days": 25.0, "sigma_ms": 0.0, "use_gp": false}, "sigma_jitter_ms": 0.032071416633459505, "sigma_white_ms": 1.3241741144323358}, "planets": [{"Omega_rad": 5.8120528527749125, "P_days": 6.761128340706888, "e": 0.3000553185574372, "inc_rad": 1.0162329665533119, "l_rad": 1.6967710971893228, "m_sin_i_mjup": 0.026112047748811304, "m_true_mjup": null, "omega_rad": 3.357080724516387}], "schedule": {"instruments": ["instA", "instA", "instA", "instA", "instA", "instA", "instA", "instA", "instA", "instA", "instA", "instA", "instA", "instA", "instA", "instA", "instA", "instA", "instA", "instA", "instA", "instA", "instA", "instA", "instA", "instA", "instA", "instA", "instA", "instA", "instA", "instA", "instA", "instA", "instA", "instA", "instA", "instA", "instA", "instA", "instA", "instA", "instA", "instA", "instA", "instA", "instA", "instA", "instA", "instA", "instA", "instA", "instA", "instA", "instA", "instA", "instA", "instA", "instA", "instA", "instA", "instA", "instA", "instA", "instA", "instA", "instA", "instA", "instA", "instA", "instA", "instA", "instA", "instA", "instA", "instA", "instA"], "times_days": [0.15300994556742567, 0.6443054348431198, 0.9897943030545702, 1.2641302626648527, 1.2792233172915135, 1.4687434729136695, 1.6245690847723262, 2.196438055122414, 2.381658963614766, 2.434216619079583, 2.442443747763397, 2.451226916675626, 2.4882532059264943, 2.726130532863521, 2.8647398721626653, 3.565459908367413, 3.6561506313823386, 3.689207636840507, 3.8149631050273127, 3.8623081027124795, 3.9792602584381287, 4.302911612356296, 4.617664953366154, 4.780090583389204, 4.821657433240423, 5.153876450371602, 5.404628241395276, 5.62896537786276, 5.862229457946309, 5.969057673974774, 6.293174370674674, 6.481299256808044, 6.9280019295154025, 7.468763002338847, 7.666649873502275, 7.966600496735569, 8.197682857615531, 8.350158515542265, 8.375158042081754, 8.673924567427477, 9.28580024918335, 9.320744918874711, 9.32455305931561, 9.457463051745792, 9.83105247637093, 9.911107232673348, 11.281060085922846, 11.609813351742368, 12.06911067657994, 12.08919745192665, 12.770666108497387, 13.258672648794004, 13.260572782505337, 13.55365615636682, 13.602292098453585, 14.172475037628073, 14.413769816960924, 14.54110022320387, 14.928025588566237, 14.945841986248672, 14.971560126190255, 15.06607488627851, 15.252657821087112, 15.471066611387542, 15.573753089648159, 15.621817532874724, 15.658605026842832, 16.28645200241321, 16.37353391847046, 16.385188787654005, 16.55425139343537, 16.559537980650823, 16.59551903897921, 16.681683254712667, 16.82542763570365, 17.030818152355945, 17.51430924388848]}, "star": {"M_star_sun": 1.2279001655384625, "gamma_ms": 0.0}}, "difficulty_details": {"coverage_inner_periods": 2.567810936791935, "gp_used": false, "minK_ms": 2.5658481853284316, "n_obs": 77, "n_planets": 1, "raw_score": 5, "resonances_detected": 0, "snr_like": 1.8918758635923978}, "meta": {"noise": {"gp": {"Q0": 1.0, "dQ": 0.1, "f": 0.5, "period_days": 25.0, "sigma_ms": 0.0, "use_gp": false}, "sigma_jitter_ms": 0.032071416633459505, "sigma_white_ms": 1.3241741144323358}, "seed": 58, "source_generated_task_id": "40d9ad28-4026-56c2-9688-43e17ae4d688", "source_seed": 58}, "observations": {"instruments": ["instA", "instA", "instA", "instA", "instA", "instA", "instA", "instA", "instA", "instA", "instA", "instA", "instA", "instA", "instA", "instA", "instA", "instA", "instA", "instA", "instA", "instA", "instA", "instA", "instA", "instA", "instA", "instA", "instA", "instA", "instA", "instA", "instA", "instA", "instA", "instA", "instA", "instA", "instA", "instA", "instA", "instA", "instA", "instA", "instA", "instA", "instA", "instA", "instA", "instA", "instA", "instA", "instA", "instA", "instA", "instA", "instA", "instA", "instA", "instA", "instA", "instA", "instA", "instA", "instA", "instA", "instA", "instA", "instA", "instA", "instA", "instA", "instA", "instA", "instA", "instA", "instA"], "rvs_ms": [1.1286800641184702, 2.696622401999513, 2.4583069935929567, 0.5508160512131364, 0.799359139233152, 0.6589693471308532, 1.3881412317893296, -4.3938126962415005, -3.2823313742236406, 0.019572704257700302, -3.631396824408659, -4.71365926538348, -2.3948844514832888, -3.0275170589989173, -1.8239891310017697, -1.7582600213757014, -2.168234418976369, -0.7640977046235751, -2.322731239196356, -2.5240810150006503, -3.4288573274815146, 0.41456561117182034, -2.4108028442729608, -0.2254410261858826, 1.9522047793695443, 0.7147504838859532, -0.0673062553970134, 3.11625712758689, 3.8731886167411727, 0.004169020306587612, 0.42143478855347594, -1.3737175675169375, 2.2121742901406236, 1.0304479531102118, 3.585754159183799, 0.5326997100564297, 1.740106621728825, 1.9264279178589772, -0.3286900858031763, 1.5718015069141231, -4.779385884025992, -1.9716925435215298, -4.615824249233696, -1.759304724203866, -0.23899860032090858, -2.9186701768911436, 0.688892036942252, 1.5156316451672498, -0.06621321441931971, 1.5033026634399373, 1.7257489715698033, 2.3055183025147117, 2.96334446688753, 0.9873375406800591, 2.5056395247118, 1.6590918259683356, 1.478963218793378, 1.7720985700810639, 2.0851044117834348, 1.0630166108958254, 2.097162235876447, -0.6925054538257176, 0.9986324360700185, -2.114066390121395, -3.6285904023110525, -2.995730522609955, -1.6329274462211643, -4.141350471585403, -2.0291224839635595, -4.5575665954393205, -4.65807263710062, -2.3864352172543066, -2.3277025225284067, -1.0689795795424357, -3.060858919047424, -1.1011102996575368, -2.8699395776106904], "sigmas_ms": [1.3241741144323358, 1.3241741144323358, 1.3241741144323358, 1.3241741144323358, 1.3241741144323358, 1.3241741144323358, 1.3241741144323358, 1.3241741144323358, 1.3241741144323358, 1.3241741144323358, 1.3241741144323358, 1.3241741144323358, 1.3241741144323358, 1.3241741144323358, 1.3241741144323358, 1.3241741144323358, 1.3241741144323358, 1.3241741144323358, 1.3241741144323358, 1.3241741144323358, 1.3241741144323358, 1.3241741144323358, 1.3241741144323358, 1.3241741144323358, 1.3241741144323358, 1.3241741144323358, 1.3241741144323358, 1.3241741144323358, 1.3241741144323358, 1.3241741144323358, 1.3241741144323358, 1.3241741144323358, 1.3241741144323358, 1.3241741144323358, 1.3241741144323358, 1.3241741144323358, 1.3241741144323358, 1.3241741144323358, 1.3241741144323358, 1.3241741144323358, 1.3241741144323358, 1.3241741144323358, 1.3241741144323358, 1.3241741144323358, 1.3241741144323358, 1.3241741144323358, 1.3241741144323358, 1.3241741144323358, 1.3241741144323358, 1.3241741144323358, 1.3241741144323358, 1.3241741144323358, 1.3241741144323358, 1.3241741144323358, 1.3241741144323358, 1.3241741144323358, 1.3241741144323358, 1.3241741144323358, 1.3241741144323358, 1.3241741144323358, 1.3241741144323358, 1.3241741144323358, 1.3241741144323358, 1.3241741144323358, 1.3241741144323358, 1.3241741144323358, 1.3241741144323358, 1.3241741144323358, 1.3241741144323358, 1.3241741144323358, 1.3241741144323358, 1.3241741144323358, 1.3241741144323358, 1.3241741144323358, 1.3241741144323358, 1.3241741144323358, 1.3241741144323358],