{"config": {"engine": "rebound", "instruments": [{"gamma_ms": 0.0, "label": "instA", "sigma_jitter_ms": 0.6701091929248891, "sigma_white_ms": 2.1568754009193585}], "integrator_preference": "whfast", "los_axis": "x", "metadata": {}, "noise": {"gp": {"Q0": 2.8637515946943797, "dQ": 1.1187808665609522, "f": 0.7365461428762005, "period_days": 44.13691019005583, "sigma_ms": 0.7076712136118857, "use_gp": true}, "sigma_jitter_ms": 0.6701091929248891, "sigma_white_ms": 2.1568754009193585}, "planets": [{"Omega_rad": 0.9110285368422897, "P_days": 126.99939998629051, "e": 0.10753457886618625, "inc_rad": 0.36691505578307126, "l_rad": 0.8755706304852969, "m_sin_i_mjup": 0.44736892375197407, "m_true_mjup": null, "omega_rad": 4.684618627355123}, {"Omega_rad": 2.026167409578137, "P_days": 212.20110903216553, "e": 0.10187952556973287, "inc_rad": 1.0264789808787602, "l_rad": 3.8067620398686097, "m_sin_i_mjup": 0.6502157906344791, "m_true_mjup": null, "omega_rad": 1.7745821253041683}, {"Omega_rad": 0.8594715742269348, "P_days": 296.043877788982, "e": 0.6006218086615728, "inc_rad": 1.4208198224774495, "l_rad": 2.405358320221107, "m_sin_i_mjup": 0.04650813382296719, "m_true_mjup": null, "omega_rad": 1.5640163777242566}, {"Omega_rad": 2.7511828987678966, "P_days": 300.0, "e": 0.4934514959786403, "inc_rad": 1.0961550737587316, "l_rad": 2.3453197008450233, "m_sin_i_mjup": 0.1986818125005462, "m_true_mjup": null, "omega_rad": 3.607915524002728}], "schedule": {"instruments": ["instA", "instA", "instA", "instA", "instA", "instA", "instA", "instA", "instA", "instA", "instA", "instA", "instA", "instA", "instA", "instA", "instA", "instA", "instA", "instA", "instA", "instA", "instA", "instA", "instA", "instA", "instA", "instA", "instA", "instA", "instA", "instA", "instA", "instA", "instA", "instA", "instA", "instA", "instA", "instA", "instA", "instA", "instA", "instA", "instA", "instA", "instA", "instA", "instA", "instA", "instA", "instA", "instA", "instA", "instA", "instA", "instA", "instA", "instA", "instA", "instA"], "times_days": [56.957849689661344, 67.5278613323329, 67.9598707248294, 69.23285032638766, 72.03656694070594, 73.81223060993835, 74.1666559399188, 74.2326227340614, 76.72178578997101, 103.18091031339847, 112.33864483675796, 115.80449586516987, 123.66941970973383, 124.09399482549176, 130.1589686233186, 134.6509167804091, 140.31920943370372, 152.1854812360154, 160.21248328735868, 165.82155395041073, 168.03283739412925, 168.67883665360023, 185.4483946385162, 190.19574979678993, 211.40226812379555, 217.54068400551913, 223.93538495714805, 226.96885136075187, 227.0573254914271, 254.77265975615987, 257.2714747239983, 285.2839814020303, 286.05055703634326, 287.3892166528749, 298.27599351065686, 301.00711165736544, 314.8982877852429, 322.4768115337022, 337.1676999875713, 342.32854189715727, 366.987906369757, 370.42071646935074, 374.2570045579818, 381.1822833095693, 385.54981148471745, 395.3127289615467, 401.43278251916973, 410.04361701168096, 410.92350415036776, 411.58971685834695, 416.12017526079234, 418.19886111197405, 418.8039505253967, 423.9083532509943, 429.5539397209326, 432.18267478625563, 450.38350852854245, 463.7528491653084, 475.42197413077463, 481.83314755861915, 490.4251408789962]}, "star": {"M_star_sun": 0.8246090860474881, "gamma_ms": 0.0}}, "difficulty_details": {"coverage_inner_periods": 3.413144402541487, "gp_used": true, "minK_ms": 2.0172489715767603, "n_obs": 61, "n_planets": 4, "raw_score": 10, "resonances_detected": 1, "snr_like": 0.713569142176903}, "meta": {"noise": {"gp": {"Q0": 2.8637515946943797, "dQ": 1.1187808665609522, "f": 0.7365461428762005, "period_days": 44.13691019005583, "sigma_ms": 0.7076712136118857, "use_gp": true}, "sigma_jitter_ms": 0.6701091929248891, "sigma_white_ms": 2.1568754009193585}, "seed": 10, "source_generated_task_id": "165ebcf3-a934-5bbd-be96-2408337f66c8", "source_seed": 10}, "observations": {"instruments": ["instA", "instA", "instA", "instA", "instA", "instA", "instA", "instA", "instA", "instA", "instA", "instA", "instA", "instA", "instA", "instA", "instA", "instA", "instA", "instA", "instA", "instA", "instA", "instA", "instA", "instA", "instA", "instA", "instA", "instA", "instA", "instA", "instA", "instA", "instA", "instA", "instA", "instA", "instA", "instA", "instA", "instA", "instA", "instA", "instA", "instA", "instA", "instA", "instA", "instA", "instA", "instA", "instA", "instA", "instA", "instA", "instA", "instA", "instA", "instA", "instA"], "rvs_ms": [-45.944334813995816, -79.05972006738968, -75.7706233156924, -73.98338097318698, -83.52901198570927, -88.27836987047395, -81.93289908395748, -85.39555550218215, -80.37647371757434, -4.420247630652298, 28.449349970058368, 38.09981807971904, 62.96787705523312, 58.72006358455303, 69.2284014832122, 76.37063271007275, 81.8751574595409, 68.13639730150798, 51.37763518337057, 39.636098839664086, 34.64611570006379, 30.569085277253706, -23.626930808719745, -46.16850306947394, -74.52578908787189, -71.87354785587543, -62.55162013767366, -52.1253576532863, -54.509378851651064, 24.579372506729268, 26.08824877670936, 45.59799998725126, 46.47569720103963, 43.30931134196993, 32.26165113347359, 31.381110955334933, -4.70290378920569, -16.21952896391348, -28.884122248959574, -27.371943472230395, 6.112215094600337, 14.413304850281687, 22.92798384442834, 31.760589540805483, 40.14576035239765, 39.292867831866054, 29.367680552600337, 24.36690253444931, 21.908908636929826, 17.826834910933222, 11.701665874162671, 14.171152898483344, 9.604483222120821, -3.4265936554211867, -19.522725196349725, -22.3342815197503, -72.6492031727533, -78.1205337754089, -65.37262127813766, -47.82834813758776, -17.176983029072304], "sigmas_ms": [2.1568754009193585, 2.1568754009193585, 2.1568754009193585, 2.1568754009193585, 2.1568754009193585, 2.1568754009193585, 2.1568754009193585, 2.1568754009193585, 2.1568754009193585, 2.1568754009193585, 2.1568754009193585, 2.1568754009193585, 2.1568754009193585, 2.1568754009193585, 2.1568754009193585, 2.1568754009193585, 2.1568754009193585, 2.1568754009193585, 2.1568754009193585, 2.1568754009193585, 2.1568754009193585, 2.1568754009193585, 2.1568754009193585, 2.1568754009193585, 2.1568754009193585, 2.1568754009193585, 2.1568754009193585, 2.1568754009193585, 2.1568754009193585, 2.1568754009193585, 2.1568754009193585, 2.1568754009193585, 2.1568754009193585, 2.1568754009193585, 2.1568754009193585, 2.1568754009193585, 2.1568754009193585, 2.1568754009193585, 2.1568754009193585, 2.1568754009193585, 2.1568754009193585, 2.1568754009193585, 2.1568754009193585, 2.1568754009193585, 2.1568754009193585, 2.1568754009193585, 2.1568754009193585, 2.1568754009193585, 2.1568754009193585, 2.1568754009193585, 2.1568754009193585, 2.1568754009193585, 2.1568754009193585, 2.1568754009193585, 2.1568754009193585, 2.1568754009193585, 2.1568754009193585, 2.1568754009193585, 2.1568754009193585, 2.1568754009193585, 2.1568754009193585],