{"config": {"engine": "rebound", "instruments": [{"gamma_ms": 0.0, "label": "instA", "sigma_jitter_ms": 1.000575277606583, "sigma_white_ms": 2.0570517892720948}], "integrator_preference": "whfast", "los_axis": "x", "metadata": {}, "noise": {"gp": {"Q0": 1.0, "dQ": 0.1, "f": 0.5, "period_days": 25.0, "sigma_ms": 0.0, "use_gp": false}, "sigma_jitter_ms": 1.000575277606583, "sigma_white_ms": 2.0570517892720948}, "planets": [{"Omega_rad": 5.757595155935895, "P_days": 7.8885300173885184, "e": 0.06874022460424764, "inc_rad": 1.2538510796587639, "l_rad": 2.7427421808326473, "m_sin_i_mjup": 0.013185518373244245, "m_true_mjup": null, "omega_rad": 5.83127041793349}], "schedule": {"instruments": ["instA", "instA", "instA", "instA", "instA", "instA", "instA", "instA", "instA", "instA", "instA", "instA", "instA", "instA", "instA", "instA", "instA", "instA", "instA", "instA", "instA", "instA", "instA", "instA", "instA", "instA", "instA", "instA", "instA", "instA", "instA", "instA", "instA", "instA", "instA", "instA", "instA", "instA", "instA", "instA", "instA", "instA", "instA", "instA", "instA", "instA", "instA", "instA", "instA", "instA", "instA", "instA", "instA", "instA", "instA", "instA", "instA", "instA", "instA", "instA", "instA", "instA", "instA", "instA", "instA", "instA", "instA", "instA", "instA", "instA", "instA", "instA"], "times_days": [0.3457203690675832, 0.8262047132716256, 1.0170383945602304, 1.0746836811051677, 1.3456532812385187, 1.4062141980633096, 1.4298951554503472, 1.457411978654349, 2.0088611878696936, 2.149005848799032, 2.3029304922001095, 2.487684792141651, 2.6436314111059382, 2.8943823071846344, 3.191495803937035, 3.747148944513747, 3.7558461086074955, 4.886262483446306, 6.137262526471031, 6.959093050581522, 6.984235491760024, 8.255120683908922, 9.18096603235955, 9.647694561505743, 9.702420868543985, 9.782173821890314, 9.844975775813749, 9.90267167793511, 10.172442518842223, 10.301542577040397, 10.35005134074728, 10.713155713924529, 11.182988868827264, 11.26554019005119, 11.388248570294959, 11.390070381443117, 11.491907101683038, 11.713420922002218, 12.071940932115954, 12.087475044987169, 12.115700465710288, 12.178968530000512, 12.474312332535924, 13.008225930028388, 13.523036421463106, 13.742458503371077, 13.89646982107916, 14.294985401660137, 14.476363885029375, 14.49920888515162, 15.103496954312154, 15.213629451799454, 15.408284609995796, 15.99164172143867, 16.094101818266008, 16.168683386388555, 17.065725297572765, 17.41553896451421, 17.500971304784517, 18.312727364603, 18.542709014837538, 18.620041479565916, 19.043446753965465, 19.093170677222485, 20.534849029937007, 20.568778196727287, 20.74817791448657, 20.79761678998035, 20.883089868408575, 21.189950738564285, 21.304546125706242, 21.38248558015629]}, "star": {"M_star_sun": 1.2555216068900223, "gamma_ms": 0.0}}, "difficulty_details": {"coverage_inner_periods": 2.666753522483633, "gp_used": false, "minK_ms": 1.1594769493391088, "n_obs": 72, "n_planets": 1, "raw_score": 6, "resonances_detected": 0, "snr_like": 0.3792080996073663}, "meta": {"noise": {"gp": {"Q0": 1.0, "dQ": 0.1, "f": 0.5, "period_days": 25.0, "sigma_ms": 0.0, "use_gp": false}, "sigma_jitter_ms": 1.000575277606583, "sigma_white_ms": 2.0570517892720948}, "seed": 19, "source_generated_task_id": "928ee3fe-3c6b-5ffb-a714-32901e319da1", "source_seed": 19}, "observations": {"instruments": ["instA", "instA", "instA", "instA", "instA", "instA", "instA", "instA", "instA", "instA", "instA", "instA", "instA", "instA", "instA", "instA", "instA", "instA", "instA", "instA", "instA", "instA", "instA", "instA", "instA", "instA", "instA", "instA", "instA", "instA", "instA", "instA", "instA", "instA", "instA", "instA", "instA", "instA", "instA", "instA", "instA", "instA", "instA", "instA", "instA", "instA", "instA", "instA", "instA", "instA", "instA", "instA", "instA", "instA", "instA", "instA", "instA", "instA", "instA", "instA", "instA", "instA", "instA", "instA", "instA", "instA", "instA", "instA", "instA", "instA", "instA", "instA"], "rvs_ms": [-2.6460775538042687, -2.56118780804567, 0.2849802308800297, 0.23323446204957604, -2.3254223065353647, 2.080524991265366, -0.4934176554811195, -2.705407874675614, -1.856694664766632, -1.4516397051806917, -4.628483611845507, -2.996441151605839, -5.22789565837594, -1.7112129320675575, 0.4831542976438753, -3.465956410863682, 0.21971162266811683, -2.1812430447285633, 0.6663843279474987, -0.32569610354976775, -1.9287600212417284, -1.2137222511461094, -3.4316724863681642, -0.22465264790885986, -0.8159210931249189, 1.788887047884868, -4.327977811340925, 1.4980811267339809, -1.252284305299272, -0.16141665483447531, -1.5229168816934644, 2.4805783621755477, 2.3100644412918596, 1.6355768157929775, -0.1297104191534243, -6.069606199952891, 0.6286659603301612, -0.5311441645192161, -0.42513068079114996, 0.8904333097051942, 2.653788162348379, 0.5964942810994934, -0.8016613650906863, -1.0834158493813262, 1.802668219442126, 3.5265142489922923, 2.2882146674474235, 2.067472168462464, -0.048669075492523195, -1.850062865200266, 2.8960923802278224, 2.058720033727141, -3.625035466380414, -1.4857016716666311, 2.3698326388253745, 2.466226307032242, -2.0919615839677963, 4.319832663320688, 2.3275597352971755, 1.0920694587139355, -1.3626744147280923, -4.236082424016299, 0.9770639018610665, 3.2210134869261444, 2.508592454938083, -2.0189637265848566, 3.1946652396308193, -0.8945589996436328, -4.341580713979088, 1.5976659812644494, -5.283371106553494, 1.2047063767413988], "sigmas_ms": [2.0570517892720948, 2.0570517892720948, 2.0570517892720948, 2.0570517892720948, 2.0570517892720948, 2.0570517892720948, 2.0570517892720948, 2.0570517892720948, 2.0570517892720948, 2.0570517892720948, 2.0570517892720948, 2.0570517892720948, 2.0570517892720948, 2.0570517892720948, 2.0570517892720948, 2.0570517892720948, 2.0570517892720948, 2.0570517892720948, 2.0570517892720948, 2.0570517892720948, 2.0570517892720948, 2.0570517892720948, 2.0570517892720948, 2.0570517892720948, 2.0570517892720948, 2.0570517892720948, 2.0570517892720948, 2.0570517892720948, 2.0570517892720948, 2.0570517892720948, 2.0570517892720948, 2.0570517892720948, 2.0570517892720948, 2.0570517892720948, 2.0570517892720948, 2.0570517892720948, 2.0570517892720948, 2.0570517892720948, 2.0570517892720948, 2.0570517892720948, 2.0570517892720948, 2.0570517892720948, 2.0570517892720948, 2.0570517892720948, 2.0570517892720948, 2.0570517892720948, 2.0570517892720948, 2.0570517892720948, 2.0570517892720948, 2.0570517892720948, 2.0570517892720948, 2.0570517892720948, 2.0570517892720948, 2.0570517892720948, 2.0570517892720948, 2.0570517892720948, 2.0570517892720948, 2.0570517892720948, 2.0570517892720948, 2.0570517892720948, 2.0570517892720948, 2.0570517892720948, 2.0570517892720948, 2.0570517892720948, 2.0570517892720948, 2.0570517892720948, 2.0570517892720948, 2.0570517892720948, 2.0570517892720948, 2.0570517892720948, 2.0570517892720948, 2.0570517892720948],