{"config": {"engine": "rebound", "instruments": [{"gamma_ms": 0.0, "label": "instA", "sigma_jitter_ms": 0.11312168857634716, "sigma_white_ms": 2.7992705312856496}], "integrator_preference": "whfast", "los_axis": "x", "metadata": {}, "noise": {"gp": {"Q0": 3.9740060540719893, "dQ": 0.050845429076206795, "f": 0.38292886648200536, "period_days": 42.53679193247545, "sigma_ms": 0.15635033330351594, "use_gp": true}, "sigma_jitter_ms": 0.11312168857634716, "sigma_white_ms": 2.7992705312856496}, "planets": [{"Omega_rad": 5.193391714882484, "P_days": 16.816556464062074, "e": 0.042321129840297025, "inc_rad": 1.0933611257242528, "l_rad": 3.9352407887344243, "m_sin_i_mjup": 0.014728949892868637, "m_true_mjup": null, "omega_rad": 2.220015560002192}, {"Omega_rad": 5.681132346216574, "P_days": 233.57524420979334, "e": 0.1993455172620789, "inc_rad": 1.5285410272377027, "l_rad": 1.8762023834703252, "m_sin_i_mjup": 0.16665191348653033, "m_true_mjup": null, "omega_rad": 4.081225641310814}, {"Omega_rad": 4.87223377512261, "P_days": 300.0, "e": 0.13590274302849487, "inc_rad": 1.1973581679395713, "l_rad": 2.8548976169050877, "m_sin_i_mjup": 0.019188179315306947, "m_true_mjup": null, "omega_rad": 2.594392593387493}], "schedule": {"instruments": ["instA", "instA", "instA", "instA", "instA", "instA", "instA", "instA", "instA", "instA", "instA", "instA", "instA", "instA", "instA", "instA", "instA", "instA", "instA", "instA", "instA", "instA", "instA", "instA", "instA", "instA", "instA", "instA", "instA", "instA", "instA", "instA", "instA", "instA", "instA", "instA", "instA", "instA", "instA", "instA", "instA", "instA", "instA", "instA"], "times_days": [0.2366215862264916, 2.4189275412181375, 2.5580740021503914, 4.441960495182646, 5.091952032592389, 6.3016032305340905, 6.801505594926618, 8.569775092294703, 9.61750895371745, 11.465635788559373, 15.844865012704004, 16.51199609800302, 18.082604406265233, 18.537957716582117, 19.9888634876614, 20.194575833623663, 20.2469190156303, 20.553091008407403, 21.39623289094278, 21.416497112105816, 22.092168676927354, 22.95369792633384, 24.615742936198043, 25.00443201335085, 25.732870944563075, 26.717202260403276, 27.515146916825437, 27.825900623242752, 28.033240135273832, 28.721765800801744, 36.99431194088115, 37.927359571126594, 39.334343360137204, 43.823920697481974, 45.23846448806365, 46.95798102943827, 48.01387435054724, 50.053261169668836, 54.75404450038989, 54.76973953202729, 54.88670143717093, 56.81614263691341, 58.29010594236397, 59.88747531894728]}, "star": {"M_star_sun": 0.9274273788288094, "gamma_ms": 0.0}}, "difficulty_details": {"coverage_inner_periods": 3.547150325347405, "gp_used": true, "minK_ms": 0.6183097384294821, "n_obs": 44, "n_planets": 3, "raw_score": 9, "resonances_detected": 0, "snr_like": 0.21230304565872676}, "meta": {"noise": {"gp": {"Q0": 3.9740060540719893, "dQ": 0.050845429076206795, "f": 0.38292886648200536, "period_days": 42.53679193247545, "sigma_ms": 0.15635033330351594, "use_gp": true}, "sigma_jitter_ms": 0.11312168857634716, "sigma_white_ms": 2.7992705312856496}, "seed": 146, "source_generated_task_id": "426440b9-8cff-5a46-add0-098ba2141292", "source_seed": 146}, "observations": {"instruments": ["instA", "instA", "instA", "instA", "instA", "instA", "instA", "instA", "instA", "instA", "instA", "instA", "instA", "instA", "instA", "instA", "instA", "instA", "instA", "instA", "instA", "instA", "instA", "instA", "instA", "instA", "instA", "instA", "instA", "instA", "instA", "instA", "instA", "instA", "instA", "instA", "instA", "instA", "instA", "instA", "instA", "instA", "instA", "instA"], "rvs_ms": [0.8073865919566364, 5.750729463784876, 7.394458363914343, 1.5482938125825374, 7.360025060410209, 10.422966234229152, 4.062269373272141, 5.132896997799554, -2.375406851627469, 2.2082354040598147, 8.939625446150377, 5.528900989219679, -7.226361186850361, 2.1557014081526127, 4.314389498262051, 2.783909307681428, 4.469432292377551, 5.0725259851738045, 1.0396977735417496, -4.781626311288048, 0.9231300859292638, 2.0528991265571372, 3.2367026279227393, 5.780300061124663, 2.790957199560829, 0.8787965954291017, 2.7203637389708906, 0.5252806982643734, 3.2009988074025086, 2.7932697896999783, -2.7048623499657616, 1.2324452462423472, -1.7165092230994896, 0.38754816562017647, -6.089352375995459, 3.5054218791484337, -1.2347819533609383, -0.029440186968847648, -0.3400332944114086, 1.4708602387592096, -2.2248981535058165, 0.9576943083729548, -1.4915866112357594, 1.1658323870522753], "sigmas_ms": [2.7992705312856496, 2.7992705312856496, 2.7992705312856496, 2.7992705312856496, 2.7992705312856496, 2.7992705312856496, 2.7992705312856496, 2.7992705312856496, 2.7992705312856496, 2.7992705312856496, 2.7992705312856496, 2.7992705312856496, 2.7992705312856496, 2.7992705312856496, 2.7992705312856496, 2.7992705312856496, 2.7992705312856496, 2.7992705312856496, 2.7992705312856496, 2.7992705312856496, 2.7992705312856496, 2.7992705312856496, 2.7992705312856496, 2.7992705312856496, 2.7992705312856496, 2.7992705312856496, 2.7992705312856496, 2.7992705312856496, 2.7992705312856496, 2.7992705312856496, 2.7992705312856496, 2.7992705312856496, 2.7992705312856496, 2.7992705312856496, 2.7992705312856496, 2.7992705312856496, 2.7992705312856496, 2.7992705312856496, 2.7992705312856496, 2.7992705312856496, 2.7992705312856496, 2.7992705312856496, 2.7992705312856496, 2.7992705312856496], "times_days": [0.2366215862264916, 2.4189275412181375, 2.5580740021503914, 4.441960495182646, 5.091952032592389, 6.3016032305340905, 6.801505594926618, 8.569775092294703, 9.61750895371745, 11.465635788559373, 15.844865012704004, 16.51199609800302, 18.082604406265233, 18.537957716582117, 19.9888634876614, 20.194575833623663, 20.2469190156303, 20.553091008407403, 21.39623289094278, 21.416497112105816, 22.092168676927354, 22.95369792633384, 24.615742936198043, 25.00443201335085, 25.732870944563075, 26.717202260403276, 27.515146916825437, 27.825900623242752, 28.033240135273832, 28.721765800801744, 36.99431194088115, 37.927359571126594, 39.334343360137204, 43.823920697481974, 45.23846448806365, 46.95798102943827, 48.01387435054724, 50.053261169668836, 54.75404450038989, 54.76973953202729, 54.88670143717093, 56.81614263691341, 58.29010594236397, 59.88747531894728]}, "task_id": "seed146_diff9", "truth_difficulty": 9}