{"config": {"engine": "rebound", "instruments": [{"gamma_ms": 0.0, "label": "instA", "sigma_jitter_ms": 0.7994874448065371, "sigma_white_ms": 0.6902632060940155}], "integrator_preference": "whfast", "los_axis": "x", "metadata": {}, "noise": {"gp": {"Q0": 1.0, "dQ": 0.1, "f": 0.5, "period_days": 25.0, "sigma_ms": 0.0, "use_gp": false}, "sigma_jitter_ms": 0.7994874448065371, "sigma_white_ms": 0.6902632060940155}, "planets": [{"Omega_rad": 0.0791805990417483, "P_days": 55.782708736844576, "e": 0.4344361095736645, "inc_rad": 0.5220916481659474, "l_rad": 5.171346113522764, "m_sin_i_mjup": 0.23370258568666305, "m_true_mjup": null, "omega_rad": 2.5969719529210837}], "schedule": {"instruments": ["instA", "instA", "instA", "instA", "instA", "instA", "instA", "instA", "instA", "instA", "instA", "instA", "instA", "instA", "instA", "instA", "instA", "instA", "instA", "instA", "instA", "instA", "instA", "instA", "instA", "instA", "instA", "instA", "instA", "instA", "instA", "instA", "instA", "instA", "instA", "instA", "instA", "instA", "instA", "instA", "instA", "instA", "instA", "instA", "instA", "instA", "instA", "instA", "instA", "instA", "instA", "instA", "instA", "instA", "instA", "instA", "instA", "instA", "instA", "instA", "instA", "instA"], "times_days": [1.6558866128674907, 1.705822072443346, 3.0680982697833876, 6.018468352355463, 12.334036766626511, 18.465584778001137, 18.817226724038097, 20.7277610825845, 22.48924795490711, 23.884719095005796, 24.14300529421653, 27.396048891259664, 30.51642813992335, 34.036983318489504, 34.61008071755159, 46.644290353830186, 47.391679977843914, 48.325952638790625, 54.32292849172212, 55.94769593083485, 57.612954912321314, 57.990775578806364, 59.62651741372725, 62.26277288935333, 62.530155703477696, 63.67459423525638, 66.80294833058615, 72.75477391835395, 80.70270266226541, 87.71064973726918, 89.91386653250939, 90.30373574591518, 91.92970347360536, 92.63210011281083, 93.20277237539158, 94.23540523867695, 95.00598767001628, 98.34528117133274, 101.72273263575406, 102.78495208135412, 103.24873768766675, 105.12457043717497, 106.74562788641268, 107.94652364451586, 111.18903470392485, 111.23593130274489, 111.40855779633755, 111.66698346158532, 113.15397578481446, 113.34298582939903, 114.14785384574778, 117.32827526067055, 122.8513735914996, 125.46138141981504, 126.31443336444023, 128.22560641193738, 129.96116935693016, 131.2575319424375, 133.19267485134995, 133.4776887129581, 134.51508319324705, 134.8339938528534]}, "star": {"M_star_sun": 0.7918774280979716, "gamma_ms": 0.0}}, "difficulty_details": {"coverage_inner_periods": 2.3874442503008386, "gp_used": false, "minK_ms": 16.124817188877234, "n_obs": 62, "n_planets": 1, "raw_score": 3, "resonances_detected": 0, "snr_like": 10.823836310546199}, "meta": {"noise": {"gp": {"Q0": 1.0, "dQ": 0.1, "f": 0.5, "period_days": 25.0, "sigma_ms": 0.0, "use_gp": false}, "sigma_jitter_ms": 0.7994874448065371, "sigma_white_ms": 0.6902632060940155}, "seed": 75, "source_generated_task_id": "ee7bd0f1-c3c5-5fe5-88bf-f80420f336b8", "source_seed": 75}, "observations": {"instruments": ["instA", "instA", "instA", "instA", "instA", "instA", "instA", "instA", "instA", "instA", "instA", "instA", "instA", "instA", "instA", "instA", "instA", "instA", "instA", "instA", "instA", "instA", "instA", "instA", "instA", "instA", "instA", "instA", "instA", "instA", "instA", "instA", "instA", "instA", "instA", "instA", "instA", "instA", "instA", "instA", "instA", "instA", "instA", "instA", "instA", "instA", "instA", "instA", "instA", "instA", "instA", "instA", "instA", "instA", "instA", "instA", "instA", "instA", "instA", "instA", "instA", "instA"], "rvs_ms": [-13.971349989976805, -14.31182594775829, -11.510019230069146, -8.087684990406434, 0.7371364234279315, 12.768955528334564, 15.218014575542856, 19.96479835588719, 23.749919005787028, 27.566293048088635, 28.230518382836216, 35.35693165715641, 36.916777899480685, 12.235263337381847, 8.658111672139844, -24.031574143687905, -23.591984906788202, -22.034042276699527, -16.551901765445496, -15.499873919026303, -14.346098167502252, -13.541942098554825, -11.417179054807297, -7.075019778834785, -6.232711054286701, -5.575949128238287, -0.014156429689607952, 8.040059732898644, 29.662277818131663, 30.53270356720894, 10.490049133912308, 9.772397039311334, -4.576091535563218, -7.451476601677339, -11.660998728328133, -16.97568475934347, -21.62083350152764, -25.03196589115386, -22.879298297284326, -21.432903137730513, -22.67142144861294, -22.603038001569928, -19.563437808271352, -19.51189069628796, -17.16818466235045, -14.913827035545635, -16.69621370189529, -15.573184587410049, -14.547090768057082, -12.362658802177327, -12.588577895204377, -8.585313368633967, -0.07523702185147946, 5.3471467492174956, 5.179632545828767, 10.559801307502322, 12.326428994995988, 17.281537675453897, 19.83862748609268, 20.917097895361458, 25.972212239997024, 26.16073926422123], "sigmas_ms": [0.6902632060940155, 0.6902632060940155, 0.6902632060940155, 0.6902632060940155, 0.6902632060940155, 0.6902632060940155, 0.6902632060940155, 0.6902632060940155, 0.6902632060940155, 0.6902632060940155, 0.6902632060940155, 0.6902632060940155, 0.6902632060940155, 0.6902632060940155, 0.6902632060940155, 0.6902632060940155, 0.6902632060940155, 0.6902632060940155, 0.6902632060940155, 0.6902632060940155, 0.6902632060940155, 0.6902632060940155, 0.6902632060940155, 0.6902632060940155, 0.6902632060940155, 0.6902632060940155, 0.6902632060940155, 0.6902632060940155, 0.6902632060940155, 0.6902632060940155, 0.6902632060940155, 0.6902632060940155, 0.6902632060940155, 0.6902632060940155, 0.6902632060940155, 0.6902632060940155, 0.6902632060940155, 0.6902632060940155, 0.6902632060940155, 0.6902632060940155, 0.6902632060940155, 0.6902632060940155, 0.6902632060940155, 0.6902632060940155, 0.6902632060940155, 0.6902632060940155, 0.6902632060940155, 0.6902632060940155, 0.6902632060940155, 0.6902632060940155, 0.6902632060940155, 0.6902632060940155, 0.6902632060940155, 0.6902632060940155, 0.6902632060940155, 0.6902632060940155, 0.6902632060940155, 0.6902632060940155, 0.6902632060940155, 0.6902632060940155, 0.6902632060940155, 0.6902632060940155], "times_days": [1.6558866128674907, 1.705822072443346, 3.0680982697833876, 6.018468352355463, 12.334036766626511, 18.465584778001137, 18.817226724038097, 20.7277610825845, 22.48924795490711, 23.884719095005796, 24.14300529421653, 27.396048891259664, 30.51642813992335, 34.036983318489504, 34.61008071755159, 46.644290353830186, 47.391679977843914, 48.325952638790625, 54.32292849172212, 55.94769593083485, 57.612954912321314, 57.990775578806364, 59.62651741372725, 62.26277288935333, 62.530155703477696, 63.67459423525638, 66.80294833058615, 72.75477391835395, 80.70270266226541, 87.71064973726918, 89.91386653250939, 90.30373574591518, 91.92970347360536, 92.63210011281083, 93.20277237539158, 94.23540523867695, 95.00598767001628, 98.34528117133274, 101.72273263575406, 102.78495208135412, 103.24873768766675, 105.12457043717497, 106.74562788641268, 107.94652364451586, 111.18903470392485, 111.23593130274489, 111.40855779633755, 111.66698346158532, 113.15397578481446, 113.34298582939903, 114.14785384574778, 117.32827526067055, 122.8513735914996, 125.46138141981504, 126.31443336444023, 128.22560641193738, 129.96116935693016, 131.2575319424375, 133.19267485134995, 133.4776887129581, 134.51508319324705, 134.8339938528534]}, "task_id": "seed75_diff3", "truth_difficulty": 3}