{"config": {"engine": "rebound", "instruments": [{"gamma_ms": 0.0, "label": "instA", "sigma_jitter_ms": 0.5275752756025607, "sigma_white_ms": 1.9355240472850368}], "integrator_preference": "whfast", "los_axis": "x", "metadata": {}, "noise": {"gp": {"Q0": 1.0, "dQ": 0.1, "f": 0.5, "period_days": 25.0, "sigma_ms": 0.0, "use_gp": false}, "sigma_jitter_ms": 0.5275752756025607, "sigma_white_ms": 1.9355240472850368}, "planets": [{"Omega_rad": 0.7142223654075871, "P_days": 110.83485450394298, "e": 0.10578161788929341, "inc_rad": 0.7457530439871377, "l_rad": 3.2467743230758486, "m_sin_i_mjup": 0.14599032390543903, "m_true_mjup": null, "omega_rad": 2.4581592182768}], "schedule": {"instruments": ["instA", "instA", "instA", "instA", "instA", "instA", "instA", "instA", "instA", "instA", "instA", "instA", "instA", "instA", "instA", "instA", "instA", "instA", "instA", "instA", "instA", "instA", "instA", "instA", "instA", "instA", "instA", "instA", "instA", "instA", "instA", "instA", "instA", "instA", "instA", "instA", "instA", "instA", "instA", "instA", "instA", "instA", "instA", "instA", "instA", "instA", "instA", "instA", "instA", "instA", "instA", "instA", "instA", "instA", "instA", "instA", "instA"], "times_days": [0.35859684396206065, 7.302934708075555, 21.864208371423658, 22.65257875392822, 24.623855547772823, 27.355800764780778, 35.21622416908811, 38.44205395677547, 49.86170139463552, 52.63507750478608, 56.98975915030725, 66.27036800019796, 68.39458309974924, 70.26627002900781, 70.4448684490671, 71.75459808909393, 71.81190595945016, 75.56246929121451, 90.06384995325634, 94.15122947727151, 94.80079297212018, 96.1794816983917, 103.13844155561337, 103.63301662385695, 104.2343955105272, 113.4232796086882, 115.28634642994261, 115.43859122713941, 124.35638508685292, 135.2026184099325, 140.10051622560582, 140.82270034136153, 141.21632412636708, 151.63469410578548, 156.076475070099, 158.26764462886587, 158.9529970715302, 164.31933644491045, 167.54823313011215, 168.08016567715848, 170.13506329685578, 173.79295823661298, 176.78005734573017, 177.56474741846776, 178.50785065622964, 182.5866686353931, 186.09339243346597, 192.83113507834497, 197.35576836942622, 199.71686968923245, 204.5014538495596, 209.6444581228633, 211.411118797344, 214.5952046925318, 224.16193226369657, 230.13100778245757, 234.2686031914578]}, "star": {"M_star_sun": 0.8420863039576598, "gamma_ms": 0.0}}, "difficulty_details": {"coverage_inner_periods": 2.1104372572544348, "gp_used": false, "minK_ms": 6.9660882257567405, "n_obs": 57, "n_planets": 1, "raw_score": 4, "resonances_detected": 0, "snr_like": 2.8281799929976414}, "meta": {"noise": {"gp": {"Q0": 1.0, "dQ": 0.1, "f": 0.5, "period_days": 25.0, "sigma_ms": 0.0, "use_gp": false}, "sigma_jitter_ms": 0.5275752756025607, "sigma_white_ms": 1.9355240472850368}, "seed": 3, "source_generated_task_id": "59b55b87-4289-5132-8622-c1331b034849", "source_seed": 3}, "observations": {"instruments": ["instA", "instA", "instA", "instA", "instA", "instA", "instA", "instA", "instA", "instA", "instA", "instA", "instA", "instA", "instA", "instA", "instA", "instA", "instA", "instA", "instA", "instA", "instA", "instA", "instA", "instA", "instA", "instA", "instA", "instA", "instA", "instA", "instA", "instA", "instA", "instA", "instA", "instA", "instA", "instA", "instA", "instA", "instA", "instA", "instA", "instA", "instA", "instA", "instA", "instA", "instA", "instA", "instA", "instA", "instA", "instA", "instA"], "rvs_ms": [-0.8763550360573069, -6.087307886686224, -7.239495802359642, -9.586069422754052, -9.129730619751657, -5.915301282586064, -6.5790714854669154, -7.807858729680456, -2.8823585983762845, -0.18321389600685212, 4.675115972089372, 4.740632028961763, 5.763456144331489, 9.075536110938014, 5.361411393079136, 7.0891196733810204, 9.467572477072885, 10.202975777581663, 10.072172872803892, 9.849740271699316, 2.5477493707143966, 9.61504871244048, 1.5124953730511757, -0.23591353042547913, 3.267179149930381, -1.7685731454699063, -5.095571512487719, -6.443141727774613, -7.8217123006435845, -9.29045800399209, -5.984409073737349, -7.2044480495187875, -8.255803011491553, -3.819001717577649, -4.848903971475613, -5.410522313717065, -2.0944301050982133, 0.2946802759105275, 0.2286510670871637, -0.6537511378091561, 2.376359652596042, -1.301551847950694, 6.513890858532873, 6.480811095608806, 2.639601372346811, 7.796328722478434, 7.007849236864146, 11.95236670481918, 6.402090802610095, 8.315881351680508, 10.12994162257622, 8.461038025757453, 0.7501779393774068, 2.028153394951599, -2.460591980610272, -7.338140765872925, -4.418734151944306], "sigmas_ms": [1.9355240472850368, 1.9355240472850368, 1.9355240472850368, 1.9355240472850368, 1.9355240472850368, 1.9355240472850368, 1.9355240472850368, 1.9355240472850368, 1.9355240472850368, 1.9355240472850368, 1.9355240472850368, 1.9355240472850368, 1.9355240472850368, 1.9355240472850368, 1.9355240472850368, 1.9355240472850368, 1.9355240472850368, 1.9355240472850368, 1.9355240472850368, 1.9355240472850368, 1.9355240472850368, 1.9355240472850368, 1.9355240472850368, 1.9355240472850368, 1.9355240472850368, 1.9355240472850368, 1.9355240472850368, 1.9355240472850368, 1.9355240472850368, 1.9355240472850368, 1.9355240472850368, 1.9355240472850368, 1.9355240472850368, 1.9355240472850368, 1.9355240472850368, 1.9355240472850368, 1.9355240472850368, 1.9355240472850368, 1.9355240472850368, 1.9355240472850368, 1.9355240472850368, 1.9355240472850368, 1.9355240472850368, 1.9355240472850368, 1.9355240472850368, 1.9355240472850368, 1.9355240472850368, 1.9355240472850368, 1.9355240472850368, 1.9355240472850368, 1.9355240472850368, 1.9355240472850368, 1.9355240472850368, 1.9355240472850368, 1.9355240472850368, 1.9355240472850368, 1.9355240472850368], "times_days": [0.35859684396206065, 7.302934708075555, 21.864208371423658, 22.65257875392822, 24.623855547772823, 27.355800764780778, 35.21622416908811, 38.44205395677547, 49.86170139463552, 52.63507750478608, 56.98975915030725, 66.27036800019796, 68.39458309974924, 70.26627002900781, 70.4448684490671, 71.75459808909393, 71.81190595945016, 75.56246929121451, 90.06384995325634, 94.15122947727151, 94.80079297212018, 96.1794816983917, 103.13844155561337, 103.63301662385695, 104.2343955105272, 113.4232796086882, 115.28634642994261, 115.43859122713941, 124.35638508685292, 135.2026184099325, 140.10051622560582, 140.82270034136153, 141.21632412636708, 151.63469410578548, 156.076475070099, 158.26764462886587, 158.9529970715302, 164.31933644491045, 167.54823313011215, 168.08016567715848, 170.13506329685578, 173.79295823661298, 176.78005734573017, 177.56474741846776, 178.50785065622964, 182.5866686353931, 186.09339243346597, 192.83113507834497, 197.35576836942622, 199.71686968923245, 204.5014538495596, 209.6444581228633, 211.411118797344, 214.5952046925318, 224.16193226369657, 230.13100778245757, 234.2686031914578]}, "task_id": "seed3_diff4", "truth_difficulty": 4}