{"config": {"engine": "rebound", "instruments": [{"gamma_ms": 0.0, "label": "instA", "sigma_jitter_ms": 0.5460990915410465, "sigma_white_ms": 3.8779476777952273}], "integrator_preference": "whfast", "los_axis": "x", "metadata": {}, "noise": {"gp": {"Q0": 1.655630482391314, "dQ": 0.5250476278145315, "f": 0.20101671322549386, "period_days": 27.501145689214646, "sigma_ms": 0.6397759084094133, "use_gp": true}, "sigma_jitter_ms": 0.5460990915410465, "sigma_white_ms": 3.8779476777952273}, "planets": [{"Omega_rad": 0.7690743841815999, "P_days": 8.16821546292273, "e": 0.6268327523023898, "inc_rad": 1.0754220501474154, "l_rad": 4.6257349497458495, "m_sin_i_mjup": 0.014636924612259348, "m_true_mjup": null, "omega_rad": 1.9703825412582325}], "schedule": {"instruments": ["instA", "instA", "instA", "instA", "instA", "instA", "instA", "instA", "instA", "instA", "instA", "instA", "instA", "instA", "instA", "instA", "instA", "instA", "instA", "instA", "instA", "instA", "instA", "instA", "instA", "instA", "instA", "instA", "instA", "instA", "instA", "instA", "instA", "instA", "instA", "instA", "instA", "instA", "instA", "instA", "instA", "instA", "instA", "instA", "instA", "instA", "instA", "instA", "instA", "instA", "instA", "instA", "instA", "instA", "instA", "instA", "instA", "instA", "instA", "instA", "instA", "instA", "instA", "instA", "instA", "instA", "instA", "instA"], "times_days": [0.1691852577260914, 0.38931557972814923, 0.5143944797484132, 0.5807250571217022, 1.1860175463276943, 1.891063667968512, 2.73921910248995, 2.7980681213078227, 2.873030314686688, 2.8865099062817374, 2.9861845679365264, 3.081343486411675, 3.9066704663233605, 4.358380975401923, 4.897503483352495, 5.132108871733438, 5.501135427840214, 6.419526372682311, 7.168701349145858, 7.5410224065353315, 7.779434755603206, 7.894933534746102, 7.957520234934323, 8.58851384993218, 8.863145346695001, 9.023737375484814, 9.066658609021399, 9.358304906266575, 10.866591116440041, 11.136941611389691, 12.169245775378508, 12.559752314887401, 12.588782669338086, 12.8911748160977, 13.127722733877789, 13.187086697897335, 13.904513881557431, 14.132406428741527, 14.291578175014566, 14.303736837887111, 14.31394568059041, 14.575873446109453, 14.728959441972268, 14.89438059241352, 15.375410440424604, 15.933084444261494, 16.0070681680439, 16.062392575730286, 16.399857113187103, 16.460305670212353, 16.647857550868967, 16.778812782505995, 16.829479393305437, 16.87131263231619, 17.187923819174188, 17.204777487633468, 17.992652789065563, 19.42654820761412, 19.968272736563446, 20.123731215418864, 20.31314015744903, 20.742606636973058, 21.054750616874983, 21.315618413260914, 21.51258679700719, 21.52088248381724, 21.678294867828594, 22.168644617990157]}, "star": {"M_star_sun": 1.1304488075729298, "gamma_ms": 0.0}}, "difficulty_details": {"coverage_inner_periods": 2.693300569766346, "gp_used": true, "minK_ms": 1.747034682187706, "n_obs": 68, "n_planets": 1, "raw_score": 7, "resonances_detected": 0, "snr_like": 0.394895165733026}, "meta": {"noise": {"gp": {"Q0": 1.655630482391314, "dQ": 0.5250476278145315, "f": 0.20101671322549386, "period_days": 27.501145689214646, "sigma_ms": 0.6397759084094133, "use_gp": true}, "sigma_jitter_ms": 0.5460990915410465, "sigma_white_ms": 3.8779476777952273}, "seed": 18, "source_generated_task_id": "13b8851d-faa5-5660-85dc-ceb78fa60847", "source_seed": 18}, "observations": {"instruments": ["instA", "instA", "instA", "instA", "instA", "instA", "instA", "instA", "instA", "instA", "instA", "instA", "instA", "instA", "instA", "instA", "instA", "instA", "instA", "instA", "instA", "instA", "instA", "instA", "instA", "instA", "instA", "instA", "instA", "instA", "instA", "instA", "instA", "instA", "instA", "instA", "instA", "instA", "instA", "instA", "instA", "instA", "instA", "instA", "instA", "instA", "instA", "instA", "instA", "instA", "instA", "instA", "instA", "instA", "instA", "instA", "instA", "instA", "instA", "instA", "instA", "instA", "instA", "instA", "instA", "instA", "instA", "instA"], "rvs_ms": [-1.7682876779633085, -1.4004217674023232, -4.2658146262977334, 5.461604512942414, -0.46563469538794955, 0.5901857997180411, 5.34014646146959, -4.32744225516321, 2.9016827250803723, 1.888480976821448, 7.936825867450439, -6.139644193872018, 7.740509030204144, 0.6823470687450723, -2.250952313668923, -2.9883833894083036, 2.2674094015410553, -0.10225816968801826, -8.52890442848675, 2.6563613115121822, -0.7896623615210414, 0.11517947072957124, -0.8110104210256172, -4.375078140066792, 5.7299189200563365, -7.199471365279548, -9.251064727105783, -10.03356355229777, 3.1388034885494775, -1.621227446086628, -0.35030608147214515, 7.373635822974371, -3.5233449062210647, 12.57396638639964, 3.4232515199165436, 2.758421220823768, -4.646313761984682, -7.158460474625925, -4.772259290743161, 0.014880967849329574, -4.48545762184358, -5.984859340833033, -5.056448971074372, -3.1116746323736044, 7.103197234239786, -6.822250128288532, 6.396455824319753, -7.431075369374993, 2.6817270685270977, -2.1903101218844117, 0.7617426163226955, -2.4470303283673993, 0.6456063104512016, -1.2193256154045173, -1.5921652407874132, -10.832590507043607, 4.59607691565797, -5.629990633435376, -11.460345315368599, -4.324109774549547, -3.054065348836907, 2.634249721068498, -2.1049898859979033, -1.2929390636829712, 5.17911907189107, -4.073421387795869, -3.2544381104985214, -5.165882940562291], "sigmas_ms": [3.8779476777952273, 3.8779476777952273, 3.8779476777952273, 3.8779476777952273, 3.8779476777952273, 3.8779476777952273, 3.8779476777952273, 3.8779476777952273, 3.8779476777952273, 3.8779476777952273, 3.8779476777952273, 3.8779476777952273, 3.8779476777952273, 3.8779476777952273, 3.8779476777952273, 3.8779476777952273, 3.8779476777952273, 3.8779476777952273, 3.8779476777952273, 3.8779476777952273, 3.8779476777952273, 3.8779476777952273, 3.8779476777952273, 3.8779476777952273, 3.8779476777952273, 3.8779476777952273, 3.8779476777952273, 3.8779476777952273, 3.8779476777952273, 3.8779476777952273, 3.8779476777952273, 3.8779476777952273, 3.8779476777952273, 3.8779476777952273, 3.8779476777952273, 3.8779476777952273, 3.8779476777952273, 3.8779476777952273, 3.8779476777952273, 3.8779476777952273, 3.8779476777952273, 3.8779476777952273, 3.8779476777952273, 3.8779476777952273, 3.8779476777952273, 3.8779476777952273, 3.8779476777952273, 3.8779476777952273, 3.8779476777952273, 3.8779476777952273, 3.8779476777952273, 3.8779476777952273, 3.8779476777952273, 3.8779476777952273, 3.8779476777952273, 3.8779476777952273, 3.8779476777952273, 3.8779476777952273, 3.8779476777952273, 3.8779476777952273, 3.8779476777952273, 3.8779476777952273, 3.8779476777952273, 3.8779476777952273, 3.8779476777952273, 3.8779476777952273, 3.8779476777952273, 3.8779476777952273],