{"config": {"engine": "rebound", "instruments": [{"gamma_ms": 0.0, "label": "instA", "sigma_jitter_ms": 0.03175203132448586, "sigma_white_ms": 0.5556591103347488}], "integrator_preference": "whfast", "los_axis": "x", "metadata": {}, "noise": {"gp": {"Q0": 1.0, "dQ": 0.1, "f": 0.5, "period_days": 25.0, "sigma_ms": 0.0, "use_gp": false}, "sigma_jitter_ms": 0.03175203132448586, "sigma_white_ms": 0.5556591103347488}, "planets": [{"Omega_rad": 1.8538198506984718, "P_days": 278.0081083866683, "e": 0.06451686083276106, "inc_rad": 1.3691128192606699, "l_rad": 0.6679585888821499, "m_sin_i_mjup": 0.9464478666274545, "m_true_mjup": null, "omega_rad": 3.8739300807166526}], "schedule": {"instruments": ["instA", "instA", "instA", "instA", "instA", "instA", "instA", "instA", "instA", "instA", "instA", "instA", "instA", "instA", "instA", "instA", "instA", "instA", "instA", "instA", "instA", "instA", "instA", "instA", "instA", "instA", "instA", "instA", "instA", "instA", "instA", "instA", "instA", "instA", "instA", "instA", "instA", "instA", "instA", "instA", "instA", "instA", "instA", "instA", "instA", "instA", "instA", "instA", "instA", "instA", "instA", "instA", "instA", "instA", "instA", "instA", "instA", "instA", "instA", "instA", "instA", "instA", "instA", "instA", "instA", "instA", "instA", "instA", "instA", "instA", "instA", "instA", "instA", "instA", "instA", "instA", "instA", "instA", "instA", "instA"], "times_days": [8.468694770898129, 18.69719681154949, 29.835467392626075, 34.57000209344047, 42.756817473590885, 72.61654495932122, 80.19046977511447, 99.73505232579312, 99.75571614571575, 101.44139785716972, 109.18438161846984, 126.48024427974542, 126.72642525470249, 159.87172879778015, 164.81144102581686, 170.1868334617451, 191.14709143123454, 211.53006547956468, 211.96240291671262, 228.2837240209953, 248.3179684741667, 264.33792374568463, 265.1305677139213, 266.75347559333915, 281.5355325319451, 301.4482361257999, 317.4643118933848, 325.2091716484963, 371.56766626180837, 383.21551968368965, 389.8049464122317, 396.89637937193805, 402.17762608675304, 403.11345347895247, 412.27933355271676, 419.2689989454531, 420.08714324344567, 425.42299891034526, 438.5791849741594, 452.46297331993395, 452.4876476407702, 463.9693734954951, 479.9439885997135, 486.05730893887704, 544.8500484994806, 580.63012799692, 588.325218254166, 598.7324437580386, 617.9967289619117, 621.3594385579745, 639.1122959341058, 670.5858496794912, 675.4256728254497, 689.6114595859765, 695.3203384723371, 705.0726536999141, 705.4595090196972, 721.540934239475, 783.004186303293, 785.4912460990909, 790.2491363567709, 793.3796480174005, 798.972557356319, 803.9628292902489, 811.5871721168211, 824.6628400236799, 847.0050801540671, 852.4428854896208, 857.4787209621237, 876.4102117488886, 880.4164161854815, 891.2076231819705, 891.998741860048, 905.5366347073968, 919.6605079417564, 920.2447561560224, 930.8529102005393, 932.4779833885053, 939.715061928472, 942.8090690706026]}, "star": {"M_star_sun": 0.984519753289181, "gamma_ms": 0.0}}, "difficulty_details": {"coverage_inner_periods": 3.360838573097209, "gp_used": false, "minK_ms": 29.843624315615614, "n_obs": 80, "n_planets": 1, "raw_score": 1, "resonances_detected": 0, "snr_like": 50.80534262819331}, "meta": {"noise": {"gp": {"Q0": 1.0, "dQ": 0.1, "f": 0.5, "period_days": 25.0, "sigma_ms": 0.0, "use_gp": false}, "sigma_jitter_ms": 0.03175203132448586, "sigma_white_ms": 0.5556591103347488}, "patch_profile": "easy_bias_for_diff1", "seed": 300025, "source_generated_task_id": "5299a0c2-ca02-55d2-96e4-2f11546c760d", "source_seed": 300025}, "observations": {"instruments": ["instA", "instA", "instA", "instA", "instA", "instA", "instA", "instA", "instA", "instA", "instA", "instA", "instA", "instA", "instA", "instA", "instA", "instA", "instA", "instA", "instA", "instA", "instA", "instA", "instA", "instA", "instA", "instA", "instA", "instA", "instA", "instA", "instA", "instA", "instA", "instA", "instA", "instA", "instA", "instA", "instA", "instA", "instA", "instA", "instA", "instA", "instA", "instA", "instA", "instA", "instA", "instA", "instA", "instA", "instA", "instA", "instA", "instA", "instA", "instA", "instA", "instA", "instA", "instA", "instA", "instA", "instA", "instA", "instA", "instA", "instA", "instA", "instA", "instA", "instA", "instA", "instA", "instA", "instA", "instA"], "rvs_ms": [21.552035122910556, 25.49209054827758, 27.79952691887968, 28.809793160226565, 27.353027120717684, 22.224481199598223, 18.15122565107042, 6.2249955237902945, 6.06048997639487, 5.608621772981534, -0.7382652889265192, -12.544714819742559, -12.49817016573181, -30.073278835742116, -31.34456373667606, -30.540599513277623, -28.573525964273678, -19.6078331215778, -18.7223694692369, -8.956517283623993, 3.266200344453075, 11.649904020371686, 12.090881882589548, 13.858965043003389, 20.44408492657199, 26.33467232512941, 29.06361858352298, 29.479531619598752, 11.066537590738948, 3.563804045356631, -2.0642858866957203, -7.139659709147359, -11.642351849328405, -12.236669776836116, -17.385741608637925, -21.74560888006372, -22.234665367390146, -25.055812171608217, -29.467900610148604, -30.15024651305754, -31.30499848172426, -28.744383964524523, -24.634311009326815, -20.886745985694343, 13.348725499171943, 26.48834698930261, 28.11781214372645, 28.702903741705903, 26.16017525909445, 24.837005171250578, 17.47394646515397, -4.566996113430452, -7.235538710166182, -17.429884196120064, -20.903662640823946, -26.494126909931175, -27.338305643136525, -29.82847400886313, -11.366731751341963, -9.654239733506545, -5.641869137378338, -3.667598350421608, -0.31472342012260374, 1.454231784711658, 6.859334664416503, 14.31872815865226, 23.559404935645883, 25.96779745505307, 26.300161681461663, 28.437370717084942, 28.305825545252684, 26.548874498351815, 26.268145627555974, 22.088989688294316, 16.04463374220855, 15.194495023259371, 9.411069879384952, 7.8602800888066975, 3.0345180881749214, 1.0543931102669584], "sigmas_ms": [0.5556591103347488, 0.5556591103347488, 0.5556591103347488, 0.5556591103347488, 0.5556591103347488, 0.5556591103347488, 0.5556591103347488, 0.5556591103347488, 0.5556591103347488, 0.5556591103347488, 0.5556591103347488, 0.5556591103347488, 0.5556591103347488, 0.5556591103347488, 0.5556591103347488, 0.5556591103347488, 0.5556591103347488, 0.5556591103347488, 0.5556591103347488, 0.5556591103347488, 0.5556591103347488, 0.5556591103347488, 0.5556591103347488, 0.5556591103347488, 0.5556591103347488, 0.5556591103347488, 0.5556591103347488, 0.5556591103347488, 0.5556591103347488, 0.5556591103347488, 0.5556591103347488, 0.5556591103347488, 0.5556591103347488, 0.5556591103347488, 0.5556591103347488, 0.5556591103347488, 0.5556591103347488, 0.5556591103347488, 0.5556591103347488, 0.5556591103347488, 0.5556591103347488, 0.5556591103347488, 0.5556591103347488, 0.5556591103347488, 0.5556591103347488, 0.5556591103347488, 0.5556591103347488, 0.5556591103347488, 0.5556591103347488, 0.5556591103347488, 0.5556591103347488, 0.5556591103347488, 0.5556591103347488, 0.5556591103347488, 0.5556591103347488, 0.5556591103347488, 0.5556591103347488, 0.5556591103347488, 0.5556591103347488, 0.5556591103347488, 0.5556591103347488, 0.5556591103347488, 0.5556591103347488, 0.5556591103347488, 0.5556591103347488, 0.5556591103347488, 0.5556591103347488, 0.5556591103347488, 0.5556591103347488, 0.5556591103347488, 0.5556591103347488, 0.5556591103347488, 0.5556591103347488, 0.5556591103347488, 0.5556591103347488, 0.5556591103347488, 0.5556591103347488, 0.5556591103347488, 0.5556591103347488, 0.5556591103347488],