{"config": {"engine": "rebound", "instruments": [{"gamma_ms": 0.0, "label": "instA", "sigma_jitter_ms": 0.7529932534881577, "sigma_white_ms": 3.2977859619360848}], "integrator_preference": "whfast", "los_axis": "x", "metadata": {}, "noise": {"gp": {"Q0": 1.0, "dQ": 0.1, "f": 0.5, "period_days": 25.0, "sigma_ms": 0.0, "use_gp": false}, "sigma_jitter_ms": 0.7529932534881577, "sigma_white_ms": 3.2977859619360848}, "planets": [{"Omega_rad": 4.2536803318110685, "P_days": 25.01150668939837, "e": 0.19650288481665334, "inc_rad": 0.7629144886565744, "l_rad": 4.460479830223482, "m_sin_i_mjup": 0.28647574224071987, "m_true_mjup": null, "omega_rad": 4.443646405006133}], "schedule": {"instruments": ["instA", "instA", "instA", "instA", "instA", "instA", "instA", "instA", "instA", "instA", "instA", "instA", "instA", "instA", "instA", "instA", "instA", "instA", "instA", "instA", "instA", "instA", "instA", "instA", "instA", "instA", "instA", "instA", "instA", "instA", "instA", "instA", "instA", "instA", "instA", "instA", "instA", "instA", "instA", "instA", "instA", "instA", "instA", "instA", "instA", "instA", "instA", "instA", "instA", "instA", "instA", "instA", "instA", "instA", "instA", "instA", "instA", "instA", "instA", "instA", "instA", "instA", "instA", "instA", "instA", "instA", "instA", "instA", "instA", "instA", "instA", "instA", "instA", "instA", "instA", "instA", "instA", "instA", "instA", "instA", "instA", "instA", "instA", "instA", "instA", "instA", "instA", "instA", "instA", "instA", "instA", "instA", "instA", "instA", "instA"], "times_days": [0.13663664307487136, 0.2437252026150032, 0.5328005931242218, 2.2675970486231245, 4.826364379850289, 4.850219847662368, 4.969179016379878, 5.7476214534387005, 6.259317705181827, 6.5973457686534, 7.629715943601771, 8.306313009805718, 8.619171888204532, 10.03050931103784, 10.450751075363833, 11.076676809802642, 13.153261351366412, 13.415868842371339, 14.566297515649236, 15.649342789703532, 17.204023449596214, 17.31872062976363, 19.090315837438617, 20.65850128622513, 21.923779000693926, 23.71228476488907, 23.858354261133357, 23.86409497851209, 24.328577128366263, 25.585688352706406, 25.79357878704114, 26.498485026769078, 29.924313121098834, 29.937681758093863, 31.809858796920857, 32.11904518490103, 33.358813732439, 33.662946247226735, 36.41633851366702, 36.61481001688268, 36.81446847620334, 38.98776522206908, 39.75515497420574, 40.74385028302619, 41.59279050575412, 41.941717655650415, 42.09899581391353, 42.92707073949101, 43.73257008025747, 43.77684298719638, 44.23865371880756, 45.60913518940293, 45.84904973079103, 46.85537228977144, 47.1074100028111, 47.821673525922755, 48.733731138209905, 48.828091765948585, 50.244380687362536, 50.518146753011955, 52.35284768966194, 52.96732639290621, 53.13894966659068, 53.93400557416374, 54.32308485174669, 54.69088537006988, 54.898065430101326, 55.084101236211616, 55.897005518267406, 56.23003831989516, 56.339251276732625, 56.5837210955258, 57.17942720342363, 57.762889785428726, 58.454262293537624, 60.75062368081269, 63.27420951111037, 64.13936788364578, 64.89833453818915, 66.58738893539073, 67.19649887384884, 67.41181622871906, 68.35415360586357, 69.22310097364121, 70.02921614862944, 71.73808032833543, 72.55368435553963, 73.07861676314528, 73.30239692281532, 73.47775320087669, 75.54377065815262, 75.64647524848279, 75.71007913199428, 75.88364641445571, 76.9059964095534]}, "star": {"M_star_sun": 0.8887611571996842, "gamma_ms": 0.0}}, "difficulty_details": {"coverage_inner_periods": 3.0693616630068417, "gp_used": false, "minK_ms": 21.96612182585625, "n_obs": 95, "n_planets": 1, "raw_score": 1, "resonances_detected": 0, "snr_like": 5.422690464643286}, "meta": {"noise": {"gp": {"Q0": 1.0, "dQ": 0.1, "f": 0.5, "period_days": 25.0, "sigma_ms": 0.0, "use_gp": false}, "sigma_jitter_ms": 0.7529932534881577, "sigma_white_ms": 3.2977859619360848}, "patch_profile": "easy_bias_for_diff1", "seed": 300092, "source_generated_task_id": "c287e9e6-2c16-5dff-a371-e423cc8d2e0c", "source_seed": 300092}, "observations": {"instruments": ["instA", "instA", "instA", "instA", "instA", "instA", "instA", "instA", "instA", "instA", "instA", "instA", "instA", "instA", "instA", "instA", "instA", "instA", "instA", "instA", "instA", "instA", "instA", "instA", "instA", "instA", "instA", "instA", "instA", "instA", "instA", "instA", "instA", "instA", "instA", "instA", "instA", "instA", "instA", "instA", "instA", "instA", "instA", "instA", "instA", "instA", "instA", "instA", "instA", "instA", "instA", "instA", "instA", "instA", "instA", "instA", "instA", "instA", "instA", "instA", "instA", "instA", "instA", "instA", "instA", "instA", "instA", "instA", "instA", "instA", "instA", "instA", "instA", "instA", "instA", "instA", "instA", "instA", "instA", "instA", "instA", "instA", "instA", "instA", "instA", "instA", "instA", "instA", "instA", "instA", "instA", "instA", "instA", "instA", "instA"], "rvs_ms": [-46.30758619863728, -30.997391623713057, -38.686367946666685, -29.835257517638404, -17.614639680554195, -20.06746428178932, -16.35259482149193, -7.158686348352404, 3.776748422566369, -4.335727468803501, 2.4199322580062375, 10.238288056282277, 16.38974097206929, 14.373993970733844, 21.419711276552043, 18.63589893486516, 21.187178033365058, 22.695778747546882, 20.241271728433123, 17.717513356868118, 24.7025190725532, 18.11395916940614, 18.284880796687386, 2.7468839572491075, -15.250711775114263, -32.25761234546287, -26.634117637197473, -27.212763679957117, -34.274741054762906, -35.70129596905231, -38.10530902006264, -43.99013484951677, -8.271534595423063, -14.702242039210262, 6.075186742643253, 5.3924670567075665, 12.343240140141704, 12.28877048990838, 16.198569381655652, 25.739510293214376, 21.746005844943788, 28.193701682340674, 24.3662298119513, 23.99164817011851, 20.02971730400251, 21.70939556041303, 20.97298558001618, 18.153880992123554, 16.983954962004894, 13.508688672691061, 5.76033943253813, 0.645727827962292, 0.20946652777299657, -6.800207427741061, -20.293032430652794, -23.370523851921707, -23.399209617904102, -27.44594633399214, -39.26818599078248, -40.45853663911082, -30.14853746956292, -29.823642625892674, -32.23621849386376, -22.488115585417134, -17.869506967174228, -16.493206487193223, -16.25814198509304, -11.788356370144657, -2.0344170244421527, -4.847827296598009, -3.333451198480147, -1.122769808657268, 4.072493189966876, 10.004868863886145, 9.993170075585805, 24.075166382220075, 26.508950436473157, 23.437498175211058, 22.239859112549432, 21.55414156564218, 21.334280516533248, 24.840433742816572, 18.340874653183622, 18.748760472207675, 4.861756117380136, -7.5304968846190405, -22.247470303941725, -23.586677855023016, -27.91438188949451, -20.203896076598983, -37.03725759905486, -34.07912871793333, -34.7832471513656, -35.61361374858019, -40.0188823196857],