{"config": {"engine": "rebound", "instruments": [{"gamma_ms": 0.0, "label": "instA", "sigma_jitter_ms": 0.6241747423903854, "sigma_white_ms": 0.5330250757341428}], "integrator_preference": "whfast", "los_axis": "x", "metadata": {}, "noise": {"gp": {"Q0": 0.7544444834616295, "dQ": 1.3379480544841442, "f": 0.2408983000335465, "period_days": 35.562238679728814, "sigma_ms": 0.5404451313900065, "use_gp": true}, "sigma_jitter_ms": 0.6241747423903854, "sigma_white_ms": 0.5330250757341428}, "planets": [{"Omega_rad": 5.864163109308794, "P_days": 19.981697284876326, "e": 0.3535653855866247, "inc_rad": 1.3775754825711048, "l_rad": 1.2184206060817078, "m_sin_i_mjup": 0.9016426049140033, "m_true_mjup": null, "omega_rad": 0.2843831381622077}, {"Omega_rad": 0.9700047975823506, "P_days": 131.58726060765648, "e": 0.038176417287409156, "inc_rad": 1.2515807696336343, "l_rad": 1.0697091638476663, "m_sin_i_mjup": 0.40260564732881465, "m_true_mjup": null, "omega_rad": 2.5303662210548423}, {"Omega_rad": 4.7313952608320795, "P_days": 267.5958785860559, "e": 0.3263401216398843, "inc_rad": 1.2807208024324321, "l_rad": 4.784315207266438, "m_sin_i_mjup": 0.2489597253913547, "m_true_mjup": null, "omega_rad": 3.2358429560719073}, {"Omega_rad": 3.770092847128561, "P_days": 300.0, "e": 0.0076953250902953435, "inc_rad": 0.6378883288228467, "l_rad": 1.651512217247736, "m_sin_i_mjup": 0.26382607064930885, "m_true_mjup": null, "omega_rad": 0.6121251345022358}], "schedule": {"instruments": ["instA", "instA", "instA", "instA", "instA", "instA", "instA", "instA", "instA", "instA", "instA", "instA", "instA", "instA", "instA", "instA", "instA", "instA", "instA", "instA", "instA", "instA", "instA", "instA", "instA", "instA", "instA", "instA", "instA", "instA", "instA", "instA", "instA", "instA", "instA", "instA", "instA", "instA", "instA", "instA", "instA", "instA", "instA", "instA", "instA", "instA", "instA", "instA", "instA", "instA", "instA", "instA", "instA", "instA", "instA", "instA", "instA", "instA", "instA", "instA", "instA", "instA", "instA", "instA", "instA", "instA", "instA", "instA", "instA", "instA", "instA", "instA", "instA", "instA", "instA", "instA", "instA", "instA", "instA"], "times_days": [0.31146693253954244, 0.7005501651826275, 2.1223433040349824, 2.5991851524134115, 3.5913202250111365, 4.386827852557124, 4.503379264965065, 5.053484830468641, 6.664629137232237, 7.250527893290667, 7.719949331247175, 7.730195925053911, 8.888241354765443, 11.870290669137018, 12.249663852884058, 13.508776152595402, 13.825813126224713, 13.974810375136965, 14.88491212161725, 15.236261409943683, 15.386772202702504, 18.800476389135106, 18.93092039590325, 20.011582129041123, 20.839876893929937, 20.85605098102464, 21.295642002128755, 22.69517504444456, 23.862052572480795, 24.900801478554616, 30.7373541832363, 31.954620956380218, 32.021335896562356, 33.27338371803646, 33.56308009116205, 33.714506585216895, 34.49113608087364, 34.49990659255406, 34.94998689633319, 35.47358339832456, 36.44855657424865, 40.86370355218618, 43.099521103155105, 44.6069791716849, 46.15915723903709, 47.39789694258848, 47.61045531588387, 48.000414317970545, 50.9222314050979, 52.61974547803428, 54.684934741883254, 54.76584587049713, 54.79238467931556, 55.069938791566884, 55.389282553369846, 55.71254288428015, 56.38860217591782, 59.75022148836454, 60.41851875508862, 60.63834534679714, 60.69709809586378, 60.71219374626948, 62.50108970428183, 62.80199399244236, 62.87319162543695, 63.67114932367873, 63.74376111678768, 66.92966677901336, 67.61426074565607, 68.04965388759972, 70.73973943937116, 74.05533152676765, 74.21099579160905, 74.88724180096698, 76.63956251685954, 77.12786963527932, 77.56299504073624, 78.46202824814165, 79.30810487405404]}, "star": {"M_star_sun": 1.0259068867133914, "gamma_ms": 0.0}}, "difficulty_details": {"coverage_inner_periods": 3.95344984038494, "gp_used": true, "minK_ms": 7.874737507074322, "n_obs": 79, "n_planets": 4, "raw_score": 9, "resonances_detected": 1, "snr_like": 6.804993730328177}, "meta": {"noise": {"gp": {"Q0": 0.7544444834616295, "dQ": 1.3379480544841442, "f": 0.2408983000335465, "period_days": 35.562238679728814, "sigma_ms": 0.5404451313900065, "use_gp": true}, "sigma_jitter_ms": 0.6241747423903854, "sigma_white_ms": 0.5330250757341428}, "seed": 93, "source_generated_task_id": "bbfb6224-253e-54ec-929f-f6bdeceac57f", "source_seed": 93}, "observations": {"instruments": ["instA", "instA", "instA", "instA", "instA", "instA", "instA", "instA", "instA", "instA", "instA", "instA", "instA", "instA", "instA", "instA", "instA", "instA", "instA", "instA", "instA", "instA", "instA", "instA", "instA", "instA", "instA", "instA", "instA", "instA", "instA", "instA", "instA", "instA", "instA", "instA", "instA", "instA", "instA", "instA", "instA", "instA", "instA", "instA", "instA", "instA", "instA", "instA", "instA", "instA", "instA", "instA", "instA", "instA", "instA", "instA", "instA", "instA", "instA", "instA", "instA", "instA", "instA", "instA", "instA", "instA", "instA", "instA", "instA", "instA", "instA", "instA", "instA", "instA", "instA", "instA", "instA", "instA", "instA"], "rvs_ms": [77.24397262899214, 73.17701724348076, 58.16996987416499, 50.99006461558158, 40.92095613744961, 31.77850461711324, 29.936605045281375, 27.113394823607912, 10.652642121079396, 4.702256006037193, 1.6097380072973255, -0.22730240187638606, -7.212166823667973, -27.292782609362295, -29.114221425686907, -27.896917410676853, -27.69949374084833, -27.152095560433377, -16.742971763457394, -9.38382220621584, -6.521200233282672, 89.86116302230636, 90.35417858940244, 84.8982362701495, 73.95881749901191, 74.27045605635409, 67.54293734561188, 51.247270182424145, 37.896899909812156, 25.427004965963068, -25.978720620280736, -33.33197506779219, -34.92742425154411, -36.836521722821544, -37.01753346282834, -36.05056406262456, -32.39950079678378, -31.433266537386245, -25.479580135714013, -13.139920124012725, 19.252381243714087, 58.83885051060061, 33.14547242958187, 12.639006598170807, -4.331696335102485, -16.34893886793925, -18.20085517147655, -21.75403574258286, -45.13842960430054, -54.959840731371294, -46.48912508128579, -44.55965104114989, -44.69062070647813, -40.25748560836598, -32.70609165957456, -23.58738004159498, 0.06904189609454203, 56.49124602886804, 48.789109821978705, 46.87400053741917, 47.25824068505321, 45.58517634173145, 23.750540017975204, 18.49051264027849, 19.580666085324864, 6.263767883155535, 7.563720229669231, -27.394197496243326, -30.419185666464138, -35.11649249211595, -56.59694613732208, -64.29657684408424, -63.783179137928066, -57.25130835073757, -0.3368169720231179, 21.594223985613734, 32.74667152649446, 50.7486095327085, 49.6661504694212],