{"config": {"engine": "rebound", "instruments": [{"gamma_ms": 0.0, "label": "instA", "sigma_jitter_ms": 0.014299130618634812, "sigma_white_ms": 1.1076777821253163}], "integrator_preference": "whfast", "los_axis": "x", "metadata": {}, "noise": {"gp": {"Q0": 0.7114775866312393, "dQ": 0.09870690356240239, "f": 0.23496305288184535, "period_days": 30.085371650651325, "sigma_ms": 0.8606075897582708, "use_gp": true}, "sigma_jitter_ms": 0.014299130618634812, "sigma_white_ms": 1.1076777821253163}, "planets": [{"Omega_rad": 4.624783425487125, "P_days": 67.64798358929471, "e": 0.04911962845181706, "inc_rad": 0.8673155257217594, "l_rad": 3.1867218225781313, "m_sin_i_mjup": 0.2707875951214416, "m_true_mjup": null, "omega_rad": 2.505475716815781}, {"Omega_rad": 3.4645538906016102, "P_days": 193.1839642762613, "e": 0.3393898791612293, "inc_rad": 0.469899276368874, "l_rad": 4.198994594939249, "m_sin_i_mjup": 0.028670895349303952, "m_true_mjup": null, "omega_rad": 2.6481410625699384}, {"Omega_rad": 4.729888010170508, "P_days": 287.58764726362904, "e": 0.02961358950976374, "inc_rad": 0.3860713719925738, "l_rad": 4.7734549567194104, "m_sin_i_mjup": 0.011524987494163526, "m_true_mjup": null, "omega_rad": 6.1413783917915925}], "schedule": {"instruments": ["instA", "instA", "instA", "instA", "instA", "instA", "instA", "instA", "instA", "instA", "instA", "instA", "instA", "instA", "instA", "instA", "instA", "instA", "instA", "instA", "instA", "instA", "instA", "instA", "instA", "instA", "instA", "instA", "instA", "instA", "instA", "instA", "instA", "instA", "instA", "instA", "instA", "instA", "instA", "instA", "instA", "instA", "instA", "instA", "instA", "instA", "instA", "instA", "instA", "instA", "instA", "instA", "instA", "instA", "instA", "instA", "instA", "instA", "instA", "instA", "instA", "instA", "instA", "instA", "instA", "instA", "instA", "instA", "instA", "instA", "instA", "instA", "instA", "instA", "instA", "instA", "instA"], "times_days": [1.2121108950392243, 7.299662599221661, 7.63493131516504, 11.65985574521981, 13.268879953934466, 15.746350194539547, 18.53145377220504, 35.750531400007254, 36.57868204266394, 37.55323373123721, 38.09916517881858, 39.19991142217882, 40.728010120797606, 41.79209531880485, 45.57321317457951, 47.39764653481238, 50.33539955923442, 53.07928091118875, 56.62868075916536, 56.65973952289015, 69.56544458835327, 73.99859705732773, 80.03763695465125, 85.31970314708033, 89.41538996482662, 98.7823989393184, 104.40720903207539, 106.51800259330983, 112.38123402458915, 114.65459945803951, 115.41889902458942, 115.72922026594668, 125.64161938341003, 135.8430889207275, 136.59559431018002, 139.760450653905, 141.8121952625106, 143.91564510498318, 158.87015424986768, 160.2471471063001, 161.0691317451853, 162.1166326471323, 164.56977570500823, 165.55209712768027, 166.3400705776434, 169.94447180612295, 170.65316295026997, 172.65918919884635, 174.08585485313398, 177.4487361884525, 181.4117474720992, 182.3395047408504, 184.88245217035745, 186.48342158061942, 186.94110877303453, 188.201118330054, 188.84383266059615, 194.32778517521473, 196.5278972303276, 198.92274198810404, 202.85512944232508, 204.09789698018878, 209.3183434718617, 213.07263313760043, 215.84828828179818, 220.87474935818568, 221.33929856420133, 222.17873080133475, 228.60239025504296, 229.49101859306086, 230.24262675464715, 234.9596812008906, 240.61106315765645, 241.4053093060389, 242.1336939183244, 246.72555400182452, 247.2228079435442]}, "star": {"M_star_sun": 0.916568000100554, "gamma_ms": 0.0}}, "difficulty_details": {"coverage_inner_periods": 3.6366301550403666, "gp_used": true, "minK_ms": 0.3762550516090912, "n_obs": 77, "n_planets": 3, "raw_score": 10, "resonances_detected": 1, "snr_like": 0.3353500837097502}, "meta": {"noise": {"gp": {"Q0": 0.7114775866312393, "dQ": 0.09870690356240239, "f": 0.23496305288184535, "period_days": 30.085371650651325, "sigma_ms": 0.8606075897582708, "use_gp": true}, "sigma_jitter_ms": 0.014299130618634812, "sigma_white_ms": 1.1076777821253163}, "seed": 14, "source_generated_task_id": "90046ecb-fa2f-5995-9b0a-ce35a425211f", "source_seed": 14}, "observations": {"instruments": ["instA", "instA", "instA", "instA", "instA", "instA", "instA", "instA", "instA", "instA", "instA", "instA", "instA", "instA", "instA", "instA", "instA", "instA", "instA", "instA", "instA", "instA", "instA", "instA", "instA", "instA", "instA", "instA", "instA", "instA", "instA", "instA", "instA", "instA", "instA", "instA", "instA", "instA", "instA", "instA", "instA", "instA", "instA", "instA", "instA", "instA", "instA", "instA", "instA", "instA", "instA", "instA", "instA", "instA", "instA", "instA", "instA", "instA", "instA", "instA", "instA", "instA", "instA", "instA", "instA", "instA", "instA", "instA", "instA", "instA", "instA", "instA", "instA", "instA", "instA", "instA", "instA"], "rvs_ms": [-8.712440879749341, -16.642394360558782, -19.02935081331274, -18.5137715650707, -17.380077736823154, -20.366379398760643, -19.65650961559527, -0.9281580918046543, 2.7499058967131322, 4.727243680217994, 5.233402563116714, 6.917044476092197, 8.998990107399003, 11.523665293625866, 15.553279864128937, 16.65808441761224, 19.12137537477886, 17.926221163927075, 13.663452994197117, 17.619046174066064, -4.024909589853783, -11.701406052707611, -16.234808845673626, -16.05593091113019, -13.590169176976689, -3.7251344147727936, 7.1889243735122275, 10.934573399649805, 20.1784663866649, 20.018777372272613, 21.452496466528714, 20.724328677112116, 18.305159088520462, 1.509055700696595, -1.6620404534811257, -5.790939177738505, -7.598020872910553, -12.148393939633785, -8.416792119033556, -12.448521692075701, -13.145182237579265, -8.684063563711883, -9.666086197588308, -4.6878730288872825, -2.4388217154852985, 1.7192224163964573, 2.682285351475855, 3.313108049268484, 6.6418916920355295, 8.644105149312683, 12.269658569067778, 16.43918903635759, 17.260888659459493, 17.604900722547303, 17.425413638685352, 17.540836724744825, 19.863577584783584, 13.49082457122385, 7.377670621478304, 5.935842023352663, -3.309808654437221, -6.6391280069802, -15.385732030550063, -18.170510855905718, -18.967377375267723, -19.616554615455463, -24.401529882441334, -19.826914304038844, -13.568059200467214, -13.626178306890633, -9.289969550564269, -2.8720773496057888, 3.2022338327411477, 7.818215521561652, 6.841705310929953, 13.860104204947755, 11.406780255406549], "sigmas_ms": [1.1076777821253163, 1.1076777821253163, 1.1076777821253163, 1.1076777821253163, 1.1076777821253163, 1.1076777821253163, 1.1076777821253163, 1.1076777821253163, 1.1076777821253163, 1.1076777821253163, 1.1076777821253163, 1.1076777821253163, 1.1076777821253163, 1.1076777821253163, 1.1076777821253163, 1.1076777821253163, 1.1076777821253163, 1.1076777821253163, 1.1076777821253163, 1.1076777821253163, 1.1076777821253163, 1.1076777821253163, 1.1076777821253163, 1.1076777821253163, 1.1076777821253163, 1.1076777821253163, 1.1076777821253163, 1.1076777821253163, 1.1076777821253163, 1.1076777821253163, 1.1076777821253163, 1.1076777821253163, 1.1076777821253163, 1.1076777821253163, 1.1076777821253163, 1.1076777821253163, 1.1076777821253163, 1.1076777821253163, 1.1076777821253163, 1.1076777821253163, 1.1076777821253163, 1.1076777821253163, 1.1076777821253163, 1.1076777821253163, 1.1076777821253163, 1.1076777821253163, 1.1076777821253163, 1.1076777821253163, 1.1076777821253163, 1.1076777821253163, 1.1076777821253163, 1.1076777821253163, 1.1076777821253163, 1.1076777821253163, 1.1076777821253163, 1.1076777821253163, 1.1076777821253163, 1.1076777821253163, 1.1076777821253163, 1.1076777821253163, 1.1076777821253163, 1.1076777821253163, 1.1076777821253163, 1.1076777821253163, 1.1076777821253163, 1.1076777821253163, 1.1076777821253163, 1.1076777821253163, 1.1076777821253163, 1.1076777821253163, 1.1076777821253163, 1.1076777821253163, 1.1076777821253163, 1.1076777821253163, 1.1076777821253163, 1.1076777821253163, 1.1076777821253163],