{"config": {"engine": "rebound", "instruments": [{"gamma_ms": 0.0, "label": "instA", "sigma_jitter_ms": 0.026092449653888343, "sigma_white_ms": 3.3754237201602737}], "integrator_preference": "whfast", "los_axis": "x", "metadata": {}, "noise": {"gp": {"Q0": 1.0, "dQ": 0.1, "f": 0.5, "period_days": 25.0, "sigma_ms": 0.0, "use_gp": false}, "sigma_jitter_ms": 0.026092449653888343, "sigma_white_ms": 3.3754237201602737}, "planets": [{"Omega_rad": 0.401204963560718, "P_days": 3.8104087669898963, "e": 0.039491206474379426, "inc_rad": 1.2141348050961085, "l_rad": 1.8940868171817933, "m_sin_i_mjup": 0.025325514025190156, "m_true_mjup": null, "omega_rad": 2.8567517733271783}, {"Omega_rad": 5.349133344822522, "P_days": 7.296737728709992, "e": 0.22462895067857308, "inc_rad": 0.9979067276823432, "l_rad": 0.08057002956820959, "m_sin_i_mjup": 0.06000031170602176, "m_true_mjup": null, "omega_rad": 5.90009476082579}], "schedule": {"instruments": ["instA", "instA", "instA", "instA", "instA", "instA", "instA", "instA", "instA", "instA", "instA", "instA", "instA", "instA", "instA", "instA", "instA", "instA", "instA", "instA", "instA", "instA", "instA", "instA", "instA", "instA", "instA", "instA", "instA", "instA", "instA", "instA", "instA", "instA", "instA", "instA", "instA", "instA", "instA", "instA", "instA", "instA", "instA", "instA", "instA", "instA", "instA", "instA", "instA", "instA", "instA", "instA", "instA", "instA", "instA", "instA", "instA", "instA", "instA", "instA", "instA", "instA", "instA", "instA", "instA", "instA"], "times_days": [0.16553562292916751, 0.2351706680254507, 0.8242979917125682, 1.4277455704264685, 1.4538731186588247, 1.4678748350764115, 1.6177165997926424, 1.6606882215963255, 1.6929023661987634, 2.0662115772531195, 2.147583812510652, 2.604798106611502, 2.8144363621237956, 3.0124913602219268, 3.1289193106331177, 3.270197350384078, 3.8915070882365046, 3.989281471923274, 4.276733587641658, 4.475721815017084, 4.507203101937276, 4.947598651794849, 5.022652084956923, 5.068479933937042, 5.146046010954688, 5.3601642298447345, 5.800642053021662, 5.869355973754137, 5.877729149467304, 6.076334970621537, 6.1176302446207576, 6.424870086127204, 6.427177069502337, 6.502409171597726, 6.689205535828888, 6.974788254042855, 6.997569419548937, 7.466130118137863, 7.664034379266781, 8.064452219923199, 8.065025225170205, 8.193510950210495, 8.280683549603957, 8.43413855280492, 8.445906905020436, 8.794717761733116, 8.824565238358387, 9.250502080193593, 9.40981461494222, 9.587686856850144, 9.621882536106883, 9.86799503720157, 10.077962070839623, 10.101552717309175, 10.373743633954065, 10.673757309644348, 10.693018325410138, 10.934005474620303, 10.990093029775393, 11.017410000580368, 11.091656127564432, 12.061386892034783, 12.122074011994412, 12.14238877470481, 12.543971247814058, 12.811632007153866]}, "star": {"M_star_sun": 1.0848749325269385, "gamma_ms": 0.0}}, "difficulty_details": {"coverage_inner_periods": 3.3188293323749405, "gp_used": false, "minK_ms": 3.12371531388258, "n_obs": 66, "n_planets": 2, "raw_score": 6, "resonances_detected": 0, "snr_like": 0.9183302850661565}, "meta": {"noise": {"gp": {"Q0": 1.0, "dQ": 0.1, "f": 0.5, "period_days": 25.0, "sigma_ms": 0.0, "use_gp": false}, "sigma_jitter_ms": 0.026092449653888343, "sigma_white_ms": 3.3754237201602737}, "seed": 23, "source_generated_task_id": "eb9ba91e-5c6c-5604-8952-2ae71dc62cf7", "source_seed": 23}, "observations": {"instruments": ["instA", "instA", "instA", "instA", "instA", "instA", "instA", "instA", "instA", "instA", "instA", "instA", "instA", "instA", "instA", "instA", "instA", "instA", "instA", "instA", "instA", "instA", "instA", "instA", "instA", "instA", "instA", "instA", "instA", "instA", "instA", "instA", "instA", "instA", "instA", "instA", "instA", "instA", "instA", "instA", "instA", "instA", "instA", "instA", "instA", "instA", "instA", "instA", "instA", "instA", "instA", "instA", "instA", "instA", "instA", "instA", "instA", "instA", "instA", "instA", "instA", "instA", "instA", "instA", "instA", "instA"], "rvs_ms": [5.696703347891283, 10.774850447305742, 3.455605577487832, 3.6219656933651416, 13.202947946221038, 0.2999733813828285, -2.2205977421855363, 1.7166181569647203, 9.192088156564434, 9.582832949423864, -1.3928382391097687, 4.964269365195101, 3.267625587720671, 1.4041928212225032, -3.1549135107410353, 6.814113729532339, -1.475167299371592, 1.8390141854663402, -1.0787920360716265, 3.1907605574448974, 0.559116865436835, -11.155332300930771, -8.6970993817214, -4.6283897781487795, -13.121282231703765, -10.988088457588049, -9.274137024145892, -15.315290693280444, -14.004565799033426, -14.647635802022927, -7.658108226510907, -7.76467096100439, -2.7092295081970605, -4.600534971756353, -0.7012483269933438, 0.9126512938984557, 4.030604946245965, 6.06691807068922, 4.197557484026969, 11.782062349394316, 11.09640999892286, 15.072165199841205, 6.602305185583382, 4.404771584258091, 1.4178224250034992, -8.575437052169434, -0.11675851922925418, 4.202404229117525, -0.82752197477439, -6.875004814211474, 3.9023410624845862, -0.24699159073791188, 0.6069430264282718, 0.3836870189618846, 1.585843788558808, 3.7824642893944063, -3.673467295196746, 1.2771833369146344, 0.24870225203523777, 5.756898282867855, -1.7249619793546356, 1.4174721635568561, -2.59718125482867, 0.6533760351862501, -10.530041589622726, -6.967210982931443], "sigmas_ms": [3.3754237201602737, 3.3754237201602737, 3.3754237201602737, 3.3754237201602737, 3.3754237201602737, 3.3754237201602737, 3.3754237201602737, 3.3754237201602737, 3.3754237201602737, 3.3754237201602737, 3.3754237201602737, 3.3754237201602737, 3.3754237201602737, 3.3754237201602737, 3.3754237201602737, 3.3754237201602737, 3.3754237201602737, 3.3754237201602737, 3.3754237201602737, 3.3754237201602737, 3.3754237201602737, 3.3754237201602737, 3.3754237201602737, 3.3754237201602737, 3.3754237201602737, 3.3754237201602737, 3.3754237201602737, 3.3754237201602737, 3.3754237201602737, 3.3754237201602737, 3.3754237201602737, 3.3754237201602737, 3.3754237201602737, 3.3754237201602737, 3.3754237201602737, 3.3754237201602737, 3.3754237201602737, 3.3754237201602737, 3.3754237201602737, 3.3754237201602737, 3.3754237201602737, 3.3754237201602737, 3.3754237201602737, 3.3754237201602737, 3.3754237201602737, 3.3754237201602737, 3.3754237201602737, 3.3754237201602737, 3.3754237201602737, 3.3754237201602737, 3.3754237201602737, 3.3754237201602737, 3.3754237201602737, 3.3754237201602737, 3.3754237201602737, 3.3754237201602737, 3.3754237201602737, 3.3754237201602737, 3.3754237201602737, 3.3754237201602737, 3.3754237201602737, 3.3754237201602737, 3.3754237201602737, 3.3754237201602737, 3.3754237201602737, 3.3754237201602737],