{"config": {"engine": "rebound", "instruments": [{"gamma_ms": 0.0, "label": "instA", "sigma_jitter_ms": 0.884433058067748, "sigma_white_ms": 3.1837574101981656}], "integrator_preference": "whfast", "los_axis": "x", "metadata": {}, "noise": {"gp": {"Q0": 0.6991943690131857, "dQ": 0.5347630051987924, "f": 0.4513927141314306, "period_days": 17.66413703201332, "sigma_ms": 0.15760468463380517, "use_gp": true}, "sigma_jitter_ms": 0.884433058067748, "sigma_white_ms": 3.1837574101981656}, "planets": [{"Omega_rad": 4.474633688354672, "P_days": 35.62147844131646, "e": 0.15459157564433257, "inc_rad": 0.6087433498839135, "l_rad": 5.9247533022636025, "m_sin_i_mjup": 0.10299106155225134, "m_true_mjup": null, "omega_rad": 2.575638552110873}], "schedule": {"instruments": ["instA", "instA", "instA", "instA", "instA", "instA", "instA", "instA", "instA", "instA", "instA", "instA", "instA", "instA", "instA", "instA", "instA", "instA", "instA", "instA", "instA", "instA", "instA", "instA", "instA", "instA", "instA", "instA", "instA", "instA", "instA", "instA", "instA", "instA", "instA", "instA", "instA", "instA", "instA", "instA", "instA", "instA", "instA", "instA", "instA", "instA", "instA", "instA", "instA", "instA"], "times_days": [2.933120377866402, 3.897626957226609, 5.134825527469785, 7.785050652366283, 8.191212313968743, 9.701676785806976, 13.811549954390062, 16.684218045711596, 17.876407489193063, 18.16864452530548, 19.2013292228653, 19.745213402024287, 20.38726286327963, 25.103924589209118, 29.137010574074065, 29.437812816896066, 30.673495716008624, 31.502251929208594, 31.531086349793597, 35.201941247573366, 35.84976303604935, 38.39958018447669, 38.84958662603739, 41.62786322713369, 43.14091692538372, 44.11293769558903, 47.57366977648865, 47.99266325661931, 53.47170876527589, 53.9905683649602, 54.46921662801414, 56.64924625368375, 57.05752412183733, 60.90075085414624, 67.49303738797153, 67.82851556491387, 67.83846005447164, 68.8398811968699, 69.47237824944573, 70.36607823600798, 76.08896875212419, 76.0964558600124, 77.25908352190767, 77.74808049579408, 77.79178031867184, 82.84202134812878, 83.45957547287057, 85.82847134766287, 86.70488751643069, 89.36588422531216]}, "star": {"M_star_sun": 0.9431063893834863, "gamma_ms": 0.0}}, "difficulty_details": {"coverage_inner_periods": 2.4264226985928397, "gp_used": true, "minK_ms": 6.695641373615482, "n_obs": 50, "n_planets": 1, "raw_score": 6, "resonances_detected": 0, "snr_like": 1.6458524805672465}, "meta": {"noise": {"gp": {"Q0": 0.6991943690131857, "dQ": 0.5347630051987924, "f": 0.4513927141314306, "period_days": 17.66413703201332, "sigma_ms": 0.15760468463380517, "use_gp": true}, "sigma_jitter_ms": 0.884433058067748, "sigma_white_ms": 3.1837574101981656}, "seed": 24, "source_generated_task_id": "12972c64-4651-54d8-b354-71c023a6c2e0", "source_seed": 24}, "observations": {"instruments": ["instA", "instA", "instA", "instA", "instA", "instA", "instA", "instA", "instA", "instA", "instA", "instA", "instA", "instA", "instA", "instA", "instA", "instA", "instA", "instA", "instA", "instA", "instA", "instA", "instA", "instA", "instA", "instA", "instA", "instA", "instA", "instA", "instA", "instA", "instA", "instA", "instA", "instA", "instA", "instA", "instA", "instA", "instA", "instA", "instA", "instA", "instA", "instA", "instA", "instA"], "rvs_ms": [3.2594178756611987, -13.29106156991103, 10.037837201507072, 9.421578692852313, 11.168287784542596, 4.739658170908546, 3.484680592381582, 6.827330742855959, 7.601142748438711, 11.56594754955624, -0.6865386666782496, 3.1594304274731293, -3.602146022785864, -14.624410246091237, -10.516985424977346, -9.298001768714274, -8.423223088151376, -13.774773055087302, -5.103379185971121, -13.518924316228784, -1.9561333840767454, -5.35312301601327, 1.8177599449419841, 4.088656690498723, 10.196539706606249, 5.992525866068688, 1.3545409889085889, 9.813840744614454, 13.442807052012078, -0.5360454267171022, 0.4650613711830218, -3.738850127401807, -11.463091219409616, -16.254642138473127, -9.575628290647938, -8.747792689232583, -11.166377142048205, -9.25629388422276, -5.3742357483394105, -4.245139142706821, 0.10007435962230105, 13.18115687894283, 12.18069005837453, 4.899416555427907, 9.160022818360014, 8.761608620286939, 5.016804654824028, 14.210019814617546, 9.802910377828802, 7.760021835271025], "sigmas_ms": [3.1837574101981656, 3.1837574101981656, 3.1837574101981656, 3.1837574101981656, 3.1837574101981656, 3.1837574101981656, 3.1837574101981656, 3.1837574101981656, 3.1837574101981656, 3.1837574101981656, 3.1837574101981656, 3.1837574101981656, 3.1837574101981656, 3.1837574101981656, 3.1837574101981656, 3.1837574101981656, 3.1837574101981656, 3.1837574101981656, 3.1837574101981656, 3.1837574101981656, 3.1837574101981656, 3.1837574101981656, 3.1837574101981656, 3.1837574101981656, 3.1837574101981656, 3.1837574101981656, 3.1837574101981656, 3.1837574101981656, 3.1837574101981656, 3.1837574101981656, 3.1837574101981656, 3.1837574101981656, 3.1837574101981656, 3.1837574101981656, 3.1837574101981656, 3.1837574101981656, 3.1837574101981656, 3.1837574101981656, 3.1837574101981656, 3.1837574101981656, 3.1837574101981656, 3.1837574101981656, 3.1837574101981656, 3.1837574101981656, 3.1837574101981656, 3.1837574101981656, 3.1837574101981656, 3.1837574101981656, 3.1837574101981656, 3.1837574101981656], "times_days": [2.933120377866402, 3.897626957226609, 5.134825527469785, 7.785050652366283, 8.191212313968743, 9.701676785806976, 13.811549954390062, 16.684218045711596, 17.876407489193063, 18.16864452530548, 19.2013292228653, 19.745213402024287, 20.38726286327963, 25.103924589209118, 29.137010574074065, 29.437812816896066, 30.673495716008624, 31.502251929208594, 31.531086349793597, 35.201941247573366, 35.84976303604935, 38.39958018447669, 38.84958662603739, 41.62786322713369, 43.14091692538372, 44.11293769558903, 47.57366977648865, 47.99266325661931, 53.47170876527589, 53.9905683649602, 54.46921662801414, 56.64924625368375, 57.05752412183733, 60.90075085414624, 67.49303738797153, 67.82851556491387, 67.83846005447164, 68.8398811968699, 69.47237824944573, 70.36607823600798, 76.08896875212419, 76.0964558600124, 77.25908352190767, 77.74808049579408, 77.79178031867184, 82.84202134812878, 83.45957547287057, 85.82847134766287, 86.70488751643069, 89.36588422531216]}, "task_id": "seed24_diff6", "truth_difficulty": 6}