{"config": {"engine": "rebound", "instruments": [{"gamma_ms": 0.0, "label": "instA", "sigma_jitter_ms": 0.4452193570673422, "sigma_white_ms": 2.6221606084671762}], "integrator_preference": "whfast", "los_axis": "x", "metadata": {}, "noise": {"gp": {"Q0": 1.0, "dQ": 0.1, "f": 0.5, "period_days": 25.0, "sigma_ms": 0.0, "use_gp": false}, "sigma_jitter_ms": 0.4452193570673422, "sigma_white_ms": 2.6221606084671762}, "planets": [{"Omega_rad": 0.7016062537081006, "P_days": 14.254415896116146, "e": 0.33414869769759553, "inc_rad": 1.0364392732554044, "l_rad": 3.9337571920860324, "m_sin_i_mjup": 0.17676593360605156, "m_true_mjup": null, "omega_rad": 5.60863867612384}], "schedule": {"instruments": ["instA", "instA", "instA", "instA", "instA", "instA", "instA", "instA", "instA", "instA", "instA", "instA", "instA", "instA", "instA", "instA", "instA", "instA", "instA", "instA", "instA", "instA", "instA", "instA", "instA", "instA", "instA", "instA", "instA", "instA", "instA", "instA", "instA", "instA", "instA", "instA", "instA", "instA", "instA", "instA", "instA"], "times_days": [0.5278566589696291, 0.7287355344326586, 1.2701195035653863, 1.542784308110345, 2.140910941842986, 2.436527490204025, 3.920068680423815, 4.3385279443360325, 5.48488860883829, 6.846392201574565, 9.535186272425197, 11.201477986496664, 14.463135245140355, 15.228590889055134, 15.286076496296694, 16.488287694718014, 19.787553959084597, 20.26596703469426, 21.042190322333518, 22.082417568031474, 22.129549628924813, 22.505917317254465, 23.048496180623243, 24.08625530167781, 24.232825929005802, 24.325204363412947, 25.48061742501226, 26.435423002669324, 26.571537061652577, 27.922343106601954, 29.751843715837293, 30.163262898763122, 30.690416813467493, 32.61637480641114, 32.799054962216516, 33.09490976013472, 33.82033631754896, 34.301921810773386, 34.68218177566421, 36.26940965387048, 38.68842833500028]}, "star": {"M_star_sun": 1.0559303561018394, "gamma_ms": 0.0}}, "difficulty_details": {"coverage_inner_periods": 2.67710525314672, "gp_used": false, "minK_ms": 15.160693459199269, "n_obs": 41, "n_planets": 1, "raw_score": 5, "resonances_detected": 0, "snr_like": 4.942554763200777}, "meta": {"noise": {"gp": {"Q0": 1.0, "dQ": 0.1, "f": 0.5, "period_days": 25.0, "sigma_ms": 0.0, "use_gp": false}, "sigma_jitter_ms": 0.4452193570673422, "sigma_white_ms": 2.6221606084671762}, "seed": 49, "source_generated_task_id": "d1ba0ee6-7e57-5aa4-8c17-57b4fedf2bcb", "source_seed": 49}, "observations": {"instruments": ["instA", "instA", "instA", "instA", "instA", "instA", "instA", "instA", "instA", "instA", "instA", "instA", "instA", "instA", "instA", "instA", "instA", "instA", "instA", "instA", "instA", "instA", "instA", "instA", "instA", "instA", "instA", "instA", "instA", "instA", "instA", "instA", "instA", "instA", "instA", "instA", "instA", "instA", "instA", "instA", "instA"], "rvs_ms": [-9.293872838789182, -10.587709626375819, -14.531059011833253, -12.557520513088113, -14.332935466977911, -20.131760762211535, -13.538600586873928, -5.731072700157042, 9.574323238975966, 16.020399910989866, 16.5431914604955, 8.487126423713974, -4.80371343705103, -7.9065248227541485, -13.532190009579137, -16.242239932943363, 6.467315681306959, 11.64540201849266, 11.766709824319644, 12.906935351045698, 11.104238234512827, 15.748353807243193, 13.864254213578045, 11.997023685178224, 7.713614211864387, 9.625757916803604, 9.86312062006561, 7.664657973727244, 5.308212637472803, -3.9609536524024405, -10.553202223082838, -12.540755143317504, -19.54004536685017, -11.003713420218562, -6.823050928360902, -0.9262131703035204, 4.609784826098224, 3.9224423122339145, 9.252457512294948, 15.216770734766094, 8.796750597467126], "sigmas_ms": [2.6221606084671762, 2.6221606084671762, 2.6221606084671762, 2.6221606084671762, 2.6221606084671762, 2.6221606084671762, 2.6221606084671762, 2.6221606084671762, 2.6221606084671762, 2.6221606084671762, 2.6221606084671762, 2.6221606084671762, 2.6221606084671762, 2.6221606084671762, 2.6221606084671762, 2.6221606084671762, 2.6221606084671762, 2.6221606084671762, 2.6221606084671762, 2.6221606084671762, 2.6221606084671762, 2.6221606084671762, 2.6221606084671762, 2.6221606084671762, 2.6221606084671762, 2.6221606084671762, 2.6221606084671762, 2.6221606084671762, 2.6221606084671762, 2.6221606084671762, 2.6221606084671762, 2.6221606084671762, 2.6221606084671762, 2.6221606084671762, 2.6221606084671762, 2.6221606084671762, 2.6221606084671762, 2.6221606084671762, 2.6221606084671762, 2.6221606084671762, 2.6221606084671762], "times_days": [0.5278566589696291, 0.7287355344326586, 1.2701195035653863, 1.542784308110345, 2.140910941842986, 2.436527490204025, 3.920068680423815, 4.3385279443360325, 5.48488860883829, 6.846392201574565, 9.535186272425197, 11.201477986496664, 14.463135245140355, 15.228590889055134, 15.286076496296694, 16.488287694718014, 19.787553959084597, 20.26596703469426, 21.042190322333518, 22.082417568031474, 22.129549628924813, 22.505917317254465, 23.048496180623243, 24.08625530167781, 24.232825929005802, 24.325204363412947, 25.48061742501226, 26.435423002669324, 26.571537061652577, 27.922343106601954, 29.751843715837293, 30.163262898763122, 30.690416813467493, 32.61637480641114, 32.799054962216516, 33.09490976013472, 33.82033631754896, 34.301921810773386, 34.68218177566421, 36.26940965387048, 38.68842833500028]}, "task_id": "seed49_diff5", "truth_difficulty": 5}