{"config": {"engine": "rebound", "instruments": [{"gamma_ms": 0.0, "label": "instA", "sigma_jitter_ms": 0.14071541825407094, "sigma_white_ms": 2.8804913594629817}], "integrator_preference": "whfast", "los_axis": "x", "metadata": {}, "noise": {"gp": {"Q0": 1.0590082118971393, "dQ": 0.4354709186349673, "f": 0.35531960191712697, "period_days": 12.337493798968573, "sigma_ms": 0.9959765704358536, "use_gp": true}, "sigma_jitter_ms": 0.14071541825407094, "sigma_white_ms": 2.8804913594629817}, "planets": [{"Omega_rad": 5.341909778560195, "P_days": 12.710246995473929, "e": 0.19990157815874177, "inc_rad": 1.5190439964950062, "l_rad": 6.1497779658666385, "m_sin_i_mjup": 0.1842945724312189, "m_true_mjup": null, "omega_rad": 0.05589399463576999}, {"Omega_rad": 3.9424973017694884, "P_days": 289.277194668619, "e": 0.20736713270110552, "inc_rad": 1.1235383982631624, "l_rad": 1.1707856197104716, "m_sin_i_mjup": 0.45082298645078694, "m_true_mjup": null, "omega_rad": 0.7683229715357223}], "schedule": {"instruments": ["instA", "instA", "instA", "instA", "instA", "instA", "instA", "instA", "instA", "instA", "instA", "instA", "instA", "instA", "instA", "instA", "instA", "instA", "instA", "instA", "instA", "instA", "instA", "instA", "instA", "instA", "instA", "instA", "instA", "instA", "instA", "instA", "instA", "instA", "instA", "instA", "instA", "instA", "instA", "instA", "instA", "instA", "instA", "instA", "instA", "instA", "instA", "instA", "instA", "instA", "instA", "instA", "instA", "instA", "instA", "instA", "instA", "instA", "instA", "instA", "instA", "instA", "instA"], "times_days": [0.20774927171669605, 0.34783398178809566, 1.8801075041187552, 2.022659405501207, 2.336562797838114, 2.5609816468612654, 3.5898191466982188, 4.1791070133457, 4.781351560754312, 4.808330244694324, 5.460788729683736, 5.891102704083932, 7.285917325785824, 8.111061517313969, 9.337513111798463, 9.85166568799432, 10.7242254212341, 10.79118837183238, 12.201083885473343, 12.479032029425753, 12.901867298482319, 13.422199148061999, 14.148875708806134, 14.430860370566272, 14.643159702887006, 16.346293153921696, 16.357580214895894, 16.910935366272152, 17.081230574216416, 17.191012979135703, 17.66432735748921, 17.757113588602564, 19.443621762564803, 21.08504615610995, 21.108901294675086, 21.221383826075325, 22.946341199269593, 24.534559456691678, 24.6829637784629, 24.741338254937794, 26.36667099208528, 26.585390882105777, 27.082048914805853, 29.695824891722907, 30.30920217420537, 30.70245335717049, 31.271712168268216, 32.336560671836764, 32.366456929135886, 32.89795439906046, 33.230509060836376, 33.24324483761707, 33.86865320505497, 33.886993222878594, 33.96633444375327, 34.45919859544448, 34.681107778262565, 34.984153431103714, 34.98709955811981, 37.946997011867175, 38.06960914114489, 38.270690275751846, 38.60998549992279]}, "star": {"M_star_sun": 0.9059625218880031, "gamma_ms": 0.0}}, "difficulty_details": {"coverage_inner_periods": 3.0213603434993037, "gp_used": true, "minK_ms": 15.125974040203868, "n_obs": 63, "n_planets": 2, "raw_score": 4, "resonances_detected": 0, "snr_like": 5.006600061857955}, "meta": {"noise": {"gp": {"Q0": 1.0590082118971393, "dQ": 0.4354709186349673, "f": 0.35531960191712697, "period_days": 12.337493798968573, "sigma_ms": 0.9959765704358536, "use_gp": true}, "sigma_jitter_ms": 0.14071541825407094, "sigma_white_ms": 2.8804913594629817}, "seed": 6, "source_generated_task_id": "9179435f-e680-596c-9d84-03bbba881c12", "source_seed": 6}, "observations": {"instruments": ["instA", "instA", "instA", "instA", "instA", "instA", "instA", "instA", "instA", "instA", "instA", "instA", "instA", "instA", "instA", "instA", "instA", "instA", "instA", "instA", "instA", "instA", "instA", "instA", "instA", "instA", "instA", "instA", "instA", "instA", "instA", "instA", "instA", "instA", "instA", "instA", "instA", "instA", "instA", "instA", "instA", "instA", "instA", "instA", "instA", "instA", "instA", "instA", "instA", "instA", "instA", "instA", "instA", "instA", "instA", "instA", "instA", "instA", "instA", "instA", "instA", "instA", "instA"], "rvs_ms": [26.19230277118313, 20.827576025624396, 34.52497967577604, 35.223056722536676, 35.18974232405288, 31.897562864748313, 33.75184275186683, 29.103390078034277, 29.105712380265672, 24.767608780102186, 20.968571966057056, 27.629026475038685, 5.383770429625811, 5.290270779859751, 5.29789263818142, 10.711194242766592, -1.3840885923450181, 3.314760508336909, 9.704935005008574, 5.407755714423508, 20.544212681814656, 25.569481773598234, 30.450226160961453, 34.79040505676839, 30.067748255358005, 27.50366504695263, 25.72201413762051, 30.980322012573925, 26.722389839542828, 24.505872793907418, 28.666595289578876, 22.059041979012306, 17.085984265434675, 10.597822211889742, 2.3644348818508787, 1.6461715537216635, -1.4761524585732806, 7.585795235747515, 7.880673746910535, 8.457627699059769, 29.084807065931074, 26.721999658199323, 32.830259337259605, 32.39691402684128, 24.287015908315908, 24.518807717733274, 19.952852305782855, 4.027023120296533, 12.88911936383439, 11.484668466885852, 2.456764667448656, 6.0930056472684235, 5.798226311098742, 1.4845654918018751, -1.436750077486686, 5.759170003075602, 1.0940596491377201, 4.700607052412453, -4.349858630390727, 8.264141204240696, 7.695894245337221, 11.037107075707432, 11.811182730338926], "sigmas_ms": [2.8804913594629817, 2.8804913594629817, 2.8804913594629817, 2.8804913594629817, 2.8804913594629817, 2.8804913594629817, 2.8804913594629817, 2.8804913594629817, 2.8804913594629817, 2.8804913594629817, 2.8804913594629817, 2.8804913594629817, 2.8804913594629817, 2.8804913594629817, 2.8804913594629817, 2.8804913594629817, 2.8804913594629817, 2.8804913594629817, 2.8804913594629817, 2.8804913594629817, 2.8804913594629817, 2.8804913594629817, 2.8804913594629817, 2.8804913594629817, 2.8804913594629817, 2.8804913594629817, 2.8804913594629817, 2.8804913594629817, 2.8804913594629817, 2.8804913594629817, 2.8804913594629817, 2.8804913594629817, 2.8804913594629817, 2.8804913594629817, 2.8804913594629817, 2.8804913594629817, 2.8804913594629817, 2.8804913594629817, 2.8804913594629817, 2.8804913594629817, 2.8804913594629817, 2.8804913594629817, 2.8804913594629817, 2.8804913594629817, 2.8804913594629817, 2.8804913594629817, 2.8804913594629817, 2.8804913594629817, 2.8804913594629817, 2.8804913594629817, 2.8804913594629817, 2.8804913594629817, 2.8804913594629817, 2.8804913594629817, 2.8804913594629817, 2.8804913594629817, 2.8804913594629817, 2.8804913594629817, 2.8804913594629817, 2.8804913594629817, 2.8804913594629817, 2.8804913594629817, 2.8804913594629817], "times_days": [0.20774927171669605, 0.34783398178809566, 1.8801075041187552, 2.022659405501207, 2.336562797838114, 2.5609816468612654, 3.5898191466982188, 4.1791070133457, 4.781351560754312, 4.808330244694324, 5.460788729683736, 5.891102704083932, 7.285917325785824, 8.111061517313969, 9.337513111798463, 9.85166568799432, 10.7242254212341, 10.79118837183238, 12.201083885473343, 12.479032029425753, 12.901867298482319, 13.422199148061999, 14.148875708806134, 14.430860370566272, 14.643159702887006, 16.346293153921696, 16.357580214895894, 16.910935366272152, 17.081230574216416, 17.191012979135703, 17.66432735748921, 17.757113588602564, 19.443621762564803, 21.08504615610995, 21.108901294675086, 21.221383826075325, 22.946341199269593, 24.534559456691678, 24.6829637784629, 24.741338254937794, 26.36667099208528, 26.585390882105777, 27.082048914805853, 29.695824891722907, 30.30920217420537, 30.70245335717049, 31.271712168268216, 32.336560671836764, 32.366456929135886, 32.89795439906046, 33.230509060836376, 33.24324483761707, 33.86865320505497, 33.886993222878594, 33.96633444375327, 34.45919859544448, 34.681107778262565, 34.984153431103714, 34.98709955811981, 37.946997011867175, 38.06960914114489, 38.270690275751846, 38.60998549992279]}, "task_id": "seed6_diff4", "truth_difficulty": 4}