{"config": {"engine": "rebound", "instruments": [{"gamma_ms": 0.0, "label": "instA", "sigma_jitter_ms": 0.2693464479233183, "sigma_white_ms": 1.4662432483657437}], "integrator_preference": "whfast", "los_axis": "x", "metadata": {}, "noise": {"gp": {"Q0": 1.0, "dQ": 0.1, "f": 0.5, "period_days": 25.0, "sigma_ms": 0.0, "use_gp": false}, "sigma_jitter_ms": 0.2693464479233183, "sigma_white_ms": 1.4662432483657437}, "planets": [{"Omega_rad": 1.6013928483953153, "P_days": 97.49735771015655, "e": 0.4702793877793526, "inc_rad": 1.2886418136761453, "l_rad": 3.1701702074476534, "m_sin_i_mjup": 0.010245439877582762, "m_true_mjup": null, "omega_rad": 2.796496905695612}, {"Omega_rad": 0.2760957787909324, "P_days": 191.1273986645317, "e": 0.8998918328078643, "inc_rad": 0.9115268202640742, "l_rad": 3.2351418703601045, "m_sin_i_mjup": 0.12793657032881822, "m_true_mjup": null, "omega_rad": 0.22418580334633095}], "schedule": {"instruments": ["instA", "instA", "instA", "instA", "instA", "instA", "instA", "instA", "instA", "instA", "instA", "instA", "instA", "instA", "instA", "instA", "instA", "instA", "instA", "instA", "instA", "instA", "instA", "instA", "instA", "instA", "instA", "instA", "instA", "instA", "instA", "instA", "instA", "instA", "instA", "instA", "instA", "instA", "instA", "instA", "instA", "instA", "instA", "instA", "instA", "instA", "instA", "instA", "instA", "instA", "instA", "instA"], "times_days": [1.1833253973855307, 1.6684961849087525, 3.737350114758169, 11.306546139696623, 13.92456442503918, 18.775958346154983, 28.993587376069726, 48.9464040034621, 50.76879484161567, 60.9693587920141, 63.56926735591597, 68.22810287794897, 71.36478671529764, 78.43377300730012, 80.76435643068191, 84.79821313055909, 88.22890789800252, 95.11820161118193, 96.02643907009711, 114.47917147105781, 117.10052414750241, 141.03801767019317, 147.73370940828224, 148.28158065344206, 157.4517525077063, 159.88378918813964, 160.9054193386899, 161.54507508041246, 162.91618485927478, 163.1605582499058, 171.4803750113287, 175.39502393297613, 189.55557491088717, 194.10462967653842, 197.15928256825066, 199.39237929878024, 202.7167923851589, 219.29461803120356, 235.05610745507127, 245.8031817046748, 251.18269449741433, 252.57936828104917, 260.2349903876322, 263.02969813394145, 268.44922957494265, 276.1144028169151, 276.8160080400717, 278.9640792999768, 284.31362047939115, 290.6367355269019, 313.38666413001897, 315.45913523134703]}, "star": {"M_star_sun": 1.2383282805817453, "gamma_ms": 0.0}}, "difficulty_details": {"coverage_inner_periods": 3.2234289955657185, "gp_used": false, "minK_ms": 0.4445667673846884, "n_obs": 52, "n_planets": 2, "raw_score": 7, "resonances_detected": 1, "snr_like": 0.2561473880233534}, "meta": {"noise": {"gp": {"Q0": 1.0, "dQ": 0.1, "f": 0.5, "period_days": 25.0, "sigma_ms": 0.0, "use_gp": false}, "sigma_jitter_ms": 0.2693464479233183, "sigma_white_ms": 1.4662432483657437}, "seed": 7, "source_generated_task_id": "b98feb9c-041a-5fa4-aefc-c82e456e1836", "source_seed": 7}, "observations": {"instruments": ["instA", "instA", "instA", "instA", "instA", "instA", "instA", "instA", "instA", "instA", "instA", "instA", "instA", "instA", "instA", "instA", "instA", "instA", "instA", "instA", "instA", "instA", "instA", "instA", "instA", "instA", "instA", "instA", "instA", "instA", "instA", "instA", "instA", "instA", "instA", "instA", "instA", "instA", "instA", "instA", "instA", "instA", "instA", "instA", "instA", "instA", "instA", "instA", "instA", "instA", "instA", "instA"], "rvs_ms": [-0.19942168507570188, -2.686665048604611, -1.255119984574258, -2.3408318074001153, -2.179709199840174, 0.44797715399506255, -2.6659870565362915, -2.225718578526779, -0.9332632831908763, -3.5854964010414836, -3.016941772355242, -2.9518716464387165, -3.223514515621472, -5.709455360097885, -4.011030499150012, -2.6462662812510604, -7.684505257562164, -6.692093416199362, -8.216119264048235, 4.052088889807211, 7.523854120002335, 3.4685729839216046, 0.2004063744248874, 2.0738887656881038, 2.445362615980584, 1.2182165891463108, 2.4831990168411204, 1.3448325982457996, 2.3946191582667575, 3.5367315725767483, 0.1521443489594123, 1.367147567024059, -0.48315620973604756, -0.15450486910767597, -2.3693254647121917, -1.6004621432757815, -1.1889093513272386, -0.13145004016193473, -0.3149076668983406, -4.436972835435337, -3.90339310553618, -1.825520276736578, -6.199418013131611, -4.107441432078776, -3.990648268929923, -2.8467626693990074, -3.8018482349244387, -5.7031832499012705, -7.314430994134951, 2.1437814441936136, 6.076866989176521, 2.9357904827923207], "sigmas_ms": [1.4662432483657437, 1.4662432483657437, 1.4662432483657437, 1.4662432483657437, 1.4662432483657437, 1.4662432483657437, 1.4662432483657437, 1.4662432483657437, 1.4662432483657437, 1.4662432483657437, 1.4662432483657437, 1.4662432483657437, 1.4662432483657437, 1.4662432483657437, 1.4662432483657437, 1.4662432483657437, 1.4662432483657437, 1.4662432483657437, 1.4662432483657437, 1.4662432483657437, 1.4662432483657437, 1.4662432483657437, 1.4662432483657437, 1.4662432483657437, 1.4662432483657437, 1.4662432483657437, 1.4662432483657437, 1.4662432483657437, 1.4662432483657437, 1.4662432483657437, 1.4662432483657437, 1.4662432483657437, 1.4662432483657437, 1.4662432483657437, 1.4662432483657437, 1.4662432483657437, 1.4662432483657437, 1.4662432483657437, 1.4662432483657437, 1.4662432483657437, 1.4662432483657437, 1.4662432483657437, 1.4662432483657437, 1.4662432483657437, 1.4662432483657437, 1.4662432483657437, 1.4662432483657437, 1.4662432483657437, 1.4662432483657437, 1.4662432483657437, 1.4662432483657437, 1.4662432483657437], "times_days": [1.1833253973855307, 1.6684961849087525, 3.737350114758169, 11.306546139696623, 13.92456442503918, 18.775958346154983, 28.993587376069726, 48.9464040034621, 50.76879484161567, 60.9693587920141, 63.56926735591597, 68.22810287794897, 71.36478671529764, 78.43377300730012, 80.76435643068191, 84.79821313055909, 88.22890789800252, 95.11820161118193, 96.02643907009711, 114.47917147105781, 117.10052414750241, 141.03801767019317, 147.73370940828224, 148.28158065344206, 157.4517525077063, 159.88378918813964, 160.9054193386899, 161.54507508041246, 162.91618485927478, 163.1605582499058, 171.4803750113287, 175.39502393297613, 189.55557491088717, 194.10462967653842, 197.15928256825066, 199.39237929878024, 202.7167923851589, 219.29461803120356, 235.05610745507127, 245.8031817046748, 251.18269449741433, 252.57936828104917, 260.2349903876322, 263.02969813394145, 268.44922957494265, 276.1144028169151, 276.8160080400717, 278.9640792999768, 284.31362047939115, 290.6367355269019, 313.38666413001897, 315.45913523134703]}, "task_id": "seed7_diff7", "truth_difficulty": 7}