{"config": {"engine": "rebound", "instruments": [{"gamma_ms": 0.0, "label": "instA", "sigma_jitter_ms": 0.41686781745025997, "sigma_white_ms": 1.5020715257867612}], "integrator_preference": "whfast", "los_axis": "x", "metadata": {}, "noise": {"gp": {"Q0": 4.334517072805472, "dQ": 0.20764191729136966, "f": 0.43553904664435694, "period_days": 11.059974718156486, "sigma_ms": 0.7817890826598992, "use_gp": true}, "sigma_jitter_ms": 0.41686781745025997, "sigma_white_ms": 1.5020715257867612}, "planets": [{"Omega_rad": 3.6052919935446734, "P_days": 121.32045453213657, "e": 0.430456370064598, "inc_rad": 1.1610506027038827, "l_rad": 5.253938330037464, "m_sin_i_mjup": 0.03846376116265387, "m_true_mjup": null, "omega_rad": 1.203216275974941}], "schedule": {"instruments": ["instA", "instA", "instA", "instA", "instA", "instA", "instA", "instA", "instA", "instA", "instA", "instA", "instA", "instA", "instA", "instA", "instA", "instA", "instA", "instA", "instA", "instA", "instA", "instA", "instA", "instA", "instA", "instA", "instA", "instA", "instA", "instA", "instA", "instA", "instA", "instA", "instA", "instA", "instA", "instA", "instA", "instA", "instA", "instA", "instA", "instA", "instA", "instA", "instA", "instA", "instA", "instA", "instA", "instA", "instA", "instA", "instA", "instA", "instA", "instA", "instA", "instA", "instA", "instA", "instA", "instA"], "times_days": [10.928525020580276, 20.853713060487657, 28.74319291474379, 31.07438183001505, 51.18552023762974, 51.43818905120262, 57.23349121953952, 59.61871682716205, 61.10335709287403, 65.02605325329591, 82.36416966025865, 83.00593411234125, 88.4911541214022, 90.61627247981956, 91.07162407040379, 91.77269841298508, 94.54453328987282, 117.07387720304241, 120.11732818011734, 124.02581371645489, 127.54730551891168, 128.3490576538322, 129.0722859655499, 130.57855973621776, 130.8473420928137, 144.60500788386074, 147.19883517420507, 148.40734481399585, 164.64359784527696, 170.7145182922356, 170.9598962479177, 171.66187311777233, 171.6793343121511, 174.1315276341573, 178.64027169031664, 185.82802735702558, 188.39346069970819, 190.04927096794322, 190.4120356847746, 201.40551866622246, 215.6847721763021, 219.3255485721659, 221.18351398238676, 225.1282281114554, 227.22561209557642, 234.61562417709968, 243.54455089083265, 247.84226050234074, 248.77481279515425, 250.9942790867693, 254.84481457145878, 255.07603512415602, 259.9137764866941, 260.3298075169986, 271.3541746470109, 272.9649455950093, 275.5983753130903, 278.0278760745405, 281.6324642178571, 283.38701507807065, 290.0318666661487, 290.7016960907788, 297.8039577033442, 301.57121076435476, 307.1279618797766, 311.3268393525179]}, "star": {"M_star_sun": 1.2461505839632416, "gamma_ms": 0.0}}, "difficulty_details": {"coverage_inner_periods": 2.4760731031745777, "gp_used": true, "minK_ms": 1.5108121930895808, "n_obs": 66, "n_planets": 1, "raw_score": 8, "resonances_detected": 0, "snr_like": 0.7873162840785897}, "meta": {"noise": {"gp": {"Q0": 4.334517072805472, "dQ": 0.20764191729136966, "f": 0.43553904664435694, "period_days": 11.059974718156486, "sigma_ms": 0.7817890826598992, "use_gp": true}, "sigma_jitter_ms": 0.41686781745025997, "sigma_white_ms": 1.5020715257867612}, "seed": 91, "source_generated_task_id": "7f23343c-34e4-566f-8f48-1acacd9f8f53", "source_seed": 91}, "observations": {"instruments": ["instA", "instA", "instA", "instA", "instA", "instA", "instA", "instA", "instA", "instA", "instA", "instA", "instA", "instA", "instA", "instA", "instA", "instA", "instA", "instA", "instA", "instA", "instA", "instA", "instA", "instA", "instA", "instA", "instA", "instA", "instA", "instA", "instA", "instA", "instA", "instA", "instA", "instA", "instA", "instA", "instA", "instA", "instA", "instA", "instA", "instA", "instA", "instA", "instA", "instA", "instA", "instA", "instA", "instA", "instA", "instA", "instA", "instA", "instA", "instA", "instA", "instA", "instA", "instA", "instA", "instA"], "rvs_ms": [1.8563087515393244, 0.8307495382086036, 2.421774946644971, -2.2058278067136143, -1.1436619958491463, 0.3894551454025271, 0.34266538310103, -1.5600806946005896, -2.769485333460593, 2.6179331519210187, -1.3237786961885225, -1.5635234138152176, 3.62087853924655, 0.6954652949079094, -2.608542185732423, -2.081078835597429, 1.8119482985859379, 1.5733745926318596, 3.3014974812194, 0.8761383854186002, -1.546765579829224, -2.31955309072777, -1.501166856246487, -1.7940149732079622, -0.477072156579359, 1.7063008145439256, -2.4672839400084126, -0.2536424644049203, 3.9021791485341066, 3.9544056552499116, 2.895118203777644, -1.9802591617112546, 3.042147864531842, -0.6050533327529419, -1.337541898589635, 0.2128624220023405, -0.5207055361493085, -2.5144022727893427, -1.5823345728015665, -0.7394370860990844, -4.540979839759781, -2.3451271447581234, 0.1492258539233542, 1.6958984095820773, -2.191435571434217, 0.20244333856805624, -0.7105888488965579, -0.9338607245738164, 2.4613675674700373, 3.298142063142575, -0.554501113060484, -0.9102013827029156, -2.6521426542265325, 1.7383151503507697, -1.6162503434666586, 0.3748605689660309, -4.546472148992792, 1.8952246914529975, 1.1098299502805142, 1.4366127014456986, 3.1395746035030374, 3.9074812567210575, 1.179997782664464, 3.6771231265535125, 1.56034542538174, -1.0420356365700454], "sigmas_ms": [1.5020715257867612, 1.5020715257867612, 1.5020715257867612, 1.5020715257867612, 1.5020715257867612, 1.5020715257867612, 1.5020715257867612, 1.5020715257867612, 1.5020715257867612, 1.5020715257867612, 1.5020715257867612, 1.5020715257867612, 1.5020715257867612, 1.5020715257867612, 1.5020715257867612, 1.5020715257867612, 1.5020715257867612, 1.5020715257867612, 1.5020715257867612, 1.5020715257867612, 1.5020715257867612, 1.5020715257867612, 1.5020715257867612, 1.5020715257867612, 1.5020715257867612, 1.5020715257867612, 1.5020715257867612, 1.5020715257867612, 1.5020715257867612, 1.5020715257867612, 1.5020715257867612, 1.5020715257867612, 1.5020715257867612, 1.5020715257867612, 1.5020715257867612, 1.5020715257867612, 1.5020715257867612, 1.5020715257867612, 1.5020715257867612, 1.5020715257867612, 1.5020715257867612, 1.5020715257867612, 1.5020715257867612, 1.5020715257867612, 1.5020715257867612, 1.5020715257867612, 1.5020715257867612, 1.5020715257867612, 1.5020715257867612, 1.5020715257867612, 1.5020715257867612, 1.5020715257867612, 1.5020715257867612, 1.5020715257867612, 1.5020715257867612, 1.5020715257867612, 1.5020715257867612, 1.5020715257867612, 1.5020715257867612, 1.5020715257867612, 1.5020715257867612, 1.5020715257867612, 1.5020715257867612, 1.5020715257867612, 1.5020715257867612, 1.5020715257867612], "times_days": [10.928525020580276, 20.853713060487657, 28.74319291474379, 31.07438183001505, 51.18552023762974, 51.43818905120262, 57.23349121953952, 59.61871682716205, 61.10335709287403, 65.02605325329591, 82.36416966025865, 83.00593411234125, 88.4911541214022, 90.61627247981956, 91.07162407040379, 91.77269841298508, 94.54453328987282, 117.07387720304241, 120.11732818011734, 124.02581371645489, 127.54730551891168, 128.3490576538322, 129.0722859655499, 130.57855973621776, 130.8473420928137, 144.60500788386074, 147.19883517420507, 148.40734481399585, 164.64359784527696, 170.7145182922356, 170.9598962479177, 171.66187311777233, 171.6793343121511, 174.1315276341573, 178.64027169031664, 185.82802735702558, 188.39346069970819, 190.04927096794322, 190.4120356847746, 201.40551866622246, 215.6847721763021, 219.3255485721659, 221.18351398238676, 225.1282281114554, 227.22561209557642, 234.61562417709968, 243.54455089083265, 247.84226050234074, 248.77481279515425, 250.9942790867693, 254.84481457145878, 255.07603512415602, 259.9137764866941, 260.3298075169986, 271.3541746470109, 272.9649455950093, 275.5983753130903, 278.0278760745405, 281.6324642178571, 283.38701507807065, 290.0318666661487, 290.7016960907788, 297.8039577033442, 301.57121076435476, 307.1279618797766, 311.3268393525179]}, "task_id": "seed91_diff8", "truth_difficulty": 8}