{"config": {"engine": "rebound", "instruments": [{"gamma_ms": 0.0, "label": "instA", "sigma_jitter_ms": 0.33412327498684236, "sigma_white_ms": 1.4430784477028487}], "integrator_preference": "whfast", "los_axis": "x", "metadata": {}, "noise": {"gp": {"Q0": 1.0, "dQ": 0.1, "f": 0.5, "period_days": 25.0, "sigma_ms": 0.0, "use_gp": false}, "sigma_jitter_ms": 0.33412327498684236, "sigma_white_ms": 1.4430784477028487}, "planets": [{"Omega_rad": 1.3767267712299334, "P_days": 5.905531711813518, "e": 0.4380285714099258, "inc_rad": 0.6000186356828391, "l_rad": 2.300386088009197, "m_sin_i_mjup": 0.19492284383362204, "m_true_mjup": null, "omega_rad": 3.040625959529724}, {"Omega_rad": 0.3798753397785666, "P_days": 8.868471753927938, "e": 0.18204910698933596, "inc_rad": 0.7982583360591622, "l_rad": 3.1454882040778025, "m_sin_i_mjup": 0.033938935079173595, "m_true_mjup": null, "omega_rad": 6.104929221811734}, {"Omega_rad": 2.377781357607499, "P_days": 44.2758232916433, "e": 0.08039652456545758, "inc_rad": 0.6996097961544753, "l_rad": 4.384412557536027, "m_sin_i_mjup": 0.02401746064700558, "m_true_mjup": null, "omega_rad": 1.8654903252776518}], "schedule": {"instruments": ["instA", "instA", "instA", "instA", "instA", "instA", "instA", "instA", "instA", "instA", "instA", "instA", "instA", "instA", "instA", "instA", "instA", "instA", "instA", "instA", "instA", "instA", "instA", "instA", "instA", "instA", "instA", "instA", "instA", "instA", "instA", "instA", "instA", "instA", "instA", "instA", "instA", "instA", "instA", "instA", "instA", "instA", "instA", "instA", "instA", "instA", "instA", "instA", "instA", "instA", "instA", "instA", "instA", "instA", "instA"], "times_days": [1.0100438466494517, 1.3128925346342637, 1.4393548485498269, 2.4180133932852783, 2.631945236660994, 2.7233702317745743, 4.131650027816844, 4.692456552161512, 4.758124865995569, 5.474667750205018, 5.762163454522699, 5.774046410255019, 6.432684299621907, 6.44734749804273, 7.650355737714133, 7.950396894634636, 8.144781744869734, 8.162540349843962, 8.21788378054528, 8.660468289913393, 8.770603358514485, 8.96606258437434, 9.899875942280286, 9.973667350908674, 10.033116487253027, 10.301974513087284, 10.508750384293721, 10.794686199741546, 10.871166270811694, 11.686385389903283, 11.689342838418167, 12.16404318309151, 12.207943257231614, 13.247274766507877, 14.004946276615645, 15.030277787816118, 15.153030251716674, 15.156376903499261, 15.505237857545808, 15.964904782879177, 16.16216724632566, 16.370994953817824, 16.414080363540137, 16.552715843253335, 16.614315794482856, 17.33606362289088, 17.89795238574167, 17.907636395340216, 17.922269136526275, 18.270986918640226, 18.745384739281377, 18.881740593107207, 19.41598191309222, 21.09933222951321, 21.32496395016447]}, "star": {"M_star_sun": 1.1152888891764083, "gamma_ms": 0.0}}, "difficulty_details": {"coverage_inner_periods": 3.4399815452479467, "gp_used": false, "minK_ms": 1.2871800404525164, "n_obs": 55, "n_planets": 3, "raw_score": 8, "resonances_detected": 1, "snr_like": 0.7242734597986122}, "meta": {"noise": {"gp": {"Q0": 1.0, "dQ": 0.1, "f": 0.5, "period_days": 25.0, "sigma_ms": 0.0, "use_gp": false}, "sigma_jitter_ms": 0.33412327498684236, "sigma_white_ms": 1.4430784477028487}, "seed": 104, "source_generated_task_id": "8c211735-410e-57b4-adac-ba1d550e9510", "source_seed": 104}, "observations": {"instruments": ["instA", "instA", "instA", "instA", "instA", "instA", "instA", "instA", "instA", "instA", "instA", "instA", "instA", "instA", "instA", "instA", "instA", "instA", "instA", "instA", "instA", "instA", "instA", "instA", "instA", "instA", "instA", "instA", "instA", "instA", "instA", "instA", "instA", "instA", "instA", "instA", "instA", "instA", "instA", "instA", "instA", "instA", "instA", "instA", "instA", "instA", "instA", "instA", "instA", "instA", "instA", "instA", "instA", "instA", "instA"], "rvs_ms": [-32.229724296859985, -40.95529793857551, -42.77968359850643, -31.526599274279533, -26.34506387262147, -25.53801727654032, 1.4362712530947075, 16.346974051742567, 18.823200451363018, 35.24569157633152, 40.19773697735699, 46.05007215841828, 29.279543793197263, 27.666822433012783, -34.624750850196776, -33.805038389818044, -28.107261752812605, -26.603176658356915, -27.17731329765075, -20.127806254464616, -16.93216300616806, -11.082101649660743, 1.6644947335241158, 2.6716082757565456, 2.4451210473144798, 10.56991936089967, 12.660214117692874, 17.671149697328662, 18.84146255336336, 34.793473903576526, 36.07077096908192, 35.785842126719494, 30.671132029696846, -37.3899477456401, -27.072097072087026, -5.244674057073149, -5.569731222566471, -1.224611232282868, 2.1794072638622635, 12.027191999601001, 15.106108716468832, 20.959441853439106, 20.53719782853002, 23.271477954599607, 21.141833715360868, 36.29414972170225, 41.068527991314696, 41.00946214118491, 40.92085505534134, 23.66133128737707, -27.928116480267107, -34.6770818456127, -39.480544837750784, -10.539266830046412, -6.487814443755376], "sigmas_ms": [1.4430784477028487, 1.4430784477028487, 1.4430784477028487, 1.4430784477028487, 1.4430784477028487, 1.4430784477028487, 1.4430784477028487, 1.4430784477028487, 1.4430784477028487, 1.4430784477028487, 1.4430784477028487, 1.4430784477028487, 1.4430784477028487, 1.4430784477028487, 1.4430784477028487, 1.4430784477028487, 1.4430784477028487, 1.4430784477028487, 1.4430784477028487, 1.4430784477028487, 1.4430784477028487, 1.4430784477028487, 1.4430784477028487, 1.4430784477028487, 1.4430784477028487, 1.4430784477028487, 1.4430784477028487, 1.4430784477028487, 1.4430784477028487, 1.4430784477028487, 1.4430784477028487, 1.4430784477028487, 1.4430784477028487, 1.4430784477028487, 1.4430784477028487, 1.4430784477028487, 1.4430784477028487, 1.4430784477028487, 1.4430784477028487, 1.4430784477028487, 1.4430784477028487, 1.4430784477028487, 1.4430784477028487, 1.4430784477028487, 1.4430784477028487, 1.4430784477028487, 1.4430784477028487, 1.4430784477028487, 1.4430784477028487, 1.4430784477028487, 1.4430784477028487, 1.4430784477028487, 1.4430784477028487, 1.4430784477028487, 1.4430784477028487], "times_days": [1.0100438466494517, 1.3128925346342637, 1.4393548485498269, 2.4180133932852783, 2.631945236660994, 2.7233702317745743, 4.131650027816844, 4.692456552161512, 4.758124865995569, 5.474667750205018, 5.762163454522699, 5.774046410255019, 6.432684299621907, 6.44734749804273, 7.650355737714133, 7.950396894634636, 8.144781744869734, 8.162540349843962, 8.21788378054528, 8.660468289913393, 8.770603358514485, 8.96606258437434, 9.899875942280286, 9.973667350908674, 10.033116487253027, 10.301974513087284, 10.508750384293721, 10.794686199741546, 10.871166270811694, 11.686385389903283, 11.689342838418167, 12.16404318309151, 12.207943257231614, 13.247274766507877, 14.004946276615645, 15.030277787816118, 15.153030251716674, 15.156376903499261, 15.505237857545808, 15.964904782879177, 16.16216724632566, 16.370994953817824, 16.414080363540137, 16.552715843253335, 16.614315794482856, 17.33606362289088, 17.89795238574167, 17.907636395340216, 17.922269136526275, 18.270986918640226, 18.745384739281377, 18.881740593107207, 19.41598191309222, 21.09933222951321, 21.32496395016447]}, "task_id": "seed104_diff8", "truth_difficulty": 8}