{"config": {"engine": "rebound", "instruments": [{"gamma_ms": 0.0, "label": "instA", "sigma_jitter_ms": 0.9445066229838364, "sigma_white_ms": 4.588356921446902}], "integrator_preference": "whfast", "los_axis": "x", "metadata": {}, "noise": {"gp": {"Q0": 1.0, "dQ": 0.1, "f": 0.5, "period_days": 25.0, "sigma_ms": 0.0, "use_gp": false}, "sigma_jitter_ms": 0.9445066229838364, "sigma_white_ms": 4.588356921446902}, "planets": [{"Omega_rad": 3.381254158776311, "P_days": 4.118456363228755, "e": 0.3289929198041357, "inc_rad": 0.7174068107290029, "l_rad": 4.953843645140002, "m_sin_i_mjup": 0.07025106264669263, "m_true_mjup": null, "omega_rad": 2.0717654764182005}, {"Omega_rad": 4.714680286095766, "P_days": 18.788732174390557, "e": 0.17742153227663096, "inc_rad": 1.3053776153629526, "l_rad": 3.048544801724996, "m_sin_i_mjup": 0.040400771503000026, "m_true_mjup": null, "omega_rad": 1.7618601881823626}], "schedule": {"instruments": ["instA", "instA", "instA", "instA", "instA", "instA", "instA", "instA", "instA", "instA", "instA", "instA", "instA", "instA", "instA", "instA", "instA", "instA", "instA", "instA", "instA", "instA", "instA", "instA", "instA", "instA", "instA", "instA", "instA", "instA", "instA", "instA", "instA", "instA", "instA", "instA", "instA", "instA", "instA", "instA", "instA", "instA", "instA", "instA"], "times_days": [0.3431865484781074, 0.4930399090444158, 0.7764232716337583, 1.4428446692183354, 1.6691867776976494, 1.795182576552434, 2.0005581424677206, 2.533575779510694, 3.2389266145692703, 3.26652055644945, 3.448054942195168, 3.4918581366353023, 3.7756072215850325, 3.883156862796074, 4.106064252177889, 5.019862331756564, 5.095651591259964, 5.271575381291796, 5.647292569259861, 5.7199915994842385, 6.041958404079026, 6.4264693529898445, 6.582386131978292, 6.701360258634176, 6.739758818099879, 6.843948826448979, 7.383741982535873, 7.6335724316889, 7.764157552064634, 7.9862947282632195, 9.025622702438847, 9.34409825993159, 9.383304924158166, 9.671835044961112, 9.818099844657336, 10.307167499703924, 10.458828547606078, 10.617617423915688, 11.422872371020826, 11.81328755418431, 11.835879932671046, 11.975269675834946, 12.078231687174062, 12.212868084517423]}, "star": {"M_star_sun": 1.2702782177955612, "gamma_ms": 0.0}}, "difficulty_details": {"coverage_inner_periods": 2.88207048689811, "gp_used": false, "minK_ms": 2.6758053006443654, "n_obs": 44, "n_planets": 2, "raw_score": 8, "resonances_detected": 0, "snr_like": 0.48362033134501814}, "meta": {"noise": {"gp": {"Q0": 1.0, "dQ": 0.1, "f": 0.5, "period_days": 25.0, "sigma_ms": 0.0, "use_gp": false}, "sigma_jitter_ms": 0.9445066229838364, "sigma_white_ms": 4.588356921446902}, "seed": 1, "source_generated_task_id": "3315fe98-6458-5ace-8c8a-c22198129a53", "source_seed": 1}, "observations": {"instruments": ["instA", "instA", "instA", "instA", "instA", "instA", "instA", "instA", "instA", "instA", "instA", "instA", "instA", "instA", "instA", "instA", "instA", "instA", "instA", "instA", "instA", "instA", "instA", "instA", "instA", "instA", "instA", "instA", "instA", "instA", "instA", "instA", "instA", "instA", "instA", "instA", "instA", "instA", "instA", "instA", "instA", "instA", "instA", "instA"], "rvs_ms": [-8.492189166994951, -4.723318022780452, -2.7283815661123825, 14.118242854346146, 2.9047687212441655, 8.566521196997, 22.52730715141628, 6.5248523911165375, -5.799236870075468, -11.49402394129206, -17.66018238837332, -9.285627878674433, -9.855401618858155, -16.02134335776723, -12.981359007609502, -4.289166924313493, -7.574938740548656, -1.4977887517667465, 5.242780009661926, 6.28640781477072, 9.30957467140747, 12.600857005305699, 9.622418539546274, 3.448974633331708, -2.9439123432195347, 1.7306750806876885, -11.068597660245242, -5.4890361641067384, -14.752964472531197, -5.258086612429052, -3.7170563197391773, -5.856388581460365, -0.9526600027172291, 5.246231283497043, 8.943207149363579, 10.376351695904745, 8.715027730346508, 11.262646036244806, -7.4816291196738245, -5.4640445337599735, -3.0172185974806456, -14.229393273232507, -5.144854528064814, -0.2469927865092192], "sigmas_ms": [4.588356921446902, 4.588356921446902, 4.588356921446902, 4.588356921446902, 4.588356921446902, 4.588356921446902, 4.588356921446902, 4.588356921446902, 4.588356921446902, 4.588356921446902, 4.588356921446902, 4.588356921446902, 4.588356921446902, 4.588356921446902, 4.588356921446902, 4.588356921446902, 4.588356921446902, 4.588356921446902, 4.588356921446902, 4.588356921446902, 4.588356921446902, 4.588356921446902, 4.588356921446902, 4.588356921446902, 4.588356921446902, 4.588356921446902, 4.588356921446902, 4.588356921446902, 4.588356921446902, 4.588356921446902, 4.588356921446902, 4.588356921446902, 4.588356921446902, 4.588356921446902, 4.588356921446902, 4.588356921446902, 4.588356921446902, 4.588356921446902, 4.588356921446902, 4.588356921446902, 4.588356921446902, 4.588356921446902, 4.588356921446902, 4.588356921446902], "times_days": [0.3431865484781074, 0.4930399090444158, 0.7764232716337583, 1.4428446692183354, 1.6691867776976494, 1.795182576552434, 2.0005581424677206, 2.533575779510694, 3.2389266145692703, 3.26652055644945, 3.448054942195168, 3.4918581366353023, 3.7756072215850325, 3.883156862796074, 4.106064252177889, 5.019862331756564, 5.095651591259964, 5.271575381291796, 5.647292569259861, 5.7199915994842385, 6.041958404079026, 6.4264693529898445, 6.582386131978292, 6.701360258634176, 6.739758818099879, 6.843948826448979, 7.383741982535873, 7.6335724316889, 7.764157552064634, 7.9862947282632195, 9.025622702438847, 9.34409825993159, 9.383304924158166, 9.671835044961112, 9.818099844657336, 10.307167499703924, 10.458828547606078, 10.617617423915688, 11.422872371020826, 11.81328755418431, 11.835879932671046, 11.975269675834946, 12.078231687174062, 12.212868084517423]}, "task_id": "seed1_diff8", "truth_difficulty": 8}