{"config": {"engine": "rebound", "instruments": [{"gamma_ms": 0.0, "label": "instA", "sigma_jitter_ms": 0.1714000075712234, "sigma_white_ms": 0.5643373954626976}], "integrator_preference": "whfast", "los_axis": "x", "metadata": {}, "noise": {"gp": {"Q0": 1.0954304385721678, "dQ": 0.7451476685568106, "f": 0.4823120247215547, "period_days": 26.971528671457396, "sigma_ms": 1.3698483263612498, "use_gp": true}, "sigma_jitter_ms": 0.1714000075712234, "sigma_white_ms": 0.5643373954626976}, "planets": [{"Omega_rad": 5.137784343101861, "P_days": 116.38336897256184, "e": 0.6733673052891922, "inc_rad": 1.117112076235865, "l_rad": 3.2531173529937476, "m_sin_i_mjup": 0.6619334925951806, "m_true_mjup": null, "omega_rad": 2.568147270510931}, {"Omega_rad": 3.3825102985676865, "P_days": 234.56197119669065, "e": 0.1931823659663136, "inc_rad": 0.20417650439429405, "l_rad": 6.2376993737175175, "m_sin_i_mjup": 0.017142721392849638, "m_true_mjup": null, "omega_rad": 4.631651447955068}, {"Omega_rad": 4.538516345689166, "P_days": 300.0, "e": 0.12677030321496735, "inc_rad": 0.9881585984782613, "l_rad": 3.441311875095991, "m_sin_i_mjup": 0.011488279492358809, "m_true_mjup": null, "omega_rad": 3.473045854916819}], "schedule": {"instruments": ["instA", "instA", "instA", "instA", "instA", "instA", "instA", "instA", "instA", "instA", "instA", "instA", "instA", "instA", "instA", "instA", "instA", "instA", "instA", "instA", "instA", "instA", "instA", "instA", "instA", "instA", "instA", "instA", "instA", "instA", "instA", "instA", "instA", "instA", "instA", "instA", "instA", "instA", "instA", "instA", "instA", "instA", "instA"], "times_days": [1.1419124199884236, 13.077226977931817, 22.371091272130315, 32.104101822266045, 33.5094167328131, 35.77022708741249, 50.80266553206664, 50.93144779925019, 96.84007103693632, 107.76877524049702, 113.48415308741015, 124.27072030979045, 139.20461179977673, 177.41595579142148, 190.24108698192163, 197.8384512067208, 207.4343094009703, 216.105746809136, 224.7359141394645, 233.67479913849363, 237.73700305553615, 238.8337033651025, 239.92928946590925, 259.9939476260173, 266.4241714942448, 286.33881442083504, 313.5354520324053, 318.0167846778868, 319.969527436091, 320.87215660972487, 337.13060740618863, 352.0351289131142, 353.1800670239139, 353.3299906881316, 354.93483194998777, 371.25504831936695, 395.17393551681494, 410.8256352783465, 416.0354915645146, 419.8669462864109, 425.0466232379081, 427.46660439019246, 430.9205352181667]}, "star": {"M_star_sun": 1.2131815089592355, "gamma_ms": 0.0}}, "difficulty_details": {"coverage_inner_periods": 3.6927838280699836, "gp_used": true, "minK_ms": 0.3091244387905802, "n_obs": 43, "n_planets": 3, "raw_score": 12, "resonances_detected": 1, "snr_like": 0.42015593813208396}, "meta": {"noise": {"gp": {"Q0": 1.0954304385721678, "dQ": 0.7451476685568106, "f": 0.4823120247215547, "period_days": 26.971528671457396, "sigma_ms": 1.3698483263612498, "use_gp": true}, "sigma_jitter_ms": 0.1714000075712234, "sigma_white_ms": 0.5643373954626976}, "seed": 13, "source_generated_task_id": "29fb7be1-83eb-57ea-b153-80d27be8b847", "source_seed": 13}, "observations": {"instruments": ["instA", "instA", "instA", "instA", "instA", "instA", "instA", "instA", "instA", "instA", "instA", "instA", "instA", "instA", "instA", "instA", "instA", "instA", "instA", "instA", "instA", "instA", "instA", "instA", "instA", "instA", "instA", "instA", "instA", "instA", "instA", "instA", "instA", "instA", "instA", "instA", "instA", "instA", "instA", "instA", "instA", "instA", "instA"], "rvs_ms": [-23.68779525402946, -17.759310893937513, -12.780936898490236, -10.122423016118566, -10.582134870473944, -10.422496665472854, -1.25559421612021, -1.0354258890497245, 43.2427709134775, -9.23831141058113, -20.775624749393526, -21.088963879887785, -15.271382072647752, -0.19400371113129605, 5.05475435953862, 15.270248708471396, 26.984080685280418, 46.01985599385508, -10.940232086737339, -25.226810543256303, -24.75224908889216, -23.80356635002114, -23.73596655859718, -10.340875393679594, -7.277081377076482, 1.0916237188476998, 15.819569839149272, 21.811339681664837, 22.745928932843228, 25.678951830774537, 21.708108435598692, -23.24254748553587, -24.81661754941453, -24.355486480439563, -25.536101006984005, -18.586910330055368, -7.36940911001763, -1.7289979084350275, 2.6034905637389225, 5.20642523953587, 9.768621263098403, 10.002899241220122, 13.413640927064362], "sigmas_ms": [0.5643373954626976, 0.5643373954626976, 0.5643373954626976, 0.5643373954626976, 0.5643373954626976, 0.5643373954626976, 0.5643373954626976, 0.5643373954626976, 0.5643373954626976, 0.5643373954626976, 0.5643373954626976, 0.5643373954626976, 0.5643373954626976, 0.5643373954626976, 0.5643373954626976, 0.5643373954626976, 0.5643373954626976, 0.5643373954626976, 0.5643373954626976, 0.5643373954626976, 0.5643373954626976, 0.5643373954626976, 0.5643373954626976, 0.5643373954626976, 0.5643373954626976, 0.5643373954626976, 0.5643373954626976, 0.5643373954626976, 0.5643373954626976, 0.5643373954626976, 0.5643373954626976, 0.5643373954626976, 0.5643373954626976, 0.5643373954626976, 0.5643373954626976, 0.5643373954626976, 0.5643373954626976, 0.5643373954626976, 0.5643373954626976, 0.5643373954626976, 0.5643373954626976, 0.5643373954626976, 0.5643373954626976], "times_days": [1.1419124199884236, 13.077226977931817, 22.371091272130315, 32.104101822266045, 33.5094167328131, 35.77022708741249, 50.80266553206664, 50.93144779925019, 96.84007103693632, 107.76877524049702, 113.48415308741015, 124.27072030979045, 139.20461179977673, 177.41595579142148, 190.24108698192163, 197.8384512067208, 207.4343094009703, 216.105746809136, 224.7359141394645, 233.67479913849363, 237.73700305553615, 238.8337033651025, 239.92928946590925, 259.9939476260173, 266.4241714942448, 286.33881442083504, 313.5354520324053, 318.0167846778868, 319.969527436091, 320.87215660972487, 337.13060740618863, 352.0351289131142, 353.1800670239139, 353.3299906881316, 354.93483194998777, 371.25504831936695, 395.17393551681494, 410.8256352783465, 416.0354915645146, 419.8669462864109, 425.0466232379081, 427.46660439019246, 430.9205352181667]}, "task_id": "seed13_diff10", "truth_difficulty": 10}