{"config": {"engine": "rebound", "instruments": [{"gamma_ms": 0.0, "label": "instA", "sigma_jitter_ms": 0.2688778708019706, "sigma_white_ms": 1.3348768544564522}], "integrator_preference": "whfast", "los_axis": "x", "metadata": {}, "noise": {"gp": {"Q0": 1.0, "dQ": 0.1, "f": 0.5, "period_days": 25.0, "sigma_ms": 0.0, "use_gp": false}, "sigma_jitter_ms": 0.2688778708019706, "sigma_white_ms": 1.3348768544564522}, "planets": [{"Omega_rad": 3.3179463945001846, "P_days": 12.710080966899728, "e": 0.5939043759977897, "inc_rad": 0.9447358522345215, "l_rad": 4.606101551530007, "m_sin_i_mjup": 0.30217470515604083, "m_true_mjup": null, "omega_rad": 1.75725981007319}], "schedule": {"instruments": ["instA", "instA", "instA", "instA", "instA", "instA", "instA", "instA", "instA", "instA", "instA", "instA", "instA", "instA", "instA", "instA", "instA", "instA", "instA", "instA", "instA", "instA", "instA", "instA", "instA", "instA", "instA", "instA", "instA", "instA", "instA", "instA", "instA", "instA", "instA", "instA", "instA", "instA", "instA", "instA", "instA", "instA", "instA", "instA", "instA", "instA", "instA", "instA", "instA", "instA", "instA", "instA", "instA", "instA", "instA", "instA", "instA", "instA", "instA", "instA", "instA", "instA", "instA", "instA", "instA", "instA", "instA", "instA", "instA", "instA", "instA", "instA", "instA", "instA", "instA", "instA", "instA", "instA", "instA", "instA", "instA", "instA", "instA", "instA", "instA", "instA", "instA", "instA", "instA", "instA", "instA", "instA", "instA", "instA"], "times_days": [0.831840402041103, 1.2133490667358566, 1.6091429405835627, 1.8437124779588663, 2.8839763016597035, 4.063828609412739, 4.395044080630633, 5.202255138829286, 5.687862582347384, 6.01000367239007, 6.1901836350123265, 6.346924835421657, 6.348295393183193, 7.056259466863594, 7.281495515476497, 7.405893232087978, 7.803957349835245, 7.896325218817665, 7.981155887632801, 8.76357041853967, 11.446023756391922, 12.13252789396103, 12.612411266814446, 13.263310624069366, 14.119653134674166, 16.351065168353326, 16.480303224193573, 16.675791256173465, 17.422382048765385, 18.63246649062907, 18.925671607759806, 19.549432066698984, 21.478674062155342, 21.57851012685436, 24.54013425935161, 25.002357530773757, 25.43296685451303, 25.530922752458512, 25.607181579871853, 26.30660211036418, 26.35482274874026, 26.65631772562363, 26.659832508110537, 28.04912819284077, 28.983817857354637, 29.490042885003035, 29.534621558670132, 29.58241526446527, 30.098551539598315, 30.119673775996816, 30.316694432093225, 30.5158086277373, 30.651551981339708, 30.937618092678758, 31.210115669334545, 31.754578609469203, 31.98964639702129, 32.14096178488991, 32.55032714586881, 32.61542329130745, 33.33040401139245, 33.98191911917947, 34.39729944945543, 35.21098268111883, 35.59804309894824, 35.997710936197734, 36.08405167266098, 36.40961899785047, 37.010210919226246, 37.02797295436452, 37.365893565446335, 38.45660859111755, 39.711095631410615, 39.94622453066245, 39.97577218070885, 41.32944749890897, 41.3493489947423, 42.1384956323285, 42.14906325321792, 42.504218140633995, 43.17865917596859, 44.359294394629366, 44.56810573371246, 45.17312948690676, 45.27265090253985, 46.746355473064135, 47.541501015978824, 47.8461289066788, 48.25964084704077, 48.43543058892395, 48.68682838248106, 48.90251279669364, 49.56256458882871, 50.341239085150264]}, "star": {"M_star_sun": 1.2650101114988206, "gamma_ms": 0.0}}, "difficulty_details": {"coverage_inner_periods": 3.8952858610455894, "gp_used": false, "minK_ms": 27.965244208077138, "n_obs": 94, "n_planets": 1, "raw_score": 1, "resonances_detected": 0, "snr_like": 17.437357326302454}, "meta": {"noise": {"gp": {"Q0": 1.0, "dQ": 0.1, "f": 0.5, "period_days": 25.0, "sigma_ms": 0.0, "use_gp": false}, "sigma_jitter_ms": 0.2688778708019706, "sigma_white_ms": 1.3348768544564522}, "patch_profile": "easy_bias_for_diff1", "seed": 300116, "source_generated_task_id": "c66c5e6e-373c-548a-bb00-9671e5694a6c", "source_seed": 300116}, "observations": {"instruments": ["instA", "instA", "instA", "instA", "instA", "instA", "instA", "instA", "instA", "instA", "instA", "instA", "instA", "instA", "instA", "instA", "instA", "instA", "instA", "instA", "instA", "instA", "instA", "instA", "instA", "instA", "instA", "instA", "instA", "instA", "instA", "instA", "instA", "instA", "instA", "instA", "instA", "instA", "instA", "instA", "instA", "instA", "instA", "instA", "instA", "instA", "instA", "instA", "instA", "instA", "instA", "instA", "instA", "instA", "instA", "instA", "instA", "instA", "instA", "instA", "instA", "instA", "instA", "instA", "instA", "instA", "instA", "instA", "instA", "instA", "instA", "instA", "instA", "instA", "instA", "instA", "instA", "instA", "instA", "instA", "instA", "instA", "instA", "instA", "instA", "instA", "instA", "instA", "instA", "instA", "instA", "instA", "instA", "instA"], "rvs_ms": [-11.222276156384675, -12.645330003920566, -13.303731962761201, -11.997867963752181, -5.458573636364852, -3.941696469616818, -3.018162495882862, 6.269002816752618, 16.344292058217746, 23.390934729830995, 28.80133737731771, 34.509158305704496, 34.43128371999103, 45.93455997009212, 35.68092708344502, 30.31705742413008, 15.876737786781948, 13.899638849298888, 10.567425264147015, -3.089693021508809, -10.774129172757432, -13.38851733553386, -13.363669073442614, -11.48698099100182, -11.539013645655313, -3.4879409944891053, -5.190149591576755, -3.764468933267052, 3.013796052552363, 21.45720978500792, 26.773005943486197, 48.263704939169536, -2.417718500902253, -5.6922723648478275, -11.857979647251913, -13.059574637300242, -12.949247682738887, -12.915082572530261, -12.772371565344763, -10.917694207247242, -13.291056193184884, -10.655054319855257, -11.77449878817837, -7.69459712083585, -4.097440565949962, -4.532731285368932, -2.277259360239113, -2.0787649027075794, 0.38359685045839453, 1.4275924147106107, 6.552488918760158, 5.306182994971807, 7.8091959264636115, 9.903293852935219, 17.608580198002013, 34.375022678252044, 42.77062629134951, 48.97691005103473, 43.1865707488552, 39.76841089491314, 10.291535646659957, -0.48562231295490516, -4.775717744652791, -9.69380854096813, -10.184962366912021, -11.562812352847534, -13.0401854897289, -13.786001354172935, -11.121515321284281, -11.902029711752611, -13.670691432740702, -13.78848739340268, -11.79636905553458, -10.05391882139512, -11.361419547524111, -6.651151376631389, -5.679013741461935, -3.0248680774815537, -3.2338615513831996, -3.9407494574337285, 6.285532373459295, 31.651208218930215, 36.39536537317275, 45.77041019012549, 44.20812308757802, -1.8759449708868328, -6.078068719305462, -5.094303489841439, -11.048608571266088, -11.801111231484958, -9.943358180390216, -13.803829326068069, -13.169305043716697, -13.202430576550697],