{"config": {"engine": "rebound", "instruments": [{"gamma_ms": 0.0, "label": "instA", "sigma_jitter_ms": 0.04700614888043728, "sigma_white_ms": 2.067212447977588}], "integrator_preference": "whfast", "los_axis": "x", "metadata": {}, "noise": {"gp": {"Q0": 1.0, "dQ": 0.1, "f": 0.5, "period_days": 25.0, "sigma_ms": 0.0, "use_gp": false}, "sigma_jitter_ms": 0.04700614888043728, "sigma_white_ms": 2.067212447977588}, "planets": [{"Omega_rad": 5.3872299529679575, "P_days": 2.4557950686943686, "e": 0.513148271266917, "inc_rad": 1.5680578232018931, "l_rad": 4.584560380312186, "m_sin_i_mjup": 0.16340733664249774, "m_true_mjup": null, "omega_rad": 0.21102439329246717}, {"Omega_rad": 0.7808948568301981, "P_days": 4.947110271497176, "e": 0.35479584771493966, "inc_rad": 1.5424728688687637, "l_rad": 4.066411630084061, "m_sin_i_mjup": 0.022454905991317237, "m_true_mjup": null, "omega_rad": 4.213657469038928}], "schedule": {"instruments": ["instA", "instA", "instA", "instA", "instA", "instA", "instA", "instA", "instA", "instA", "instA", "instA", "instA", "instA", "instA", "instA", "instA", "instA", "instA", "instA", "instA", "instA", "instA", "instA", "instA", "instA", "instA", "instA", "instA", "instA", "instA", "instA", "instA", "instA", "instA", "instA", "instA", "instA", "instA", "instA", "instA", "instA", "instA", "instA", "instA", "instA", "instA", "instA", "instA", "instA", "instA", "instA", "instA", "instA", "instA", "instA", "instA", "instA", "instA", "instA", "instA", "instA", "instA", "instA", "instA", "instA", "instA", "instA", "instA", "instA", "instA", "instA", "instA"], "times_days": [0.022017773808410735, 0.13288359249410864, 0.22769255974727934, 0.27003087615695465, 0.32943061022773307, 0.4182556760598871, 0.4708919710142504, 0.6754904935181454, 0.729662189781112, 0.8481910020501313, 0.9992480920633227, 1.0861873672001328, 1.2082596693649936, 1.4122860990707935, 1.5960617273897733, 1.6041211041221897, 1.8263663328567126, 1.8543829369278084, 1.9245506390379636, 2.1691080778154976, 2.4015422608129295, 2.409709039085592, 2.4943710124307907, 2.587857224116127, 2.7024096959767703, 2.7168349345534577, 2.8767037507432796, 2.93551674277628, 3.0848001023295692, 3.1269612599490295, 3.1486500043703263, 3.252631130011988, 3.398441135584237, 3.54066970256908, 3.6207667320943537, 3.9061575220964526, 4.2238933441132005, 4.353394169344109, 4.370791073581567, 4.595148349794199, 4.665921641210923, 4.778222686238125, 4.877403127643122, 4.947748529416792, 5.010477538609972, 5.058082936281003, 5.203458605681611, 5.229747791351362, 5.3918772158862724, 5.402895856841797, 5.511815743158667, 5.5351701482754025, 5.8008274941753655, 5.865214269053917, 5.866491721525315, 6.328337200114746, 6.402514724103595, 6.538761752516281, 6.559531823751702, 6.694529620912179, 6.893603159151248, 6.940031801224885, 7.047007610587557, 7.15155768676483, 7.15788135547602, 7.338632314848251, 7.454401302367819, 7.509789148716842, 7.518061655014643, 7.574669373837785, 7.674988593703524, 7.88599937582004, 8.017652525659425]}, "star": {"M_star_sun": 0.8618720282583222, "gamma_ms": 0.0}}, "difficulty_details": {"coverage_inner_periods": 3.2558232784879397, "gp_used": false, "minK_ms": 3.163233470870772, "n_obs": 73, "n_planets": 2, "raw_score": 6, "resonances_detected": 1, "snr_like": 1.4961714344825576}, "meta": {"noise": {"gp": {"Q0": 1.0, "dQ": 0.1, "f": 0.5, "period_days": 25.0, "sigma_ms": 0.0, "use_gp": false}, "sigma_jitter_ms": 0.04700614888043728, "sigma_white_ms": 2.067212447977588}, "seed": 0, "source_generated_task_id": "646a8db4-7ebe-515e-bf96-f5be7484ec29", "source_seed": 0}, "observations": {"instruments": ["instA", "instA", "instA", "instA", "instA", "instA", "instA", "instA", "instA", "instA", "instA", "instA", "instA", "instA", "instA", "instA", "instA", "instA", "instA", "instA", "instA", "instA", "instA", "instA", "instA", "instA", "instA", "instA", "instA", "instA", "instA", "instA", "instA", "instA", "instA", "instA", "instA", "instA", "instA", "instA", "instA", "instA", "instA", "instA", "instA", "instA", "instA", "instA", "instA", "instA", "instA", "instA", "instA", "instA", "instA", "instA", "instA", "instA", "instA", "instA", "instA", "instA", "instA", "instA", "instA", "instA", "instA", "instA", "instA", "instA", "instA", "instA", "instA"], "rvs_ms": [-21.53869244600195, -23.687918017282602, -24.583648560742486, -27.986194227519288, -27.28279967362815, -27.71883870465321, -25.724519446744456, -5.510789301774537, 8.469372657965767, 28.31066728677521, 29.16370254911741, 27.085338649086864, 22.916750095149894, 9.212079458102751, 9.02712774475664, 8.440791602273436, 1.1678357244727882, -0.6183628379033285, -3.573842419635134, -5.746753194129834, -10.014882545647714, -10.526085492541617, -13.411710101803937, -17.398547645758274, -22.863339652760075, -20.621125101748532, -20.744789676528324, -24.091333534258816, -9.267796366493874, -1.2485577834977946, 4.348118016244351, 25.198565032090425, 33.939587842846755, 28.156197821643712, 22.621446782830247, 16.424214308312713, 1.142646791236348, -1.102447222257303, -2.841391936801629, -5.782491098154246, -8.481496766954116, -13.353139761341975, -22.261899436533263, -19.708776293912234, -20.211359770141456, -20.84946922953886, -27.50495829241377, -22.889568785423062, -29.435089844565432, -27.791398961143535, -17.191361679713545, -15.850007767985995, 35.56302248561284, 31.298706818421522, 29.563805322362157, 10.767599876609491, 6.799708132249544, 2.2450301770991867, 5.593175320689916, 1.799907831882404, -1.728771244076421, -7.081740641109365, -4.550384409166441, -11.052602383863725, -7.347759706895202, -15.586960811334542, -18.752333447332774, -17.881884722924347, -16.435573399264022, -19.355954167202608, -22.57645601245016, -23.006597951928875, -9.295964177015867], "sigmas_ms": [2.067212447977588, 2.067212447977588, 2.067212447977588, 2.067212447977588, 2.067212447977588, 2.067212447977588, 2.067212447977588, 2.067212447977588, 2.067212447977588, 2.067212447977588, 2.067212447977588, 2.067212447977588, 2.067212447977588, 2.067212447977588, 2.067212447977588, 2.067212447977588, 2.067212447977588, 2.067212447977588, 2.067212447977588, 2.067212447977588, 2.067212447977588, 2.067212447977588, 2.067212447977588, 2.067212447977588, 2.067212447977588, 2.067212447977588, 2.067212447977588, 2.067212447977588, 2.067212447977588, 2.067212447977588, 2.067212447977588, 2.067212447977588, 2.067212447977588, 2.067212447977588, 2.067212447977588, 2.067212447977588, 2.067212447977588, 2.067212447977588, 2.067212447977588, 2.067212447977588, 2.067212447977588, 2.067212447977588, 2.067212447977588, 2.067212447977588, 2.067212447977588, 2.067212447977588, 2.067212447977588, 2.067212447977588, 2.067212447977588, 2.067212447977588, 2.067212447977588, 2.067212447977588, 2.067212447977588, 2.067212447977588, 2.067212447977588, 2.067212447977588, 2.067212447977588, 2.067212447977588, 2.067212447977588, 2.067212447977588, 2.067212447977588, 2.067212447977588, 2.067212447977588, 2.067212447977588, 2.067212447977588, 2.067212447977588, 2.067212447977588, 2.067212447977588, 2.067212447977588, 2.067212447977588, 2.067212447977588, 2.067212447977588, 2.067212447977588],