{"config": {"engine": "rebound", "instruments": [{"gamma_ms": 0.0, "label": "instA", "sigma_jitter_ms": 0.15218302987188914, "sigma_white_ms": 0.9169170082258508}], "integrator_preference": "whfast", "los_axis": "x", "metadata": {}, "noise": {"gp": {"Q0": 1.0, "dQ": 0.1, "f": 0.5, "period_days": 25.0, "sigma_ms": 0.0, "use_gp": false}, "sigma_jitter_ms": 0.15218302987188914, "sigma_white_ms": 0.9169170082258508}, "planets": [{"Omega_rad": 1.0346838570024104, "P_days": 5.282604899978743, "e": 0.24063960113874278, "inc_rad": 1.0033670380557702, "l_rad": 0.9866937784187652, "m_sin_i_mjup": 0.2165424305323419, "m_true_mjup": null, "omega_rad": 3.9677545382639727}], "schedule": {"instruments": ["instA", "instA", "instA", "instA", "instA", "instA", "instA", "instA", "instA", "instA", "instA", "instA", "instA", "instA", "instA", "instA", "instA", "instA", "instA", "instA", "instA", "instA", "instA", "instA", "instA", "instA", "instA", "instA", "instA", "instA", "instA", "instA", "instA", "instA", "instA", "instA", "instA", "instA", "instA", "instA", "instA", "instA", "instA", "instA", "instA", "instA", "instA", "instA", "instA", "instA", "instA", "instA", "instA", "instA", "instA", "instA", "instA", "instA", "instA", "instA", "instA", "instA", "instA", "instA", "instA", "instA", "instA", "instA", "instA", "instA", "instA", "instA", "instA", "instA", "instA", "instA", "instA", "instA", "instA", "instA"], "times_days": [0.04208812487945538, 0.06756099572052666, 0.23068105801136934, 0.362539573933707, 0.5496345389394, 1.170807177729309, 1.29809478868835, 1.585716042091177, 2.037153187727659, 2.374284927538869, 2.489763633034665, 2.5558319500939546, 2.930747856365853, 2.973975153791857, 3.317539797003732, 3.8098974034143844, 3.902568200678237, 3.9662338877740146, 4.2912088300278315, 4.331410352079196, 4.599151274929144, 5.515915364131461, 6.489717596553191, 6.522111414803422, 6.884398154492211, 6.89557420477297, 7.198549183206399, 7.538145118434361, 7.820808299125187, 8.029250604493978, 8.126083806529067, 8.915656764328823, 8.930294780207635, 9.173364911455268, 9.187565969045027, 9.211356618301693, 9.316476153229173, 9.491894800374926, 9.547622577970573, 9.706591047695774, 9.966077142451322, 10.073427418744192, 10.096205836289643, 10.222374870778811, 10.2830724152887, 10.592197868406041, 10.713028343541554, 10.931752885891994, 10.977665486261555, 11.03034695773936, 11.063657917860843, 11.068540914441416, 11.151325581818424, 11.301599060695564, 11.401990594549215, 11.40321039200711, 11.977179705196027, 12.241683664838083, 12.323461139040875, 12.381488005436328, 12.461306079585277, 12.53038512240582, 12.848335231505311, 12.969735766664328, 13.0439478527513, 13.145648857329709, 13.209638757343894, 13.61733788213999, 13.63685198534557, 13.719387736261076, 13.745274265369497, 13.951558194750369, 14.16590949781143, 14.207161381790854, 14.569224962739456, 14.570021097458099, 14.821336222345852, 14.912573811577241, 15.007339146486268, 15.065129080277007]}, "star": {"M_star_sun": 1.0646039813759534, "gamma_ms": 0.0}}, "difficulty_details": {"coverage_inner_periods": 2.843869878562753, "gp_used": false, "minK_ms": 24.97119619104828, "n_obs": 80, "n_planets": 1, "raw_score": 2, "resonances_detected": 0, "snr_like": 23.35721195509428}, "meta": {"noise": {"gp": {"Q0": 1.0, "dQ": 0.1, "f": 0.5, "period_days": 25.0, "sigma_ms": 0.0, "use_gp": false}, "sigma_jitter_ms": 0.15218302987188914, "sigma_white_ms": 0.9169170082258508}, "seed": 1108, "source_generated_task_id": "bbf8e08b-de95-5a14-953f-eec5f0554308", "source_seed": 1108}, "observations": {"instruments": ["instA", "instA", "instA", "instA", "instA", "instA", "instA", "instA", "instA", "instA", "instA", "instA", "instA", "instA", "instA", "instA", "instA", "instA", "instA", "instA", "instA", "instA", "instA", "instA", "instA", "instA", "instA", "instA", "instA", "instA", "instA", "instA", "instA", "instA", "instA", "instA", "instA", "instA", "instA", "instA", "instA", "instA", "instA", "instA", "instA", "instA", "instA", "instA", "instA", "instA", "instA", "instA", "instA", "instA", "instA", "instA", "instA", "instA", "instA", "instA", "instA", "instA", "instA", "instA", "instA", "instA", "instA", "instA", "instA", "instA", "instA", "instA", "instA", "instA", "instA", "instA", "instA", "instA", "instA", "instA"], "rvs_ms": [16.47269627260785, 16.52737721999985, 18.368313488457343, 21.65788229012025, 24.005859010528194, 23.864198381354395, 21.163896762963095, 16.64523919164235, -2.3402410459762777, -18.558940127580453, -25.244332747409835, -28.321984707277664, -33.5522805683523, -33.89053518982912, -29.155807513251357, -14.02450602046985, -13.049767740270983, -9.764078356265635, -1.0378383220522738, -1.5359689635719815, 4.877639067555201, 21.144559314392254, 20.809108995706026, 22.24126920409308, 14.96433211068066, 15.034683321755393, 2.51168688085768, -13.937721248756631, -25.596088915445094, -31.471766773865717, -36.36744864598126, -18.572922091986076, -18.46194254808526, -11.552794138697443, -11.874754214597019, -10.665070990251078, -8.932721315921905, -3.927658787494972, -3.348056641727765, -0.15847699933756254, 7.409592631532111, 8.008965803744656, 8.478462274414078, 10.621363119204437, 12.822168933141764, 18.172468723365608, 17.78124199767067, 21.511816752611335, 20.516050420538424, 23.067195020007905, 21.941198997537057, 23.005134729467358, 22.319918717629836, 23.364513947186367, 24.93627880475164, 24.705389229198744, 19.717285637033545, 14.207694668576794, 9.355398175894125, 9.70432598007508, 6.497109199339397, 1.283318913615755, -13.564732829427594, -20.801262085877447, -23.057126950091256, -28.63342352936942, -30.401730331356188, -32.37939564746946, -33.58284620665453, -31.581098115410786, -30.430891962628955, -27.374781001775826, -20.516631075855152, -18.88957505167479, -8.498520877288346, -11.321864723909705, -1.986974092441868, -1.483814474655691, 1.4094427339113973, 4.607383147811592], "sigmas_ms": [0.9169170082258508, 0.9169170082258508, 0.9169170082258508, 0.9169170082258508, 0.9169170082258508, 0.9169170082258508, 0.9169170082258508, 0.9169170082258508, 0.9169170082258508, 0.9169170082258508, 0.9169170082258508, 0.9169170082258508, 0.9169170082258508, 0.9169170082258508, 0.9169170082258508, 0.9169170082258508, 0.9169170082258508, 0.9169170082258508, 0.9169170082258508, 0.9169170082258508, 0.9169170082258508, 0.9169170082258508, 0.9169170082258508, 0.9169170082258508, 0.9169170082258508, 0.9169170082258508, 0.9169170082258508, 0.9169170082258508, 0.9169170082258508, 0.9169170082258508, 0.9169170082258508, 0.9169170082258508, 0.9169170082258508, 0.9169170082258508, 0.9169170082258508, 0.9169170082258508, 0.9169170082258508, 0.9169170082258508, 0.9169170082258508, 0.9169170082258508, 0.9169170082258508, 0.9169170082258508, 0.9169170082258508, 0.9169170082258508, 0.9169170082258508, 0.9169170082258508, 0.9169170082258508, 0.9169170082258508, 0.9169170082258508, 0.9169170082258508, 0.9169170082258508, 0.9169170082258508, 0.9169170082258508, 0.9169170082258508, 0.9169170082258508, 0.9169170082258508, 0.9169170082258508, 0.9169170082258508, 0.9169170082258508, 0.9169170082258508, 0.9169170082258508, 0.9169170082258508, 0.9169170082258508, 0.9169170082258508, 0.9169170082258508, 0.9169170082258508, 0.9169170082258508, 0.9169170082258508, 0.9169170082258508, 0.9169170082258508, 0.9169170082258508, 0.9169170082258508, 0.9169170082258508, 0.9169170082258508, 0.9169170082258508, 0.9169170082258508, 0.9169170082258508, 0.9169170082258508, 0.9169170082258508, 0.9169170082258508],