{"config": {"engine": "rebound", "instruments": [{"gamma_ms": 0.0, "label": "instA", "sigma_jitter_ms": 0.4986417736509803, "sigma_white_ms": 2.997495719308364}], "integrator_preference": "whfast", "los_axis": "x", "metadata": {}, "noise": {"gp": {"Q0": 1.0, "dQ": 0.1, "f": 0.5, "period_days": 25.0, "sigma_ms": 0.0, "use_gp": false}, "sigma_jitter_ms": 0.4986417736509803, "sigma_white_ms": 2.997495719308364}, "planets": [{"Omega_rad": 4.142497228374734, "P_days": 3.9509784315697147, "e": 0.0587919241458163, "inc_rad": 0.7003234301208168, "l_rad": 1.4485402901741924, "m_sin_i_mjup": 0.3824487792240124, "m_true_mjup": null, "omega_rad": 1.3319498150742244}, {"Omega_rad": 5.361199553465698, "P_days": 54.17042580384691, "e": 0.1163481697902496, "inc_rad": 1.4522050629746464, "l_rad": 1.5962433283266158, "m_sin_i_mjup": 0.028086211915514903, "m_true_mjup": null, "omega_rad": 1.7429066752878313}], "schedule": {"instruments": ["instA", "instA", "instA", "instA", "instA", "instA", "instA", "instA", "instA", "instA", "instA", "instA", "instA", "instA", "instA", "instA", "instA", "instA", "instA", "instA", "instA", "instA", "instA", "instA", "instA", "instA", "instA", "instA", "instA", "instA", "instA", "instA", "instA", "instA", "instA", "instA", "instA", "instA", "instA", "instA", "instA", "instA", "instA", "instA", "instA", "instA", "instA", "instA", "instA", "instA", "instA", "instA", "instA", "instA", "instA", "instA", "instA", "instA", "instA", "instA", "instA", "instA", "instA", "instA", "instA", "instA"], "times_days": [0.08547263552299349, 0.34088707174277555, 0.9873873239969895, 1.1034649127680791, 1.1675609012964598, 1.403962587163919, 1.6123462045964607, 1.6197866208871126, 1.739487552170182, 1.7927138420203697, 2.0567630887266355, 2.4650186114737593, 2.5155287592620357, 2.661013817839773, 2.719364569477273, 2.73572226043659, 2.7618697994943333, 2.800325847229399, 2.8409670147897166, 3.0146751429684997, 3.2916644582078316, 3.5159088389457644, 3.5341557870884297, 3.6357249104326272, 3.7295388175005626, 3.75325843854857, 4.290841407289773, 4.314109760581335, 4.539804075203704, 4.917745053435522, 5.519098377054097, 5.622429835626806, 5.718270202444393, 6.0646635272280545, 6.149851598244544, 6.400003699655041, 6.608962608596066, 6.61114924071318, 6.702648856446174, 6.872873622718253, 7.199486655095762, 7.8235461991180335, 7.851757526366823, 7.852768363499365, 7.905052012284383, 8.398932960570235, 8.65396326629745, 8.7112621934577, 8.742758220848845, 9.00966959412333, 9.073498633683576, 9.161167278733956, 9.21737693189678, 9.389773714071199, 9.421327556676758, 9.547290446321986, 9.633103735423884, 9.920142254939098, 10.125195039825288, 10.728942909737418, 10.961845392214968, 11.158628658935898, 11.504721518022455, 11.559364007189167, 11.582692857039618, 11.591261169665454]}, "star": {"M_star_sun": 1.023601243723893, "gamma_ms": 0.0}}, "difficulty_details": {"coverage_inner_periods": 2.912136508315799, "gp_used": false, "minK_ms": 1.4955330836255223, "n_obs": 66, "n_planets": 2, "raw_score": 7, "resonances_detected": 0, "snr_like": 0.4277672393140385}, "meta": {"noise": {"gp": {"Q0": 1.0, "dQ": 0.1, "f": 0.5, "period_days": 25.0, "sigma_ms": 0.0, "use_gp": false}, "sigma_jitter_ms": 0.4986417736509803, "sigma_white_ms": 2.997495719308364}, "seed": 39, "source_generated_task_id": "5b4aee15-b2be-53d6-bdd9-83de5bbce9d1", "source_seed": 39}, "observations": {"instruments": ["instA", "instA", "instA", "instA", "instA", "instA", "instA", "instA", "instA", "instA", "instA", "instA", "instA", "instA", "instA", "instA", "instA", "instA", "instA", "instA", "instA", "instA", "instA", "instA", "instA", "instA", "instA", "instA", "instA", "instA", "instA", "instA", "instA", "instA", "instA", "instA", "instA", "instA", "instA", "instA", "instA", "instA", "instA", "instA", "instA", "instA", "instA", "instA", "instA", "instA", "instA", "instA", "instA", "instA", "instA", "instA", "instA", "instA", "instA", "instA", "instA", "instA", "instA", "instA", "instA", "instA"], "rvs_ms": [80.07668221135587, 70.63937894572685, 7.905885759177643, -1.8682989671742387, -7.827671980099818, -31.412174645577252, -54.12255140820816, -53.439610915546325, -57.35862163313402, -60.498003662555014, -63.29242640514968, -57.675547584998995, -51.712396622699494, -45.37929297468213, -40.7706536743627, -38.419785239275676, -31.469003943542617, -36.783358823097046, -28.984447243307702, -11.428699034330215, 25.14577002781498, 53.469930532597026, 54.49429190315973, 63.77769455780364, 65.25947578634126, 72.0298979543396, 75.9144103582563, 71.1718973633897, 55.84451633495992, 6.776653215841307, -48.39698188412718, -52.80498956603844, -61.36639662151931, -72.3316540858893, -72.1782797228709, -61.972466190217816, -45.13176173174871, -48.08957235380293, -38.66409653580726, -23.021000328250295, 17.554762888699777, 75.3138890960071, 75.9720854778978, 76.82553075360195, 79.45410297599378, 62.60553039755806, 34.54353510651761, 22.729189524546598, 26.134076594863544, -8.21808598383977, -11.630743720867368, -23.444242845430658, -26.07887826308778, -42.61856891187482, -49.17039337725725, -51.42109860668782, -61.79619047529884, -69.84103426889043, -65.22328599761316, -32.059387432313564, -3.3047437246430746, 23.591670332794855, 59.60084396209312, 64.18082471398016, 69.15917123206907, 68.4523135529863], "sigmas_ms": [2.997495719308364, 2.997495719308364, 2.997495719308364, 2.997495719308364, 2.997495719308364, 2.997495719308364, 2.997495719308364, 2.997495719308364, 2.997495719308364, 2.997495719308364, 2.997495719308364, 2.997495719308364, 2.997495719308364, 2.997495719308364, 2.997495719308364, 2.997495719308364, 2.997495719308364, 2.997495719308364, 2.997495719308364, 2.997495719308364, 2.997495719308364, 2.997495719308364, 2.997495719308364, 2.997495719308364, 2.997495719308364, 2.997495719308364, 2.997495719308364, 2.997495719308364, 2.997495719308364, 2.997495719308364, 2.997495719308364, 2.997495719308364, 2.997495719308364, 2.997495719308364, 2.997495719308364, 2.997495719308364, 2.997495719308364, 2.997495719308364, 2.997495719308364, 2.997495719308364, 2.997495719308364, 2.997495719308364, 2.997495719308364, 2.997495719308364, 2.997495719308364, 2.997495719308364, 2.997495719308364, 2.997495719308364, 2.997495719308364, 2.997495719308364, 2.997495719308364, 2.997495719308364, 2.997495719308364, 2.997495719308364, 2.997495719308364, 2.997495719308364, 2.997495719308364, 2.997495719308364, 2.997495719308364, 2.997495719308364, 2.997495719308364, 2.997495719308364, 2.997495719308364, 2.997495719308364, 2.997495719308364, 2.997495719308364], "times_days": [0.08547263552299349, 0.34088707174277555, 0.9873873239969895, 1.1034649127680791, 1.1675609012964598, 1.403962587163919, 1.6123462045964607, 1.6197866208871126, 1.739487552170182, 1.7927138420203697, 2.0567630887266355, 2.4650186114737593, 2.5155287592620357, 2.661013817839773, 2.719364569477273, 2.73572226043659, 2.7618697994943333, 2.800325847229399, 2.8409670147897166, 3.0146751429684997, 3.2916644582078316, 3.5159088389457644, 3.5341557870884297, 3.6357249104326272, 3.7295388175005626, 3.75325843854857, 4.290841407289773, 4.314109760581335, 4.539804075203704, 4.917745053435522, 5.519098377054097, 5.622429835626806, 5.718270202444393, 6.0646635272280545, 6.149851598244544, 6.400003699655041, 6.608962608596066, 6.61114924071318, 6.702648856446174, 6.872873622718253, 7.199486655095762, 7.8235461991180335, 7.851757526366823, 7.852768363499365, 7.905052012284383, 8.398932960570235, 8.65396326629745, 8.7112621934577, 8.742758220848845, 9.00966959412333, 9.073498633683576, 9.161167278733956, 9.21737693189678, 9.389773714071199, 9.421327556676758, 9.547290446321986, 9.633103735423884, 9.920142254939098, 10.125195039825288, 10.728942909737418, 10.961845392214968, 11.158628658935898, 11.504721518022455, 11.559364007189167, 11.582692857039618, 11.591261169665454]}, "task_id": "seed39_diff7", "truth_difficulty": 7}