{"config": {"engine": "rebound", "instruments": [{"gamma_ms": 0.0, "label": "instA", "sigma_jitter_ms": 0.5009348285032088, "sigma_white_ms": 1.0540068886067566}], "integrator_preference": "whfast", "los_axis": "x", "metadata": {}, "noise": {"gp": {"Q0": 1.0, "dQ": 0.1, "f": 0.5, "period_days": 25.0, "sigma_ms": 0.0, "use_gp": false}, "sigma_jitter_ms": 0.5009348285032088, "sigma_white_ms": 1.0540068886067566}, "planets": [{"Omega_rad": 1.1610770616202133, "P_days": 31.201270523169736, "e": 0.031912663933493936, "inc_rad": 0.6181873117863442, "l_rad": 2.9055944617588705, "m_sin_i_mjup": 0.23432224401526194, "m_true_mjup": null, "omega_rad": 0.8589550716521164}, {"Omega_rad": 2.8470997951157306, "P_days": 117.57928310292614, "e": 0.24722749577264047, "inc_rad": 0.8479556525989084, "l_rad": 0.23577784600560978, "m_sin_i_mjup": 0.752715841569407, "m_true_mjup": null, "omega_rad": 0.07392660840051352}], "schedule": {"instruments": ["instA", "instA", "instA", "instA", "instA", "instA", "instA", "instA", "instA", "instA", "instA", "instA", "instA", "instA", "instA", "instA", "instA", "instA", "instA", "instA", "instA", "instA", "instA", "instA", "instA", "instA", "instA", "instA", "instA", "instA", "instA", "instA", "instA", "instA", "instA", "instA", "instA", "instA", "instA", "instA", "instA", "instA", "instA", "instA", "instA", "instA", "instA", "instA", "instA", "instA", "instA", "instA", "instA", "instA", "instA", "instA", "instA", "instA", "instA", "instA", "instA", "instA", "instA", "instA", "instA", "instA", "instA", "instA", "instA", "instA", "instA", "instA", "instA", "instA", "instA"], "times_days": [0.593202366998479, 1.2695816451066537, 1.9002309378005735, 1.9400862377043986, 4.049140520416814, 4.9773682876973675, 6.040639894030378, 9.473563655702533, 10.002037224440379, 10.574112521422622, 11.284640965927455, 14.751300195360002, 16.921450392302408, 17.883459120968062, 19.435370654110947, 19.93980459648884, 21.34674253625209, 21.440806759355787, 23.899321166723514, 25.095992248850568, 28.087201105467745, 28.254435271093023, 31.69723480829976, 31.780025649907827, 32.315969827094136, 34.83627417265047, 38.770733439084644, 38.83568172557907, 42.1329108563585, 44.453398556585114, 45.19045825634366, 48.894785245426434, 49.36432943503245, 49.89934580506177, 51.4948738983443, 52.00517702542686, 52.85148779187936, 53.55304344533372, 55.10097509983436, 57.39331838691757, 58.474061314407685, 59.163635603778594, 60.22129383401229, 61.49187164100875, 64.85898557815094, 65.65711269360274, 68.47131333435613, 69.62293316269721, 69.96377599975114, 71.38075764372249, 73.54583757784891, 73.71988986880314, 73.90454936780664, 77.06436136262063, 77.92748224487458, 78.20798003691509, 78.6596086389727, 79.19002070002665, 80.71662226790589, 82.61195740360782, 84.12577427323822, 84.92074909917959, 85.63438036614967, 87.93468576125977, 89.32765860376162, 90.49524761103926, 90.5509830300891, 90.71052541097234, 93.98576033174005, 98.09075218022377, 101.24850626910693, 101.29382105116873, 103.72426484020005, 104.87777598253943, 107.24805182243824]}, "star": {"M_star_sun": 1.140333761947263, "gamma_ms": 0.0}}, "difficulty_details": {"coverage_inner_periods": 3.4182854629666117, "gp_used": false, "minK_ms": 13.866725807747203, "n_obs": 75, "n_planets": 2, "raw_score": 3, "resonances_detected": 0, "snr_like": 8.917842807330475}, "meta": {"noise": {"gp": {"Q0": 1.0, "dQ": 0.1, "f": 0.5, "period_days": 25.0, "sigma_ms": 0.0, "use_gp": false}, "sigma_jitter_ms": 0.5009348285032088, "sigma_white_ms": 1.0540068886067566}, "seed": 96, "source_generated_task_id": "32445897-bb43-55e5-b4d8-cfe9c37d97ff", "source_seed": 96}, "observations": {"instruments": ["instA", "instA", "instA", "instA", "instA", "instA", "instA", "instA", "instA", "instA", "instA", "instA", "instA", "instA", "instA", "instA", "instA", "instA", "instA", "instA", "instA", "instA", "instA", "instA", "instA", "instA", "instA", "instA", "instA", "instA", "instA", "instA", "instA", "instA", "instA", "instA", "instA", "instA", "instA", "instA", "instA", "instA", "instA", "instA", "instA", "instA", "instA", "instA", "instA", "instA", "instA", "instA", "instA", "instA", "instA", "instA", "instA", "instA", "instA", "instA", "instA", "instA", "instA", "instA", "instA", "instA", "instA", "instA", "instA", "instA", "instA", "instA", "instA", "instA", "instA"], "rvs_ms": [19.473791344656313, 16.410219940628878, 18.48773148657168, 17.561481955403845, 12.9166230112581, 11.869085593377081, 10.107346846360297, 10.33734447466533, 10.688312914516104, 12.90331844273562, 14.152002622780973, 27.02933759376724, 36.96113198724929, 41.73900173349523, 45.65098724773673, 50.913729815640544, 53.291108478905834, 56.05806121513315, 59.761966371754525, 57.01463935338971, 45.45915953072214, 47.931955825842486, 30.436652024850165, 30.14050167210007, 23.66671736754266, 11.665386941225975, -6.71761196479982, -6.3252193604580125, -9.127981373312679, -5.985907705225101, -2.299431611440314, 9.313879370018702, 12.44617983073918, 12.160986486137295, 15.862542058020654, 21.727951110531862, 21.130376054042184, 20.777757140373385, 21.98827103066269, 17.544473107673, 14.256983912677455, 12.863336568555795, 5.293896619872228, -0.3794607034582127, -20.412475696451267, -22.993407179263905, -37.16739437113502, -39.61264816827027, -42.16315833473235, -46.221836489421726, -43.646562307654975, -42.96400852012062, -45.89272397550147, -36.315770652143044, -35.33242328757768, -33.86173702695901, -31.314598519218098, -29.766293548336417, -24.471458697051364, -15.34807443659156, -12.778450090676795, -10.038307995807335, -11.015289769482692, -12.728263835623492, -13.017924212140217, -17.74316382952195, -17.958040331460694, -17.1789772980653, -32.27865087074284, -47.44837041956936, -51.320331750671436, -50.33961955461297, -49.692617622195876, -44.45425113189154, -33.16982103523676], "sigmas_ms": [1.0540068886067566, 1.0540068886067566, 1.0540068886067566, 1.0540068886067566, 1.0540068886067566, 1.0540068886067566, 1.0540068886067566, 1.0540068886067566, 1.0540068886067566, 1.0540068886067566, 1.0540068886067566, 1.0540068886067566, 1.0540068886067566, 1.0540068886067566, 1.0540068886067566, 1.0540068886067566, 1.0540068886067566, 1.0540068886067566, 1.0540068886067566, 1.0540068886067566, 1.0540068886067566, 1.0540068886067566, 1.0540068886067566, 1.0540068886067566, 1.0540068886067566, 1.0540068886067566, 1.0540068886067566, 1.0540068886067566, 1.0540068886067566, 1.0540068886067566, 1.0540068886067566, 1.0540068886067566, 1.0540068886067566, 1.0540068886067566, 1.0540068886067566, 1.0540068886067566, 1.0540068886067566, 1.0540068886067566, 1.0540068886067566, 1.0540068886067566, 1.0540068886067566, 1.0540068886067566, 1.0540068886067566, 1.0540068886067566, 1.0540068886067566, 1.0540068886067566, 1.0540068886067566, 1.0540068886067566, 1.0540068886067566, 1.0540068886067566, 1.0540068886067566, 1.0540068886067566, 1.0540068886067566, 1.0540068886067566, 1.0540068886067566, 1.0540068886067566, 1.0540068886067566, 1.0540068886067566, 1.0540068886067566, 1.0540068886067566, 1.0540068886067566, 1.0540068886067566, 1.0540068886067566, 1.0540068886067566, 1.0540068886067566, 1.0540068886067566, 1.0540068886067566, 1.0540068886067566, 1.0540068886067566, 1.0540068886067566, 1.0540068886067566, 1.0540068886067566, 1.0540068886067566, 1.0540068886067566, 1.0540068886067566],