{"config": {"engine": "rebound", "instruments": [{"gamma_ms": 0.0, "label": "instA", "sigma_jitter_ms": 0.0686362130124646, "sigma_white_ms": 0.6898069263459465}], "integrator_preference": "whfast", "los_axis": "x", "metadata": {}, "noise": {"gp": {"Q0": 1.0, "dQ": 0.1, "f": 0.5, "period_days": 25.0, "sigma_ms": 0.0, "use_gp": false}, "sigma_jitter_ms": 0.0686362130124646, "sigma_white_ms": 0.6898069263459465}, "planets": [{"Omega_rad": 4.370733961413589, "P_days": 3.204374189653025, "e": 0.3492691319305193, "inc_rad": 1.384932896810679, "l_rad": 4.345575088949191, "m_sin_i_mjup": 0.011048670102750593, "m_true_mjup": null, "omega_rad": 0.9738953239810483}, {"Omega_rad": 6.0046497878992, "P_days": 59.44276704342817, "e": 0.5427579969098012, "inc_rad": 1.2890899036600338, "l_rad": 3.5253507294609525, "m_sin_i_mjup": 0.826547205928852, "m_true_mjup": null, "omega_rad": 1.8808405047582941}], "schedule": {"instruments": ["instA", "instA", "instA", "instA", "instA", "instA", "instA", "instA", "instA", "instA", "instA", "instA", "instA", "instA", "instA", "instA", "instA", "instA", "instA", "instA", "instA", "instA", "instA", "instA", "instA", "instA", "instA", "instA", "instA", "instA", "instA", "instA", "instA", "instA", "instA", "instA", "instA", "instA", "instA", "instA", "instA", "instA", "instA", "instA", "instA", "instA", "instA", "instA", "instA", "instA", "instA", "instA", "instA", "instA", "instA", "instA"], "times_days": [0.06645065627491265, 0.21745901686323457, 0.4449018606429544, 0.5820868446922645, 0.7054714116105684, 0.7684338671534906, 0.9446870741519816, 1.3930987012305374, 1.4955660596202294, 1.5565088008645458, 1.6427483593010572, 1.8557085306778898, 2.7916211844619716, 3.0060158690481282, 3.204154590750599, 3.495406405132372, 3.5275842671385633, 3.7273816531430715, 3.863564932816539, 3.8867589052334615, 3.9656831440207485, 4.090752416466882, 4.153354718565771, 4.325522264188622, 5.253975275853026, 5.6343215758647585, 5.842962518793751, 6.237764118533371, 6.241178692865933, 6.342431122171554, 6.51761214124853, 6.660794987346836, 6.694411382322645, 6.768051185216368, 6.821660613006149, 6.945228818963681, 6.985438485697256, 7.015258183639999, 7.329486046019786, 7.388484051990116, 7.678572961157776, 7.7264473135220415, 8.052989179813887, 8.057891851735507, 8.059600742239772, 8.576344686323365, 8.712955885727755, 8.783037130959361, 9.068605552965105, 9.496525819484235, 9.596811906611443, 9.626577686284685, 9.65982917025188, 9.785896539837406, 9.891195362749354, 9.933552271923]}, "star": {"M_star_sun": 0.9584464872941113, "gamma_ms": 0.0}}, "difficulty_details": {"coverage_inner_periods": 3.079260108731719, "gp_used": false, "minK_ms": 1.6721872993159421, "n_obs": 56, "n_planets": 2, "raw_score": 4, "resonances_detected": 0, "snr_like": 2.2047629051407776}, "meta": {"noise": {"gp": {"Q0": 1.0, "dQ": 0.1, "f": 0.5, "period_days": 25.0, "sigma_ms": 0.0, "use_gp": false}, "sigma_jitter_ms": 0.0686362130124646, "sigma_white_ms": 0.6898069263459465}, "seed": 16, "source_generated_task_id": "4417228c-2d5a-51f7-8820-796ca422b947", "source_seed": 16}, "observations": {"instruments": ["instA", "instA", "instA", "instA", "instA", "instA", "instA", "instA", "instA", "instA", "instA", "instA", "instA", "instA", "instA", "instA", "instA", "instA", "instA", "instA", "instA", "instA", "instA", "instA", "instA", "instA", "instA", "instA", "instA", "instA", "instA", "instA", "instA", "instA", "instA", "instA", "instA", "instA", "instA", "instA", "instA", "instA", "instA", "instA", "instA", "instA", "instA", "instA", "instA", "instA", "instA", "instA", "instA", "instA", "instA", "instA"], "rvs_ms": [-22.65707924523529, -21.985502192643587, -23.698808072433557, -22.31799682249025, -24.038699089403163, -22.017074841157065, -22.98871860675425, -20.471683620300283, -19.18350151861954, -21.546262316786933, -20.19072011223218, -20.034635601639824, -22.263190005405576, -22.26177919773054, -23.015348557011322, -23.3127037243724, -23.612285111625614, -23.556112290984185, -23.66370051944192, -23.01393122638792, -23.533924681576888, -23.018862054398227, -22.23891931299186, -22.008080005114337, -21.682083145556067, -22.479193769642503, -22.279818743069438, -23.744049039932964, -24.57138762413744, -24.095880187251918, -23.14691279187047, -23.73451792351407, -23.846540951739648, -23.09772414108443, -24.34965870183379, -22.036153388946563, -23.57602130162858, -23.803009432833242, -21.772577339163856, -23.791680882289096, -22.086056057360377, -21.49993841076219, -20.71357009838797, -20.282848247959475, -19.643051531725852, -21.12850570402665, -21.595893635425348, -21.020712414679796, -20.867588972745633, -21.52497916068996, -24.122809696137445, -21.737169104056033, -22.166154952292533, -22.467985870773003, -23.452126499082777, -23.0863039999273], "sigmas_ms": [0.6898069263459465, 0.6898069263459465, 0.6898069263459465, 0.6898069263459465, 0.6898069263459465, 0.6898069263459465, 0.6898069263459465, 0.6898069263459465, 0.6898069263459465, 0.6898069263459465, 0.6898069263459465, 0.6898069263459465, 0.6898069263459465, 0.6898069263459465, 0.6898069263459465, 0.6898069263459465, 0.6898069263459465, 0.6898069263459465, 0.6898069263459465, 0.6898069263459465, 0.6898069263459465, 0.6898069263459465, 0.6898069263459465, 0.6898069263459465, 0.6898069263459465, 0.6898069263459465, 0.6898069263459465, 0.6898069263459465, 0.6898069263459465, 0.6898069263459465, 0.6898069263459465, 0.6898069263459465, 0.6898069263459465, 0.6898069263459465, 0.6898069263459465, 0.6898069263459465, 0.6898069263459465, 0.6898069263459465, 0.6898069263459465, 0.6898069263459465, 0.6898069263459465, 0.6898069263459465, 0.6898069263459465, 0.6898069263459465, 0.6898069263459465, 0.6898069263459465, 0.6898069263459465, 0.6898069263459465, 0.6898069263459465, 0.6898069263459465, 0.6898069263459465, 0.6898069263459465, 0.6898069263459465, 0.6898069263459465, 0.6898069263459465, 0.6898069263459465], "times_days": [0.06645065627491265, 0.21745901686323457, 0.4449018606429544, 0.5820868446922645, 0.7054714116105684, 0.7684338671534906, 0.9446870741519816, 1.3930987012305374, 1.4955660596202294, 1.5565088008645458, 1.6427483593010572, 1.8557085306778898, 2.7916211844619716, 3.0060158690481282, 3.204154590750599, 3.495406405132372, 3.5275842671385633, 3.7273816531430715, 3.863564932816539, 3.8867589052334615, 3.9656831440207485, 4.090752416466882, 4.153354718565771, 4.325522264188622, 5.253975275853026, 5.6343215758647585, 5.842962518793751, 6.237764118533371, 6.241178692865933, 6.342431122171554, 6.51761214124853, 6.660794987346836, 6.694411382322645, 6.768051185216368, 6.821660613006149, 6.945228818963681, 6.985438485697256, 7.015258183639999, 7.329486046019786, 7.388484051990116, 7.678572961157776, 7.7264473135220415, 8.052989179813887, 8.057891851735507, 8.059600742239772, 8.576344686323365, 8.712955885727755, 8.783037130959361, 9.068605552965105, 9.496525819484235, 9.596811906611443, 9.626577686284685, 9.65982917025188, 9.785896539837406, 9.891195362749354, 9.933552271923]}, "task_id": "seed16_diff4", "truth_difficulty": 4}