{"config": {"engine": "rebound", "instruments": [{"gamma_ms": 0.0, "label": "instA", "sigma_jitter_ms": 0.34548929189877897, "sigma_white_ms": 2.912238797885363}], "integrator_preference": "whfast", "los_axis": "x", "metadata": {}, "noise": {"gp": {"Q0": 2.7921113148186563, "dQ": 0.12990999919848015, "f": 0.6380877597464102, "period_days": 14.53300494311697, "sigma_ms": 0.38076058873341023, "use_gp": true}, "sigma_jitter_ms": 0.34548929189877897, "sigma_white_ms": 2.912238797885363}, "planets": [{"Omega_rad": 3.4878865418232077, "P_days": 11.23286477821446, "e": 0.06407409114444443, "inc_rad": 0.5664897174321394, "l_rad": 0.11514451903971687, "m_sin_i_mjup": 0.2738689228926267, "m_true_mjup": null, "omega_rad": 5.916381510326105}, {"Omega_rad": 5.709035254808631, "P_days": 16.672687340622883, "e": 0.09503310527510743, "inc_rad": 1.2334350018876301, "l_rad": 6.077648271535139, "m_sin_i_mjup": 0.6002992652391858, "m_true_mjup": null, "omega_rad": 2.9363311212724974}], "schedule": {"instruments": ["instA", "instA", "instA", "instA", "instA", "instA", "instA", "instA", "instA", "instA", "instA", "instA", "instA", "instA", "instA", "instA", "instA", "instA", "instA", "instA", "instA", "instA", "instA", "instA", "instA", "instA", "instA", "instA", "instA", "instA", "instA", "instA", "instA", "instA", "instA", "instA", "instA", "instA", "instA", "instA", "instA", "instA", "instA", "instA", "instA", "instA", "instA", "instA", "instA", "instA", "instA", "instA", "instA", "instA", "instA", "instA", "instA", "instA", "instA", "instA", "instA", "instA", "instA"], "times_days": [0.6969073569006529, 0.9875205156960651, 1.5121622934371644, 1.7051381915887547, 2.865290039796082, 3.3797779360746527, 5.561525610973661, 6.543048240708855, 7.632820019830866, 7.674318205070789, 8.812779210881015, 9.388140920002916, 9.452005078533166, 9.831434794709985, 9.898697744820337, 12.587440332100362, 12.911291973891831, 13.038867321627922, 13.097346337383346, 13.133463967828778, 13.262011256338496, 13.467185121740599, 13.618859947937601, 13.748425509334195, 14.822014170341454, 15.711979427938081, 15.87126256183597, 16.048659312185553, 17.37949057487614, 17.397080311466983, 17.772020568389344, 17.806933567003473, 20.322325612568974, 21.11028654514537, 21.52399831332062, 21.73710901855126, 22.352821791641286, 23.728624791832218, 25.578482382538585, 27.333951635170827, 27.579010982133063, 29.062569927774053, 29.396139514158993, 29.453902792157066, 29.71814862815623, 29.78993999225294, 30.42824445230328, 30.94432851367929, 31.024476185099967, 32.088250909134395, 32.491281618172835, 33.03949919667889, 33.13511665384722, 33.81452108468046, 34.207738083966724, 34.5536956779416, 34.72846037428706, 35.80865016558062, 35.92535709916596, 36.78471045266516, 37.11366349730919, 37.12372160476432, 37.94786993880936]}, "star": {"M_star_sun": 1.1894902668016345, "gamma_ms": 0.0}}, "difficulty_details": {"coverage_inner_periods": 3.316247753124827, "gp_used": true, "minK_ms": 22.184511913861616, "n_obs": 63, "n_planets": 2, "raw_score": 5, "resonances_detected": 1, "snr_like": 6.809810795268542}, "meta": {"noise": {"gp": {"Q0": 2.7921113148186563, "dQ": 0.12990999919848015, "f": 0.6380877597464102, "period_days": 14.53300494311697, "sigma_ms": 0.38076058873341023, "use_gp": true}, "sigma_jitter_ms": 0.34548929189877897, "sigma_white_ms": 2.912238797885363}, "seed": 15, "source_generated_task_id": "688a6a9c-7e73-5361-9faa-6c193dbd4e42", "source_seed": 15}, "observations": {"instruments": ["instA", "instA", "instA", "instA", "instA", "instA", "instA", "instA", "instA", "instA", "instA", "instA", "instA", "instA", "instA", "instA", "instA", "instA", "instA", "instA", "instA", "instA", "instA", "instA", "instA", "instA", "instA", "instA", "instA", "instA", "instA", "instA", "instA", "instA", "instA", "instA", "instA", "instA", "instA", "instA", "instA", "instA", "instA", "instA", "instA", "instA", "instA", "instA", "instA", "instA", "instA", "instA", "instA", "instA", "instA", "instA", "instA", "instA", "instA", "instA", "instA", "instA", "instA"], "rvs_ms": [23.349071501213952, 25.71090285733912, 54.887977811386065, 53.602735720285544, 68.7942096397881, 66.2326734028757, 39.270161201784276, 12.067788975915272, -21.062155244085236, -16.006277678534406, -45.919313216219585, -55.113423763308134, -52.90120223348008, -44.785251783783956, -46.92029784992888, -5.320431307277862, -2.1258067921302652, 1.4206875646623458, -2.5757641775298494, 4.823302293419913, 3.649278371499988, -2.6800946648754103, 2.900110000740729, -1.711504211703615, -0.33645609520582287, 3.5096886965187926, 5.6992060873046375, 4.078321526827966, -2.9704542111227443, -8.921892814999627, -12.605747394492266, -10.589485074055387, -4.644970517556397, 16.232537266064227, 26.298006812428252, 27.777164963081947, 36.63704443045283, 56.2514721113047, 34.22634560752489, -21.41069795576008, -25.407668534676088, -59.887222744403815, -68.72510742122317, -72.34236290093816, -70.53387171317297, -76.24354906554717, -72.04212514403628, -73.21230785340771, -73.25258078984221, -56.22870304666991, -39.81239583418159, -19.79667875544, -14.826364857502995, 11.288805864731788, 18.439256800050458, 29.645360039180183, 43.19723230576048, 71.57896585641834, 68.55674971863775, 71.91024464660102, 74.1463438223288, 65.21564445757258, 74.34083928247571], "sigmas_ms": [2.912238797885363, 2.912238797885363, 2.912238797885363, 2.912238797885363, 2.912238797885363, 2.912238797885363, 2.912238797885363, 2.912238797885363, 2.912238797885363, 2.912238797885363, 2.912238797885363, 2.912238797885363, 2.912238797885363, 2.912238797885363, 2.912238797885363, 2.912238797885363, 2.912238797885363, 2.912238797885363, 2.912238797885363, 2.912238797885363, 2.912238797885363, 2.912238797885363, 2.912238797885363, 2.912238797885363, 2.912238797885363, 2.912238797885363, 2.912238797885363, 2.912238797885363, 2.912238797885363, 2.912238797885363, 2.912238797885363, 2.912238797885363, 2.912238797885363, 2.912238797885363, 2.912238797885363, 2.912238797885363, 2.912238797885363, 2.912238797885363, 2.912238797885363, 2.912238797885363, 2.912238797885363, 2.912238797885363, 2.912238797885363, 2.912238797885363, 2.912238797885363, 2.912238797885363, 2.912238797885363, 2.912238797885363, 2.912238797885363, 2.912238797885363, 2.912238797885363, 2.912238797885363, 2.912238797885363, 2.912238797885363, 2.912238797885363, 2.912238797885363, 2.912238797885363, 2.912238797885363, 2.912238797885363, 2.912238797885363, 2.912238797885363, 2.912238797885363, 2.912238797885363], "times_days": [0.6969073569006529, 0.9875205156960651, 1.5121622934371644, 1.7051381915887547, 2.865290039796082, 3.3797779360746527, 5.561525610973661, 6.543048240708855, 7.632820019830866, 7.674318205070789, 8.812779210881015, 9.388140920002916, 9.452005078533166, 9.831434794709985, 9.898697744820337, 12.587440332100362, 12.911291973891831, 13.038867321627922, 13.097346337383346, 13.133463967828778, 13.262011256338496, 13.467185121740599, 13.618859947937601, 13.748425509334195, 14.822014170341454, 15.711979427938081, 15.87126256183597, 16.048659312185553, 17.37949057487614, 17.397080311466983, 17.772020568389344, 17.806933567003473, 20.322325612568974, 21.11028654514537, 21.52399831332062, 21.73710901855126, 22.352821791641286, 23.728624791832218, 25.578482382538585, 27.333951635170827, 27.579010982133063, 29.062569927774053, 29.396139514158993, 29.453902792157066, 29.71814862815623, 29.78993999225294, 30.42824445230328, 30.94432851367929, 31.024476185099967, 32.088250909134395, 32.491281618172835, 33.03949919667889, 33.13511665384722, 33.81452108468046, 34.207738083966724, 34.5536956779416, 34.72846037428706, 35.80865016558062, 35.92535709916596, 36.78471045266516, 37.11366349730919, 37.12372160476432, 37.94786993880936]}, "task_id": "seed15_diff5", "truth_difficulty": 5}