{"config": {"engine": "rebound", "instruments": [{"gamma_ms": 0.0, "label": "instA", "sigma_jitter_ms": 0.117573808562291, "sigma_white_ms": 3.1069298532394694}], "integrator_preference": "whfast", "los_axis": "x", "metadata": {}, "noise": {"gp": {"Q0": 1.291142236312715, "dQ": 0.13860779638445545, "f": 0.3407951329102181, "period_days": 22.95849862855607, "sigma_ms": 0.26282173100745604, "use_gp": true}, "sigma_jitter_ms": 0.117573808562291, "sigma_white_ms": 3.1069298532394694}, "planets": [{"Omega_rad": 3.141443984632926, "P_days": 6.211206745694422, "e": 0.03187627084048517, "inc_rad": 1.3108654702550937, "l_rad": 4.7623682831131715, "m_sin_i_mjup": 0.08984832538090926, "m_true_mjup": null, "omega_rad": 1.8113622933967897}, {"Omega_rad": 2.4940572287265876, "P_days": 35.59342170218482, "e": 0.34433944295075847, "inc_rad": 0.8463518299009872, "l_rad": 0.515264278801136, "m_sin_i_mjup": 0.0534218597495115, "m_true_mjup": null, "omega_rad": 0.1918541194909078}], "schedule": {"instruments": ["instA", "instA", "instA", "instA", "instA", "instA", "instA", "instA", "instA", "instA", "instA", "instA", "instA", "instA", "instA", "instA", "instA", "instA", "instA", "instA", "instA", "instA", "instA", "instA", "instA", "instA", "instA", "instA", "instA", "instA", "instA", "instA", "instA", "instA", "instA", "instA", "instA", "instA", "instA", "instA", "instA", "instA", "instA", "instA", "instA", "instA", "instA", "instA", "instA", "instA", "instA", "instA", "instA", "instA", "instA", "instA", "instA", "instA", "instA", "instA", "instA", "instA", "instA"], "times_days": [0.5846938381174323, 0.9874608639890757, 1.5703173307744613, 1.8507362554854125, 1.9435956225549094, 2.3277002273975667, 2.690951172700767, 3.0269063476505074, 3.0975883016135985, 4.330660139747958, 4.921455742803952, 5.1106692953232695, 5.287262272943035, 5.520300394683759, 5.72626117051765, 5.763615146748177, 5.815522158310036, 6.656272940530168, 6.668961870471678, 6.719140033222542, 6.967403728830793, 7.275006738596234, 7.289233523883674, 7.3528672900765395, 7.600878716694867, 7.857633571353203, 7.981190916590271, 7.998125337419013, 8.847293855402103, 8.877221711783129, 9.129195490474821, 9.200157389500252, 9.57385197398898, 10.117839150133486, 10.580884324303328, 10.663699113228557, 10.675597357554865, 11.091633346406963, 11.58409890428438, 12.098884508842024, 12.690158212916339, 12.977437787454285, 13.23544433699995, 13.43661741850168, 13.708017927576302, 13.708954266208158, 13.721740290249159, 14.170421073589695, 14.513774306077012, 14.820897611503275, 14.902568398819477, 15.151021558143816, 15.17204598008657, 15.185458946997644, 15.448850780497391, 15.736155960699621, 16.230225091208624, 16.449472740816063, 17.398854061621112, 17.488568591135024, 17.848030047185723, 18.130529309970882, 18.249929275310294]}, "star": {"M_star_sun": 1.24798447993458, "gamma_ms": 0.0}}, "difficulty_details": {"coverage_inner_periods": 2.8440907154536945, "gp_used": true, "minK_ms": 3.033054396824279, "n_obs": 63, "n_planets": 2, "raw_score": 8, "resonances_detected": 0, "snr_like": 0.9406267490884148}, "meta": {"noise": {"gp": {"Q0": 1.291142236312715, "dQ": 0.13860779638445545, "f": 0.3407951329102181, "period_days": 22.95849862855607, "sigma_ms": 0.26282173100745604, "use_gp": true}, "sigma_jitter_ms": 0.117573808562291, "sigma_white_ms": 3.1069298532394694}, "seed": 95, "source_generated_task_id": "ac1ecb9e-52fa-558b-b4f6-7be14b728c05", "source_seed": 95}, "observations": {"instruments": ["instA", "instA", "instA", "instA", "instA", "instA", "instA", "instA", "instA", "instA", "instA", "instA", "instA", "instA", "instA", "instA", "instA", "instA", "instA", "instA", "instA", "instA", "instA", "instA", "instA", "instA", "instA", "instA", "instA", "instA", "instA", "instA", "instA", "instA", "instA", "instA", "instA", "instA", "instA", "instA", "instA", "instA", "instA", "instA", "instA", "instA", "instA", "instA", "instA", "instA", "instA", "instA", "instA", "instA", "instA", "instA", "instA", "instA", "instA", "instA", "instA", "instA", "instA"], "rvs_ms": [-3.96143566404515, 1.4864519182778635, 8.595365058322782, 2.2934856004587876, 0.5884095810038734, 11.295210698702032, 5.325369030113798, 10.02667148579842, 5.098488813120483, 6.04087402705973, 1.4460418462159907, 6.043142760071969, -8.415897370975092, -0.3060750771707159, -6.201339952781458, -8.890566596298916, 3.861838266765787, -4.518755031325958, -4.46993945153189, -1.001944672278296, -0.3654299716694096, 1.6369672759970662, 3.8158226881018664, -2.5661617356603506, -1.717100805837036, 1.014852628817795, 1.0709604533194002, -2.0614988371302236, 8.701301307607421, -0.45127763979518565, 12.370669567796917, 16.697374871413672, 16.544815210970732, 3.597542269264215, -3.0223719522939088, 8.289926508566946, 0.39094715781975853, -1.7937485829414197, 2.962469659567513, -0.7162708924156709, -8.97527899372327, -11.07937262218158, -3.9880824469617826, 1.9188536815140504, -0.9099380707715401, 5.761227495100057, 1.5343789926040103, 5.904235431802419, 8.824677220177286, 7.26725037931385, 15.771546175490199, 12.848419011807625, 8.806350767755621, -0.6258118063208489, 11.23688323731967, 4.552319598221165, 6.479215128476662, 12.327940292513203, 4.550631469819934, -4.6929000999155335, -0.4474146934020815, -10.253696824130262, -6.819325311108196], "sigmas_ms": [3.1069298532394694, 3.1069298532394694, 3.1069298532394694, 3.1069298532394694, 3.1069298532394694, 3.1069298532394694, 3.1069298532394694, 3.1069298532394694, 3.1069298532394694, 3.1069298532394694, 3.1069298532394694, 3.1069298532394694, 3.1069298532394694, 3.1069298532394694, 3.1069298532394694, 3.1069298532394694, 3.1069298532394694, 3.1069298532394694, 3.1069298532394694, 3.1069298532394694, 3.1069298532394694, 3.1069298532394694, 3.1069298532394694, 3.1069298532394694, 3.1069298532394694, 3.1069298532394694, 3.1069298532394694, 3.1069298532394694, 3.1069298532394694, 3.1069298532394694, 3.1069298532394694, 3.1069298532394694, 3.1069298532394694, 3.1069298532394694, 3.1069298532394694, 3.1069298532394694, 3.1069298532394694, 3.1069298532394694, 3.1069298532394694, 3.1069298532394694, 3.1069298532394694, 3.1069298532394694, 3.1069298532394694, 3.1069298532394694, 3.1069298532394694, 3.1069298532394694, 3.1069298532394694, 3.1069298532394694, 3.1069298532394694, 3.1069298532394694, 3.1069298532394694, 3.1069298532394694, 3.1069298532394694, 3.1069298532394694, 3.1069298532394694, 3.1069298532394694, 3.1069298532394694, 3.1069298532394694, 3.1069298532394694, 3.1069298532394694, 3.1069298532394694, 3.1069298532394694, 3.1069298532394694], "times_days": [0.5846938381174323, 0.9874608639890757, 1.5703173307744613, 1.8507362554854125, 1.9435956225549094, 2.3277002273975667, 2.690951172700767, 3.0269063476505074, 3.0975883016135985, 4.330660139747958, 4.921455742803952, 5.1106692953232695, 5.287262272943035, 5.520300394683759, 5.72626117051765, 5.763615146748177, 5.815522158310036, 6.656272940530168, 6.668961870471678, 6.719140033222542, 6.967403728830793, 7.275006738596234, 7.289233523883674, 7.3528672900765395, 7.600878716694867, 7.857633571353203, 7.981190916590271, 7.998125337419013, 8.847293855402103, 8.877221711783129, 9.129195490474821, 9.200157389500252, 9.57385197398898, 10.117839150133486, 10.580884324303328, 10.663699113228557, 10.675597357554865, 11.091633346406963, 11.58409890428438, 12.098884508842024, 12.690158212916339, 12.977437787454285, 13.23544433699995, 13.43661741850168, 13.708017927576302, 13.708954266208158, 13.721740290249159, 14.170421073589695, 14.513774306077012, 14.820897611503275, 14.902568398819477, 15.151021558143816, 15.17204598008657, 15.185458946997644, 15.448850780497391, 15.736155960699621, 16.230225091208624, 16.449472740816063, 17.398854061621112, 17.488568591135024, 17.848030047185723, 18.130529309970882, 18.249929275310294]}, "task_id": "seed95_diff8", "truth_difficulty": 8}