{"config": {"engine": "rebound", "instruments": [{"gamma_ms": 0.0, "label": "instA", "sigma_jitter_ms": 0.18040909282996587, "sigma_white_ms": 1.8765452960625533}], "integrator_preference": "whfast", "los_axis": "x", "metadata": {}, "noise": {"gp": {"Q0": 0.6553285459216058, "dQ": 0.06985455673691945, "f": 0.5591812799619835, "period_days": 30.634927425266746, "sigma_ms": 0.24514069550269552, "use_gp": true}, "sigma_jitter_ms": 0.18040909282996587, "sigma_white_ms": 1.8765452960625533}, "planets": [{"Omega_rad": 3.1162137895339206, "P_days": 5.95299429670776, "e": 0.07900472632579081, "inc_rad": 1.4660765379682723, "l_rad": 0.8664242376192929, "m_sin_i_mjup": 0.01948095466793774, "m_true_mjup": null, "omega_rad": 4.773696290233915}, {"Omega_rad": 5.011925128626167, "P_days": 34.4904526650749, "e": 0.2336482968815115, "inc_rad": 1.0380329843189011, "l_rad": 4.51563733045161, "m_sin_i_mjup": 0.16136476862802018, "m_true_mjup": null, "omega_rad": 2.0342756559128783}, {"Omega_rad": 1.6624730288380973, "P_days": 68.63151414298885, "e": 0.16371807617298625, "inc_rad": 1.5313978308589842, "l_rad": 0.968120191105712, "m_sin_i_mjup": 0.22172967911413594, "m_true_mjup": null, "omega_rad": 3.5831225814763847}, {"Omega_rad": 1.279099610150732, "P_days": 283.09508088950685, "e": 0.21404898818836018, "inc_rad": 0.760831336041739, "l_rad": 0.1354881159011978, "m_sin_i_mjup": 0.021176236306387913, "m_true_mjup": null, "omega_rad": 5.276613600832246}], "schedule": {"instruments": ["instA", "instA", "instA", "instA", "instA", "instA", "instA", "instA", "instA", "instA", "instA", "instA", "instA", "instA", "instA", "instA", "instA", "instA", "instA", "instA", "instA", "instA", "instA", "instA", "instA", "instA", "instA", "instA", "instA", "instA", "instA", "instA", "instA", "instA", "instA", "instA", "instA", "instA", "instA", "instA", "instA", "instA", "instA", "instA", "instA", "instA", "instA", "instA", "instA"], "times_days": [0.5128658143474187, 0.9368060749053947, 1.8777035608770194, 2.486091572647579, 2.5258094313776622, 2.9264590561390844, 3.279692608029186, 3.4440252589419247, 3.499395383762805, 3.6646442892429367, 3.8749715026918, 4.841800764797715, 5.177423759919763, 5.326837500481991, 6.241487894961148, 6.292991662733224, 7.262120582767038, 7.700383416931581, 8.551388787087559, 9.705064320944944, 9.717824825350224, 9.802313416692376, 10.853688722155427, 10.888151308243067, 10.947639905966236, 11.795864989483116, 11.845586391612485, 12.08019659371606, 12.323660840633076, 12.83371026080883, 13.563263969185249, 13.636693827529777, 14.36317928308358, 14.563462567367377, 16.004445586742204, 17.09313028213122, 17.22577367178435, 17.49740951017735, 18.06996590847437, 18.11959727199843, 18.971738188577365, 19.0019233761672, 19.97366863792643, 20.33016049677695, 20.517451165642775, 21.479740719821336, 22.33475889630979, 22.646324631433913, 23.311645397740733]}, "star": {"M_star_sun": 1.2128727693558985, "gamma_ms": 0.0}}, "difficulty_details": {"coverage_inner_periods": 3.829800340309739, "gp_used": true, "minK_ms": 0.5900152333028399, "n_obs": 49, "n_planets": 4, "raw_score": 11, "resonances_detected": 1, "snr_like": 0.2868392398435771}, "meta": {"noise": {"gp": {"Q0": 0.6553285459216058, "dQ": 0.06985455673691945, "f": 0.5591812799619835, "period_days": 30.634927425266746, "sigma_ms": 0.24514069550269552, "use_gp": true}, "sigma_jitter_ms": 0.18040909282996587, "sigma_white_ms": 1.8765452960625533}, "seed": 82, "source_generated_task_id": "264d77eb-3655-5239-a11d-9cb8b26e758b", "source_seed": 82}, "observations": {"instruments": ["instA", "instA", "instA", "instA", "instA", "instA", "instA", "instA", "instA", "instA", "instA", "instA", "instA", "instA", "instA", "instA", "instA", "instA", "instA", "instA", "instA", "instA", "instA", "instA", "instA", "instA", "instA", "instA", "instA", "instA", "instA", "instA", "instA", "instA", "instA", "instA", "instA", "instA", "instA", "instA", "instA", "instA", "instA", "instA", "instA", "instA", "instA", "instA", "instA"], "rvs_ms": [2.976394669886141, -1.0534056471044908, -0.8278936968366432, -3.8708267300147057, 4.0365728287078, 1.8732233123838808, -0.991492904116541, -2.107829086613062, -1.405967345263518, -0.0645259128989879, -5.966961787869289, 7.219377992096403, 3.465380740175976, 6.027047369685857, 10.08118127576836, 5.300551134551867, 3.475266634319665, 3.0170695391949636, 0.7082570551688838, 3.697341734246586, 7.48012743762864, 7.51926271617301, 8.486202624239525, 16.50451971951096, 12.993272459165691, 12.611772116751537, 16.44064911751409, 11.97253620824426, 11.246464784472453, 12.711103161657533, 14.58957830053339, 9.971716598429365, 9.488398104294646, 15.827383211603992, 15.437261112059772, 18.10482223973025, 18.03184280992168, 18.18834032692906, 24.697700163402345, 16.40434760227378, 20.13232552093933, 15.050745538738937, 19.094044256305033, 19.928940013296046, 15.073927315317947, 13.983489419517868, 11.392390770446257, 10.05235684777246, 8.1784957062038], "sigmas_ms": [1.8765452960625533, 1.8765452960625533, 1.8765452960625533, 1.8765452960625533, 1.8765452960625533, 1.8765452960625533, 1.8765452960625533, 1.8765452960625533, 1.8765452960625533, 1.8765452960625533, 1.8765452960625533, 1.8765452960625533, 1.8765452960625533, 1.8765452960625533, 1.8765452960625533, 1.8765452960625533, 1.8765452960625533, 1.8765452960625533, 1.8765452960625533, 1.8765452960625533, 1.8765452960625533, 1.8765452960625533, 1.8765452960625533, 1.8765452960625533, 1.8765452960625533, 1.8765452960625533, 1.8765452960625533, 1.8765452960625533, 1.8765452960625533, 1.8765452960625533, 1.8765452960625533, 1.8765452960625533, 1.8765452960625533, 1.8765452960625533, 1.8765452960625533, 1.8765452960625533, 1.8765452960625533, 1.8765452960625533, 1.8765452960625533, 1.8765452960625533, 1.8765452960625533, 1.8765452960625533, 1.8765452960625533, 1.8765452960625533, 1.8765452960625533, 1.8765452960625533, 1.8765452960625533, 1.8765452960625533, 1.8765452960625533], "times_days": [0.5128658143474187, 0.9368060749053947, 1.8777035608770194, 2.486091572647579, 2.5258094313776622, 2.9264590561390844, 3.279692608029186, 3.4440252589419247, 3.499395383762805, 3.6646442892429367, 3.8749715026918, 4.841800764797715, 5.177423759919763, 5.326837500481991, 6.241487894961148, 6.292991662733224, 7.262120582767038, 7.700383416931581, 8.551388787087559, 9.705064320944944, 9.717824825350224, 9.802313416692376, 10.853688722155427, 10.888151308243067, 10.947639905966236, 11.795864989483116, 11.845586391612485, 12.08019659371606, 12.323660840633076, 12.83371026080883, 13.563263969185249, 13.636693827529777, 14.36317928308358, 14.563462567367377, 16.004445586742204, 17.09313028213122, 17.22577367178435, 17.49740951017735, 18.06996590847437, 18.11959727199843, 18.971738188577365, 19.0019233761672, 19.97366863792643, 20.33016049677695, 20.517451165642775, 21.479740719821336, 22.33475889630979, 22.646324631433913, 23.311645397740733]}, "task_id": "seed82_diff10", "truth_difficulty": 10}