{"config": {"engine": "rebound", "instruments": [{"gamma_ms": 0.0, "label": "instA", "sigma_jitter_ms": 0.607323738780595, "sigma_white_ms": 0.6089581836682872}], "integrator_preference": "whfast", "los_axis": "x", "metadata": {}, "noise": {"gp": {"Q0": 1.0, "dQ": 0.1, "f": 0.5, "period_days": 25.0, "sigma_ms": 0.0, "use_gp": false}, "sigma_jitter_ms": 0.607323738780595, "sigma_white_ms": 0.6089581836682872}, "planets": [{"Omega_rad": 2.6226294061943447, "P_days": 49.58199914248355, "e": 0.6640720140866377, "inc_rad": 0.769388358025974, "l_rad": 3.5758393287466452, "m_sin_i_mjup": 0.19251085089826125, "m_true_mjup": null, "omega_rad": 5.709746281998794}], "schedule": {"instruments": ["instA", "instA", "instA", "instA", "instA", "instA", "instA", "instA", "instA", "instA", "instA", "instA", "instA", "instA", "instA", "instA", "instA", "instA", "instA", "instA", "instA", "instA", "instA", "instA", "instA", "instA", "instA", "instA", "instA", "instA", "instA", "instA", "instA", "instA", "instA", "instA", "instA", "instA", "instA", "instA", "instA", "instA", "instA", "instA", "instA", "instA", "instA", "instA", "instA", "instA", "instA", "instA", "instA", "instA", "instA", "instA", "instA", "instA", "instA", "instA", "instA", "instA", "instA", "instA", "instA", "instA", "instA", "instA", "instA", "instA", "instA", "instA", "instA", "instA", "instA", "instA", "instA", "instA", "instA", "instA", "instA", "instA", "instA", "instA", "instA", "instA", "instA", "instA", "instA", "instA", "instA", "instA", "instA", "instA", "instA", "instA", "instA", "instA", "instA", "instA", "instA", "instA", "instA", "instA", "instA", "instA", "instA", "instA"], "times_days": [0.6280590349306248, 0.9992671969612936, 1.2863157161551955, 1.5071834727097893, 3.9672189408185554, 4.878857217845982, 5.673138719401422, 7.831864097756695, 8.013177024314412, 14.326516988818428, 17.13377417090802, 20.27839910203407, 20.4771438037373, 25.362057175136798, 25.47603266557181, 26.35744304670362, 28.646490218160228, 28.893075342949142, 29.467376752326818, 29.504050390549846, 30.83872080892081, 31.063689916500948, 32.559567362576836, 38.77951967884855, 38.80674101176883, 39.692028261094116, 45.678227713049985, 46.668790237002526, 47.17043574650918, 50.26279474794703, 51.526136197176406, 55.26529002065319, 56.98933574052568, 58.47115497399001, 61.7669649769464, 63.62611810069215, 65.96813615619811, 68.68373288013319, 69.72233375267335, 70.69547801137749, 73.30750327701998, 75.52964452754036, 75.89324955417669, 76.18845822976336, 77.15505788653356, 77.34775563301257, 77.99347947719212, 78.79433312674642, 79.39827174965514, 79.39887237141276, 80.3883130810304, 80.56830683586816, 81.36615525066628, 82.88675754981054, 82.95952659144108, 84.23130356525184, 86.32283272967081, 86.9530505196886, 87.24751263034152, 89.16747364147142, 89.62033725595384, 91.63644603767688, 92.62708640352704, 96.39016097377443, 97.55181380588384, 99.72531633367471, 101.95730906602785, 104.24964007837256, 105.38948757364686, 108.52051424209398, 108.66998934845647, 108.77361131785995, 109.37988560802603, 110.48105041564183, 112.1733724203965, 118.67123571654406, 121.66408751377021, 122.345750623975, 123.07121707733174, 126.98739921571153, 130.7138803128199, 130.83271171036412, 131.98137631228315, 136.02171583589782, 136.74527109657552, 138.11878168367502, 138.33066724124586, 138.40191491030413, 139.6961212895629, 140.1251466094621, 149.76036299145886, 151.29272494431981, 151.3926754694381, 152.74095526978755, 152.92916753812187, 153.91165895425723, 155.6104669215971, 158.0617784946888, 158.20074878725936, 159.78700333951366, 160.09117304728142, 161.00451234264776, 161.19301825696053, 163.9269952548902, 166.40826029224948, 168.19245639260313, 168.64389043877196, 169.28614606594212]}, "star": {"M_star_sun": 0.9733260810882738, "gamma_ms": 0.0}}, "difficulty_details": {"coverage_inner_periods": 3.4015991680032824, "gp_used": false, "minK_ms": 14.503863691435207, "n_obs": 108, "n_planets": 1, "raw_score": 1, "resonances_detected": 0, "snr_like": 11.924754798815794}, "meta": {"noise": {"gp": {"Q0": 1.0, "dQ": 0.1, "f": 0.5, "period_days": 25.0, "sigma_ms": 0.0, "use_gp": false}, "sigma_jitter_ms": 0.607323738780595, "sigma_white_ms": 0.6089581836682872}, "patch_profile": "easy_bias_for_diff1", "seed": 300060, "source_generated_task_id": "fb284b56-b44d-58b2-8029-587511bf4574", "source_seed": 300060}, "observations": {"instruments": ["instA", "instA", "instA", "instA", "instA", "instA", "instA", "instA", "instA", "instA", "instA", "instA", "instA", "instA", "instA", "instA", "instA", "instA", "instA", "instA", "instA", "instA", "instA", "instA", "instA", "instA", "instA", "instA", "instA", "instA", "instA", "instA", "instA", "instA", "instA", "instA", "instA", "instA", "instA", "instA", "instA", "instA", "instA", "instA", "instA", "instA", "instA", "instA", "instA", "instA", "instA", "instA", "instA", "instA", "instA", "instA", "instA", "instA", "instA", "instA", "instA", "instA", "instA", "instA", "instA", "instA", "instA", "instA", "instA", "instA", "instA", "instA", "instA", "instA", "instA", "instA", "instA", "instA", "instA", "instA", "instA", "instA", "instA", "instA", "instA", "instA", "instA", "instA", "instA", "instA", "instA", "instA", "instA", "instA", "instA", "instA", "instA", "instA", "instA", "instA", "instA", "instA", "instA", "instA", "instA", "instA", "instA", "instA"], "rvs_ms": [-3.7647351793173027, -2.0443059098769973, -2.9949855719996066, -4.714268697306812, -5.499831601137918, -5.168853632200531, -7.20350667581017, -8.517978715217673, -9.426329234727827, -25.77084225487872, -12.538271916179301, 12.301872180723262, 11.04419359744686, 11.315373620233581, 11.85165076235431, 11.936889782393777, 9.799499412907483, 9.183265356166034, 10.334115858062573, 8.5187830334735, 8.919831230128937, 9.72050081539263, 8.771608489807369, 7.25546515116654, 5.659273547286112, 4.806342223744295, -1.0141997164542318, 0.504149064055679, 0.8430741900972317, -1.7809975175946513, -4.499545091272099, -6.860082446613309, -9.828155758356939, -11.776241893675177, -17.835628706737136, -23.354390940586306, -22.67360020759504, 7.524901099982079, 11.754266863594728, 12.698610221677507, 13.041100998837546, 12.82745299276361, 10.248814642738378, 11.557681439663668, 11.40494210641797, 11.062272312746792, 10.95413193263237, 9.727752678100966, 11.94134861386464, 9.656751447751008, 10.13449519792503, 9.000223418500866, 8.677403149773724, 7.217059908141551, 8.079563754804154, 7.9176692259584796, 5.55987821604598, 5.465145789557611, 4.890014614988514, 4.458775960832527, 5.885614188806917, 4.560843141578347, 3.27340862812118, 0.20321796794324812, -0.969371689000386, -3.3337451281725388, -4.491442650629936, -5.501497044708936, -7.619760275919676, -11.362145126077902, -13.316879007511233, -14.047274887019881, -13.10289305498673, -16.721669022040363, -21.737979694471083, 9.009142556778894, 13.59574642169218, 11.79130503428009, 13.024372329075968, 12.081174762441904, 9.184270065579746, 8.606807460243536, 8.155638421889215, 7.235233378652704, 3.619950003200129, 4.6330970464407075, 5.431285534911852, 4.121344823560204, 3.818363841049995, 3.5508163390710714, -2.4317168132228275, -3.7729456896553075, -3.426709358565607, -5.0522849799757825, -7.185464183609703, -6.346115352075141, -8.883629488595458, -13.045361779544402, -13.356335492061204, -16.097804614264255, -14.480243219922686, -17.272111068406353, -19.49197044674628, -25.698429590662602, -6.34170543679389, 10.383229285049167, 11.583499933926749, 12.307317804362606],