{"config": {"engine": "rebound", "instruments": [{"gamma_ms": 0.0, "label": "instA", "sigma_jitter_ms": 1.0563304822782598, "sigma_white_ms": 1.54306691933542}], "integrator_preference": "whfast", "los_axis": "x", "metadata": {}, "noise": {"gp": {"Q0": 1.0, "dQ": 0.1, "f": 0.5, "period_days": 25.0, "sigma_ms": 0.0, "use_gp": false}, "sigma_jitter_ms": 1.0563304822782598, "sigma_white_ms": 1.54306691933542}, "planets": [{"Omega_rad": 5.697287359918997, "P_days": 9.93898008726128, "e": 0.446187184359091, "inc_rad": 1.0394742819845848, "l_rad": 4.1687003788234644, "m_sin_i_mjup": 0.3092907516917904, "m_true_mjup": null, "omega_rad": 5.604421412146429}], "schedule": {"instruments": ["instA", "instA", "instA", "instA", "instA", "instA", "instA", "instA", "instA", "instA", "instA", "instA", "instA", "instA", "instA", "instA", "instA", "instA", "instA", "instA", "instA", "instA", "instA", "instA", "instA", "instA", "instA", "instA", "instA", "instA", "instA", "instA", "instA", "instA", "instA", "instA", "instA", "instA", "instA", "instA", "instA", "instA", "instA", "instA", "instA", "instA", "instA", "instA", "instA", "instA", "instA", "instA", "instA", "instA", "instA", "instA", "instA", "instA", "instA", "instA", "instA", "instA", "instA", "instA", "instA", "instA", "instA", "instA", "instA", "instA", "instA", "instA", "instA", "instA", "instA", "instA", "instA", "instA", "instA", "instA"], "times_days": [0.08889761248807557, 0.9987953110557319, 2.38008309647852, 3.2938749519785904, 3.6345594214647194, 3.7276708310625764, 3.85915097206544, 4.144680959135237, 4.194848916475411, 4.43250686126514, 4.841663987477223, 5.088024363729928, 5.514198509312222, 5.8320063931318025, 6.515963023275081, 7.3835222865837284, 7.582001356256072, 8.101368101138249, 8.985768370919196, 9.23650574655109, 9.748635638203579, 10.610519409863, 10.785638726905242, 11.198237640123676, 11.422116127030439, 12.088962557156961, 14.199723862636437, 14.25508681260776, 14.775617785047679, 14.882849661981783, 15.459104206218427, 16.181072881095044, 16.211554838847004, 17.19805328445614, 17.565637961308997, 18.451193806151394, 18.529931880485396, 19.142145623669105, 19.27050946149779, 19.395414429506555, 19.432581849381343, 19.581277215351445, 20.20604293020276, 20.22649111631155, 20.369478532892835, 20.415141971604058, 20.606820552531598, 20.855836814808942, 21.69402994275277, 21.700443948981032, 22.023691027512868, 23.161083621266624, 23.193882254064125, 23.603547662263686, 24.44087623258784, 24.914182526867762, 24.917807123314752, 24.936342072447882, 25.06589290948602, 25.137713898221463, 25.215016893997976, 26.670388252491865, 26.839951284679582, 28.15305814951742, 28.65629194387253, 29.871775542457687, 30.191798379089576, 30.952275486454766, 31.346991923420564, 33.038319768795155, 33.239704556390855, 33.69871043026138, 34.05410125792129, 34.25710218075271, 35.79762537016247, 36.280341370393316, 37.29704767335392, 37.39579240363101, 37.46699758578531, 37.49695553081661]}, "star": {"M_star_sun": 1.2923294687444298, "gamma_ms": 0.0}}, "difficulty_details": {"coverage_inner_periods": 3.76377229754934, "gp_used": false, "minK_ms": 27.535627186106954, "n_obs": 80, "n_planets": 1, "raw_score": 1, "resonances_detected": 0, "snr_like": 10.59308098446706}, "meta": {"noise": {"gp": {"Q0": 1.0, "dQ": 0.1, "f": 0.5, "period_days": 25.0, "sigma_ms": 0.0, "use_gp": false}, "sigma_jitter_ms": 1.0563304822782598, "sigma_white_ms": 1.54306691933542}, "patch_profile": "easy_bias_for_diff1", "seed": 300078, "source_generated_task_id": "43fd7c01-1db5-5acc-a144-b1f20148dfa7", "source_seed": 300078}, "observations": {"instruments": ["instA", "instA", "instA", "instA", "instA", "instA", "instA", "instA", "instA", "instA", "instA", "instA", "instA", "instA", "instA", "instA", "instA", "instA", "instA", "instA", "instA", "instA", "instA", "instA", "instA", "instA", "instA", "instA", "instA", "instA", "instA", "instA", "instA", "instA", "instA", "instA", "instA", "instA", "instA", "instA", "instA", "instA", "instA", "instA", "instA", "instA", "instA", "instA", "instA", "instA", "instA", "instA", "instA", "instA", "instA", "instA", "instA", "instA", "instA", "instA", "instA", "instA", "instA", "instA", "instA", "instA", "instA", "instA", "instA", "instA", "instA", "instA", "instA", "instA", "instA", "instA", "instA", "instA", "instA", "instA"], "rvs_ms": [-17.46354980563479, -26.28842900611095, -17.330039106167018, 15.584281112354075, 19.26144025657714, 17.621104205757995, 23.62001843218821, 21.896263311287097, 21.74992679348712, 18.924354517717934, 18.602207681989025, 16.753857449963718, 14.9953420534427, 15.196838606720325, 12.590339218344429, 8.124276039047935, 7.588626564770369, 2.367428483194577, -3.7915307698898975, -7.239208131458727, -14.886929460805055, -23.64300748108489, -27.82121478719558, -32.578416864880836, -31.224658526874975, -29.2049155018737, 19.16481733885174, 22.431197706823134, 20.323188923655707, 19.34380296317429, 16.9209557480068, 13.880398287981587, 13.666756009006562, 9.944497770627386, 7.4711189058715775, 1.0126924733437033, 1.7015373500669542, -5.6720795592627065, -10.342544177675084, -8.249246352311491, -8.648249290390618, -9.991689956090426, -20.71269431501987, -18.790044639141314, -20.402748220936402, -21.942731067585633, -29.659106835420356, -26.539379062077913, -35.73711699202416, -36.12238106497032, -31.315999503237286, 11.84101608810132, 18.18559847750955, 25.373667312939507, 21.239862320158544, 20.445477626770135, 21.362356244236125, 19.06616477619874, 21.937022824023742, 19.272465280501176, 20.114421761215027, 11.544377479245522, 11.142772986236832, -0.6621820547047186, -2.781169415559031, -16.024640863012305, -19.224616094349606, -30.54301050120834, -36.69308606378332, 14.876582993611686, 16.72581415542264, 22.210475899772703, 23.028309135731334, 23.97035244312362, 14.640530163458209, 11.36655269906173, 8.432469901937331, 9.768271307616391, 10.50562695574047, 10.431111180057313], "sigmas_ms": [1.54306691933542, 1.54306691933542, 1.54306691933542, 1.54306691933542, 1.54306691933542, 1.54306691933542, 1.54306691933542, 1.54306691933542, 1.54306691933542, 1.54306691933542, 1.54306691933542, 1.54306691933542, 1.54306691933542, 1.54306691933542, 1.54306691933542, 1.54306691933542, 1.54306691933542, 1.54306691933542, 1.54306691933542, 1.54306691933542, 1.54306691933542, 1.54306691933542, 1.54306691933542, 1.54306691933542, 1.54306691933542, 1.54306691933542, 1.54306691933542, 1.54306691933542, 1.54306691933542, 1.54306691933542, 1.54306691933542, 1.54306691933542, 1.54306691933542, 1.54306691933542, 1.54306691933542, 1.54306691933542, 1.54306691933542, 1.54306691933542, 1.54306691933542, 1.54306691933542, 1.54306691933542, 1.54306691933542, 1.54306691933542, 1.54306691933542, 1.54306691933542, 1.54306691933542, 1.54306691933542, 1.54306691933542, 1.54306691933542, 1.54306691933542, 1.54306691933542, 1.54306691933542, 1.54306691933542, 1.54306691933542, 1.54306691933542, 1.54306691933542, 1.54306691933542, 1.54306691933542, 1.54306691933542, 1.54306691933542, 1.54306691933542, 1.54306691933542, 1.54306691933542, 1.54306691933542, 1.54306691933542, 1.54306691933542, 1.54306691933542, 1.54306691933542, 1.54306691933542, 1.54306691933542, 1.54306691933542, 1.54306691933542, 1.54306691933542, 1.54306691933542, 1.54306691933542, 1.54306691933542, 1.54306691933542, 1.54306691933542, 1.54306691933542, 1.54306691933542],