{"config": {"engine": "rebound", "instruments": [{"gamma_ms": 0.0, "label": "instA", "sigma_jitter_ms": 0.28947670823890803, "sigma_white_ms": 2.4937241041100178}], "integrator_preference": "whfast", "los_axis": "x", "metadata": {}, "noise": {"gp": {"Q0": 1.762032670450441, "dQ": 0.12599757374170514, "f": 0.3092065800480159, "period_days": 29.691896162908236, "sigma_ms": 0.4603504415282244, "use_gp": true}, "sigma_jitter_ms": 0.28947670823890803, "sigma_white_ms": 2.4937241041100178}, "planets": [{"Omega_rad": 0.7740516665937446, "P_days": 212.97270538160788, "e": 0.04055501340743279, "inc_rad": 1.3749732862641069, "l_rad": 6.090368554203782, "m_sin_i_mjup": 0.023089088333574426, "m_true_mjup": null, "omega_rad": 6.036969775780175}, {"Omega_rad": 1.4399504619915933, "P_days": 295.74186064593744, "e": 0.049062423175992284, "inc_rad": 1.5534597182277563, "l_rad": 4.966298464021907, "m_sin_i_mjup": 0.250595022919477, "m_true_mjup": null, "omega_rad": 1.0784259441157102}, {"Omega_rad": 3.957688060413381, "P_days": 300.0, "e": 0.39331131224955457, "inc_rad": 0.220760371629053, "l_rad": 1.0784382230263738, "m_sin_i_mjup": 0.22532768745894896, "m_true_mjup": null, "omega_rad": 1.5833501613463152}], "schedule": {"instruments": ["instA", "instA", "instA", "instA", "instA", "instA", "instA", "instA", "instA", "instA", "instA", "instA", "instA", "instA", "instA", "instA", "instA", "instA", "instA", "instA", "instA", "instA", "instA", "instA", "instA", "instA", "instA", "instA", "instA", "instA", "instA", "instA", "instA", "instA", "instA", "instA", "instA", "instA", "instA", "instA", "instA", "instA", "instA", "instA", "instA", "instA", "instA", "instA", "instA"], "times_days": [14.094704586992435, 28.376370461124754, 58.018357510865016, 100.16215762832293, 120.39642844721631, 139.54813879586015, 139.5497276848691, 147.73269680048213, 158.19698365821748, 172.87001416112767, 186.3293516124883, 203.44482849934198, 204.88524899053792, 205.7436561844046, 212.61746830891806, 219.61735579248497, 257.3142746945419, 267.1095161260737, 273.55979448321744, 292.54705662067545, 297.50616357699863, 356.57407604544557, 431.5982279055616, 452.03387006243685, 497.9631235280182, 512.1241804119904, 522.5799870825734, 524.3901406818743, 524.5936125904076, 526.5987621032782, 527.5572938287756, 536.0880814696147, 549.9482983327276, 556.0215341143628, 565.8767238661418, 566.5678134602485, 568.7124728359853, 588.2848550260795, 610.6568777252601, 642.6381998137801, 666.5914022767454, 668.2176572361684, 705.5058476990079, 706.5855223002862, 754.7628807731754, 757.4486743799049, 781.1828904652111, 788.0926835610153, 793.3115838665774]}, "star": {"M_star_sun": 0.7888487382261148, "gamma_ms": 0.0}}, "difficulty_details": {"coverage_inner_periods": 3.658764055625681, "gp_used": true, "minK_ms": 0.9211810240040571, "n_obs": 49, "n_planets": 3, "raw_score": 9, "resonances_detected": 0, "snr_like": 0.330979000838467}, "meta": {"noise": {"gp": {"Q0": 1.762032670450441, "dQ": 0.12599757374170514, "f": 0.3092065800480159, "period_days": 29.691896162908236, "sigma_ms": 0.4603504415282244, "use_gp": true}, "sigma_jitter_ms": 0.28947670823890803, "sigma_white_ms": 2.4937241041100178}, "seed": 176, "source_generated_task_id": "d3c9fcf6-84fb-527e-972e-0b3f259d7d3f", "source_seed": 176}, "observations": {"instruments": ["instA", "instA", "instA", "instA", "instA", "instA", "instA", "instA", "instA", "instA", "instA", "instA", "instA", "instA", "instA", "instA", "instA", "instA", "instA", "instA", "instA", "instA", "instA", "instA", "instA", "instA", "instA", "instA", "instA", "instA", "instA", "instA", "instA", "instA", "instA", "instA", "instA", "instA", "instA", "instA", "instA", "instA", "instA", "instA", "instA", "instA", "instA", "instA", "instA"], "rvs_ms": [38.82695764735341, 47.61725384239579, 18.097116764575983, -3.3062516821216223, -9.114530432507518, -14.28863395635239, -17.439869124396978, -10.489817086593327, -12.771806256011311, -16.915878675898167, -22.53303203914599, -26.170004752431907, -22.559916768618255, -21.501270964127436, -20.119126828372025, -22.672060505672658, -20.698985818630682, -4.762743311577318, -0.8197439690435554, 19.6371521375115, 21.12748197203252, 26.325044644873834, -7.646616126579408, -15.807819028954068, -21.10967571872323, -21.910715185962246, -25.8963101698226, -28.34936159426279, -23.76491660479146, -17.186655283614787, -22.062432187451936, -23.303407889241885, -19.06794647056317, -10.65239291913558, -15.714636701921679, -11.213193572572566, -13.587509416939566, 9.544768692116273, 33.960301044860934, 41.807056120800716, 13.852068274861036, 17.936473526380084, -1.6774965838669464, -0.758602524845885, -16.90922362026529, -17.9373300315591, -20.803183954860042, -25.092945327619173, -22.558632597723445], "sigmas_ms": [2.4937241041100178, 2.4937241041100178, 2.4937241041100178, 2.4937241041100178, 2.4937241041100178, 2.4937241041100178, 2.4937241041100178, 2.4937241041100178, 2.4937241041100178, 2.4937241041100178, 2.4937241041100178, 2.4937241041100178, 2.4937241041100178, 2.4937241041100178, 2.4937241041100178, 2.4937241041100178, 2.4937241041100178, 2.4937241041100178, 2.4937241041100178, 2.4937241041100178, 2.4937241041100178, 2.4937241041100178, 2.4937241041100178, 2.4937241041100178, 2.4937241041100178, 2.4937241041100178, 2.4937241041100178, 2.4937241041100178, 2.4937241041100178, 2.4937241041100178, 2.4937241041100178, 2.4937241041100178, 2.4937241041100178, 2.4937241041100178, 2.4937241041100178, 2.4937241041100178, 2.4937241041100178, 2.4937241041100178, 2.4937241041100178, 2.4937241041100178, 2.4937241041100178, 2.4937241041100178, 2.4937241041100178, 2.4937241041100178, 2.4937241041100178, 2.4937241041100178, 2.4937241041100178, 2.4937241041100178, 2.4937241041100178], "times_days": [14.094704586992435, 28.376370461124754, 58.018357510865016, 100.16215762832293, 120.39642844721631, 139.54813879586015, 139.5497276848691, 147.73269680048213, 158.19698365821748, 172.87001416112767, 186.3293516124883, 203.44482849934198, 204.88524899053792, 205.7436561844046, 212.61746830891806, 219.61735579248497, 257.3142746945419, 267.1095161260737, 273.55979448321744, 292.54705662067545, 297.50616357699863, 356.57407604544557, 431.5982279055616, 452.03387006243685, 497.9631235280182, 512.1241804119904, 522.5799870825734, 524.3901406818743, 524.5936125904076, 526.5987621032782, 527.5572938287756, 536.0880814696147, 549.9482983327276, 556.0215341143628, 565.8767238661418, 566.5678134602485, 568.7124728359853, 588.2848550260795, 610.6568777252601, 642.6381998137801, 666.5914022767454, 668.2176572361684, 705.5058476990079, 706.5855223002862, 754.7628807731754, 757.4486743799049, 781.1828904652111, 788.0926835610153, 793.3115838665774]}, "task_id": "seed176_diff9", "truth_difficulty": 9}