{"config": {"engine": "rebound", "instruments": [{"gamma_ms": 0.0, "label": "instA", "sigma_jitter_ms": 0.45347162562964816, "sigma_white_ms": 0.9077263838260892}], "integrator_preference": "whfast", "los_axis": "x", "metadata": {}, "noise": {"gp": {"Q0": 1.0, "dQ": 0.1, "f": 0.5, "period_days": 25.0, "sigma_ms": 0.0, "use_gp": false}, "sigma_jitter_ms": 0.45347162562964816, "sigma_white_ms": 0.9077263838260892}, "planets": [{"Omega_rad": 5.391792880654848, "P_days": 5.164263929707943, "e": 0.15554129569494077, "inc_rad": 0.4594210441189949, "l_rad": 3.402132231646454, "m_sin_i_mjup": 0.022834043329865404, "m_true_mjup": null, "omega_rad": 0.017762767097894937}], "schedule": {"instruments": ["instA", "instA", "instA", "instA", "instA", "instA", "instA", "instA", "instA", "instA", "instA", "instA", "instA", "instA", "instA", "instA", "instA", "instA", "instA", "instA", "instA", "instA", "instA", "instA", "instA", "instA", "instA", "instA", "instA", "instA", "instA", "instA", "instA", "instA", "instA", "instA", "instA", "instA", "instA", "instA", "instA", "instA", "instA", "instA", "instA", "instA", "instA", "instA", "instA", "instA", "instA", "instA", "instA", "instA", "instA", "instA", "instA", "instA", "instA"], "times_days": [0.036522924292554805, 0.26133842695360593, 0.8314225147974064, 1.0555391135198342, 1.3804303361674328, 1.4867307067889164, 1.7357136410211909, 1.7452237716358332, 2.199441420170471, 2.3162971543082644, 2.4273865632921092, 2.4458632286921134, 2.601207440430872, 2.8343370148100377, 2.8708202978530704, 2.9784027700021225, 3.3325653221446396, 3.343109057193522, 3.6514810001752753, 4.184456945277715, 4.520280421831322, 5.272295633300289, 5.385953015311389, 5.413225489613581, 5.860346180259501, 6.048067857092145, 6.1494903123454625, 6.92582266391422, 6.995296242127134, 7.212327793906061, 7.752929955772984, 7.755184378178552, 8.387650115507421, 8.547771690660664, 8.661606055087685, 8.662442329861154, 9.191397241793288, 9.416417126312801, 9.602176695451554, 9.865406368109495, 10.06197165053767, 10.081902181989705, 10.24451940156794, 10.345391342919749, 11.08633818683748, 11.259782719669484, 11.372104024101484, 11.579577888591901, 11.70585632126924, 11.814903424905674, 11.921955434286671, 11.982750817754628, 12.101341405956193, 12.184289637260335, 12.216380930330994, 12.229532935659911, 12.23126719938381, 12.234048205180832, 12.263735390276498]}, "star": {"M_star_sun": 1.2680517657156547, "gamma_ms": 0.0}}, "difficulty_details": {"coverage_inner_periods": 2.367658321187979, "gp_used": false, "minK_ms": 2.320017768905294, "n_obs": 59, "n_planets": 1, "raw_score": 5, "resonances_detected": 0, "snr_like": 1.7043940358338696}, "meta": {"noise": {"gp": {"Q0": 1.0, "dQ": 0.1, "f": 0.5, "period_days": 25.0, "sigma_ms": 0.0, "use_gp": false}, "sigma_jitter_ms": 0.45347162562964816, "sigma_white_ms": 0.9077263838260892}, "seed": 12, "source_generated_task_id": "0403d38a-7eff-5671-9a03-b016a063c54d", "source_seed": 12}, "observations": {"instruments": ["instA", "instA", "instA", "instA", "instA", "instA", "instA", "instA", "instA", "instA", "instA", "instA", "instA", "instA", "instA", "instA", "instA", "instA", "instA", "instA", "instA", "instA", "instA", "instA", "instA", "instA", "instA", "instA", "instA", "instA", "instA", "instA", "instA", "instA", "instA", "instA", "instA", "instA", "instA", "instA", "instA", "instA", "instA", "instA", "instA", "instA", "instA", "instA", "instA", "instA", "instA", "instA", "instA", "instA", "instA", "instA", "instA", "instA", "instA"], "rvs_ms": [-0.32471874596271155, -1.2637076017022781, -4.4184738488889606, -4.2745587802242975, -4.472135312138642, -5.386341274326477, -4.8621904756567185, -4.434925396140831, -2.0049345916741297, -0.9979771275320184, 0.2852035229607202, -0.0064959447830577055, 2.8035892120022146, 2.022787926776317, 4.682820135210408, 3.7312942098221558, 4.632432133108513, 3.8209270328779668, 4.807922887985927, 3.083722316888491, 2.1080730567489563, -2.0904126777281817, -1.9590672617440519, -0.3268523521862503, -3.5181533734527206, -5.088203544383634, -3.787411403405787, -4.379785831479344, -3.3188516240916295, -1.9514068519869001, 1.529506919247332, -0.014337133219966214, 4.718507146077174, 5.762141315499492, 4.775108438229937, 5.605544534877422, 4.914350531267667, 2.512263458948666, 3.527596907243761, 2.737101220752979, 1.2736420436611786, 1.2684064252861278, 0.4424803827015791, 1.1528721383959468, -3.947233744201711, -4.626232473914219, -4.262214079584359, -6.055720438375179, -6.717171175908141, -5.932364273911595, -4.44677388079027, -4.1716960382442005, -5.758527007120855, -5.703317258847462, -3.935458626224055, -3.729603624635852, -3.5785661362383623, -2.831087204199975, -2.0861646219582446], "sigmas_ms": [0.9077263838260892, 0.9077263838260892, 0.9077263838260892, 0.9077263838260892, 0.9077263838260892, 0.9077263838260892, 0.9077263838260892, 0.9077263838260892, 0.9077263838260892, 0.9077263838260892, 0.9077263838260892, 0.9077263838260892, 0.9077263838260892, 0.9077263838260892, 0.9077263838260892, 0.9077263838260892, 0.9077263838260892, 0.9077263838260892, 0.9077263838260892, 0.9077263838260892, 0.9077263838260892, 0.9077263838260892, 0.9077263838260892, 0.9077263838260892, 0.9077263838260892, 0.9077263838260892, 0.9077263838260892, 0.9077263838260892, 0.9077263838260892, 0.9077263838260892, 0.9077263838260892, 0.9077263838260892, 0.9077263838260892, 0.9077263838260892, 0.9077263838260892, 0.9077263838260892, 0.9077263838260892, 0.9077263838260892, 0.9077263838260892, 0.9077263838260892, 0.9077263838260892, 0.9077263838260892, 0.9077263838260892, 0.9077263838260892, 0.9077263838260892, 0.9077263838260892, 0.9077263838260892, 0.9077263838260892, 0.9077263838260892, 0.9077263838260892, 0.9077263838260892, 0.9077263838260892, 0.9077263838260892, 0.9077263838260892, 0.9077263838260892, 0.9077263838260892, 0.9077263838260892, 0.9077263838260892, 0.9077263838260892], "times_days": [0.036522924292554805, 0.26133842695360593, 0.8314225147974064, 1.0555391135198342, 1.3804303361674328, 1.4867307067889164, 1.7357136410211909, 1.7452237716358332, 2.199441420170471, 2.3162971543082644, 2.4273865632921092, 2.4458632286921134, 2.601207440430872, 2.8343370148100377, 2.8708202978530704, 2.9784027700021225, 3.3325653221446396, 3.343109057193522, 3.6514810001752753, 4.184456945277715, 4.520280421831322, 5.272295633300289, 5.385953015311389, 5.413225489613581, 5.860346180259501, 6.048067857092145, 6.1494903123454625, 6.92582266391422, 6.995296242127134, 7.212327793906061, 7.752929955772984, 7.755184378178552, 8.387650115507421, 8.547771690660664, 8.661606055087685, 8.662442329861154, 9.191397241793288, 9.416417126312801, 9.602176695451554, 9.865406368109495, 10.06197165053767, 10.081902181989705, 10.24451940156794, 10.345391342919749, 11.08633818683748, 11.259782719669484, 11.372104024101484, 11.579577888591901, 11.70585632126924, 11.814903424905674, 11.921955434286671, 11.982750817754628, 12.101341405956193, 12.184289637260335, 12.216380930330994, 12.229532935659911, 12.23126719938381, 12.234048205180832, 12.263735390276498]}, "task_id": "seed12_diff5", "truth_difficulty": 5}