{"config": {"engine": "rebound", "instruments": [{"gamma_ms": 0.0, "label": "instA", "sigma_jitter_ms": 0.8990260036918648, "sigma_white_ms": 3.016549656760045}], "integrator_preference": "whfast", "los_axis": "x", "metadata": {}, "noise": {"gp": {"Q0": 1.0, "dQ": 0.1, "f": 0.5, "period_days": 25.0, "sigma_ms": 0.0, "use_gp": false}, "sigma_jitter_ms": 0.8990260036918648, "sigma_white_ms": 3.016549656760045}, "planets": [{"Omega_rad": 2.007977267945431, "P_days": 2.6309199884129737, "e": 0.2687300915524592, "inc_rad": 1.1666277089411108, "l_rad": 0.12959409253254622, "m_sin_i_mjup": 0.9571566975690023, "m_true_mjup": null, "omega_rad": 4.266552385201975}], "schedule": {"instruments": ["instA", "instA", "instA", "instA", "instA", "instA", "instA", "instA", "instA", "instA", "instA", "instA", "instA", "instA", "instA", "instA", "instA", "instA", "instA", "instA", "instA", "instA", "instA", "instA", "instA", "instA", "instA", "instA", "instA", "instA", "instA", "instA", "instA", "instA", "instA", "instA", "instA", "instA", "instA", "instA", "instA", "instA", "instA", "instA", "instA", "instA", "instA", "instA", "instA", "instA", "instA", "instA", "instA", "instA", "instA", "instA", "instA"], "times_days": [0.008463636172946161, 0.1094556277103357, 0.14372226182070208, 0.18916066020979205, 0.2701898782512257, 0.38130441923449404, 0.4733971859790252, 0.51885843607611, 0.5328889944574755, 0.5827599912872347, 0.6180100456754655, 0.7127053590151196, 0.7743485962777279, 0.8306218943368222, 1.3374344323589746, 1.3997927607399692, 1.4365416862224796, 1.4600788197552559, 1.989504059735952, 2.0453494539733, 2.226884181168942, 2.2900121701253484, 2.586935846170175, 2.7402640079038822, 3.005058215854643, 3.292898916648596, 3.348967090066311, 3.438456059095543, 3.491027276202474, 3.4910430678389766, 3.6514098754095343, 3.6672288579535346, 3.8028474899647593, 3.8066097721089074, 3.8361875321333514, 3.9568112408071068, 3.9886909607339938, 4.0031829600978055, 4.203249907794529, 4.269530706551996, 4.2795043380981195, 4.6800455601870175, 4.7316860436654595, 5.431761148417693, 5.543713069516079, 6.015550767551536, 6.312448876948608, 6.362996050910878, 6.371509057052466, 6.681668074267706, 6.746474400930867, 6.851393621095313, 6.858308917963012, 6.901912815016861, 6.909190300019815, 6.962976170418433, 6.967833207758481]}, "star": {"M_star_sun": 0.7162878351370027, "gamma_ms": 0.0}}, "difficulty_details": {"coverage_inner_periods": 2.64522281264189, "gp_used": false, "minK_ms": 182.74683871506187, "n_obs": 57, "n_planets": 1, "raw_score": 3, "resonances_detected": 0, "snr_like": 46.67176797548344}, "meta": {"noise": {"gp": {"Q0": 1.0, "dQ": 0.1, "f": 0.5, "period_days": 25.0, "sigma_ms": 0.0, "use_gp": false}, "sigma_jitter_ms": 0.8990260036918648, "sigma_white_ms": 3.016549656760045}, "seed": 60, "source_generated_task_id": "25f2946c-8b2e-54d6-a0a1-fb0808007eb7", "source_seed": 60}, "observations": {"instruments": ["instA", "instA", "instA", "instA", "instA", "instA", "instA", "instA", "instA", "instA", "instA", "instA", "instA", "instA", "instA", "instA", "instA", "instA", "instA", "instA", "instA", "instA", "instA", "instA", "instA", "instA", "instA", "instA", "instA", "instA", "instA", "instA", "instA", "instA", "instA", "instA", "instA", "instA", "instA", "instA", "instA", "instA", "instA", "instA", "instA", "instA", "instA", "instA", "instA", "instA", "instA", "instA", "instA", "instA", "instA", "instA", "instA"], "rvs_ms": [55.63112515563511, 84.14461404135821, 91.83360798835325, 92.16613047759338, 112.94166545902212, 127.12270104357306, 136.41359851873358, 136.27148703261003, 136.74555437189167, 147.3725406337662, 148.95324254219918, 149.99014042749602, 141.0588812821441, 137.1266894483562, 3.5073438181617305, -29.231199459247314, -50.651005138433824, -67.15795414840295, -202.1384027757432, -179.2682005904481, -94.63152657454371, -62.06819560663744, 38.416700737945234, 86.87444833334914, 124.82065574648662, 139.10539415579194, 146.40205683079145, 142.5710143414416, 141.03947883071575, 140.47621762515828, 114.42494389423571, 114.9880614493906, 73.45429411833601, 74.94260915260463, 59.07437501363642, 8.093505234858723, -7.24860625980266, -18.13689858395515, -140.42146503220766, -176.94962957994557, -191.65104219556127, -179.04889859940656, -158.5157683157789, 94.48032337592593, 112.70410381763249, 144.28718770129785, 104.93354575809764, 94.9228222282424, 93.37788372108385, -38.38482287026522, -88.37750057575946, -153.786574012545, -158.72866276489665, -187.15163621565682, -192.9607781239681, -213.90352596089454, -219.23219006206898], "sigmas_ms": [3.016549656760045, 3.016549656760045, 3.016549656760045, 3.016549656760045, 3.016549656760045, 3.016549656760045, 3.016549656760045, 3.016549656760045, 3.016549656760045, 3.016549656760045, 3.016549656760045, 3.016549656760045, 3.016549656760045, 3.016549656760045, 3.016549656760045, 3.016549656760045, 3.016549656760045, 3.016549656760045, 3.016549656760045, 3.016549656760045, 3.016549656760045, 3.016549656760045, 3.016549656760045, 3.016549656760045, 3.016549656760045, 3.016549656760045, 3.016549656760045, 3.016549656760045, 3.016549656760045, 3.016549656760045, 3.016549656760045, 3.016549656760045, 3.016549656760045, 3.016549656760045, 3.016549656760045, 3.016549656760045, 3.016549656760045, 3.016549656760045, 3.016549656760045, 3.016549656760045, 3.016549656760045, 3.016549656760045, 3.016549656760045, 3.016549656760045, 3.016549656760045, 3.016549656760045, 3.016549656760045, 3.016549656760045, 3.016549656760045, 3.016549656760045, 3.016549656760045, 3.016549656760045, 3.016549656760045, 3.016549656760045, 3.016549656760045, 3.016549656760045, 3.016549656760045], "times_days": [0.008463636172946161, 0.1094556277103357, 0.14372226182070208, 0.18916066020979205, 0.2701898782512257, 0.38130441923449404, 0.4733971859790252, 0.51885843607611, 0.5328889944574755, 0.5827599912872347, 0.6180100456754655, 0.7127053590151196, 0.7743485962777279, 0.8306218943368222, 1.3374344323589746, 1.3997927607399692, 1.4365416862224796, 1.4600788197552559, 1.989504059735952, 2.0453494539733, 2.226884181168942, 2.2900121701253484, 2.586935846170175, 2.7402640079038822, 3.005058215854643, 3.292898916648596, 3.348967090066311, 3.438456059095543, 3.491027276202474, 3.4910430678389766, 3.6514098754095343, 3.6672288579535346, 3.8028474899647593, 3.8066097721089074, 3.8361875321333514, 3.9568112408071068, 3.9886909607339938, 4.0031829600978055, 4.203249907794529, 4.269530706551996, 4.2795043380981195, 4.6800455601870175, 4.7316860436654595, 5.431761148417693, 5.543713069516079, 6.015550767551536, 6.312448876948608, 6.362996050910878, 6.371509057052466, 6.681668074267706, 6.746474400930867, 6.851393621095313, 6.858308917963012, 6.901912815016861, 6.909190300019815, 6.962976170418433, 6.967833207758481]}, "task_id": "seed60_diff3", "truth_difficulty": 3}