{"config": {"engine": "rebound", "instruments": [{"gamma_ms": 0.0, "label": "instA", "sigma_jitter_ms": 0.1349956829316448, "sigma_white_ms": 0.9650388375814294}], "integrator_preference": "whfast", "los_axis": "x", "metadata": {}, "noise": {"gp": {"Q0": 1.0, "dQ": 0.1, "f": 0.5, "period_days": 25.0, "sigma_ms": 0.0, "use_gp": false}, "sigma_jitter_ms": 0.1349956829316448, "sigma_white_ms": 0.9650388375814294}, "planets": [{"Omega_rad": 3.7067458871830095, "P_days": 11.08836531392206, "e": 0.3160095361085614, "inc_rad": 0.33191781733861286, "l_rad": 3.604213752524089, "m_sin_i_mjup": 0.05784418373795791, "m_true_mjup": null, "omega_rad": 1.6797639325319151}], "schedule": {"instruments": ["instA", "instA", "instA", "instA", "instA", "instA", "instA", "instA", "instA", "instA", "instA", "instA", "instA", "instA", "instA", "instA", "instA", "instA", "instA", "instA", "instA", "instA", "instA", "instA", "instA", "instA", "instA", "instA", "instA", "instA", "instA", "instA", "instA", "instA", "instA", "instA", "instA", "instA", "instA", "instA", "instA", "instA", "instA", "instA", "instA", "instA", "instA", "instA", "instA", "instA", "instA", "instA", "instA", "instA", "instA", "instA", "instA", "instA", "instA", "instA", "instA", "instA", "instA", "instA", "instA", "instA", "instA", "instA", "instA", "instA", "instA", "instA", "instA", "instA", "instA", "instA", "instA", "instA", "instA", "instA"], "times_days": [0.3946998276372516, 0.8040535947788731, 0.812665384280854, 1.364213747364067, 2.3757090657627087, 3.278398599225546, 3.2875341475458213, 3.3813361017824612, 3.8919433578830938, 3.927535194268289, 4.603111193570857, 4.943929926656079, 5.214605933106951, 5.543596867795968, 5.877978073844515, 6.811541886693144, 6.844311360380947, 7.465524782140164, 8.009649994761386, 8.327281263129729, 8.376404005965165, 8.915380289090912, 8.9736936546819, 9.42148088630097, 9.824853814744515, 10.41722267043622, 10.57698971782737, 10.64730844944631, 10.71001833785092, 11.252196392938165, 11.389726760474689, 11.897243248525873, 11.94159105306619, 12.551858331505924, 12.872982316375776, 13.027459689881791, 13.937597920817652, 13.964785379923226, 14.28890880314516, 14.323751706953448, 14.798603031260257, 14.949327575589335, 15.63932704146714, 15.644422922574918, 15.888260517010686, 16.211892914523307, 16.52623458253404, 17.106267134918596, 17.883472088180522, 17.97297223157511, 17.982236464049414, 18.484264661936198, 19.37823261458682, 19.844807957277972, 20.431962169263766, 21.216404441800172, 21.725787435001354, 21.844525450551313, 22.365942944080963, 22.947231839069445, 23.51495854769943, 23.813343709218127, 23.882053900551046, 24.84708765796225, 25.20343894617581, 25.70572944226919, 26.455210691603288, 27.095759541654136, 27.55318729906159, 27.663607356284494, 28.25112571789615, 28.520493448440238, 28.735141150788824, 28.81516551645284, 29.237383320653045, 29.62194877601318, 29.624044315060424, 30.094433947814206, 30.462527027297053, 30.497086871011067]}, "star": {"M_star_sun": 0.9494719698022008, "gamma_ms": 0.0}}, "difficulty_details": {"coverage_inner_periods": 2.7147723033239712, "gp_used": false, "minK_ms": 5.752356329738855, "n_obs": 80, "n_planets": 1, "raw_score": 2, "resonances_detected": 0, "snr_like": 5.229250739382126}, "meta": {"noise": {"gp": {"Q0": 1.0, "dQ": 0.1, "f": 0.5, "period_days": 25.0, "sigma_ms": 0.0, "use_gp": false}, "sigma_jitter_ms": 0.1349956829316448, "sigma_white_ms": 0.9650388375814294}, "seed": 1743, "source_generated_task_id": "34d09780-1cd0-581e-8a2d-23f41829392b", "source_seed": 1743}, "observations": {"instruments": ["instA", "instA", "instA", "instA", "instA", "instA", "instA", "instA", "instA", "instA", "instA", "instA", "instA", "instA", "instA", "instA", "instA", "instA", "instA", "instA", "instA", "instA", "instA", "instA", "instA", "instA", "instA", "instA", "instA", "instA", "instA", "instA", "instA", "instA", "instA", "instA", "instA", "instA", "instA", "instA", "instA", "instA", "instA", "instA", "instA", "instA", "instA", "instA", "instA", "instA", "instA", "instA", "instA", "instA", "instA", "instA", "instA", "instA", "instA", "instA", "instA", "instA", "instA", "instA", "instA", "instA", "instA", "instA", "instA", "instA", "instA", "instA", "instA", "instA", "instA", "instA", "instA", "instA", "instA", "instA"], "rvs_ms": [-10.451313652069137, -10.753630435633315, -11.000096396921299, -11.109501899113049, -12.985019347605117, -10.655595963378126, -8.095570163233251, -9.519357682872908, -8.631516857315306, -9.356329325267575, -6.30400460672546, -2.9577869349813257, -0.7143011390215845, 4.6912299485146365, 3.875922365597658, 17.586071850513207, 18.299731453974495, 24.714472745471973, 22.63660817826757, 17.774062981658304, 17.047586859535865, 8.712659373367229, 8.318220525693635, 4.955526704152538, -1.4492358301900727, -7.0761354516533626, -6.17634409141703, -7.661635498129086, -6.620147142961155, -11.210432628874381, -11.527952368682758, -10.577513979061244, -12.61220059000314, -11.215985195326354, -11.047755077435069, -11.49995178245417, -10.264708741783227, -11.234689154781822, -11.668231413264055, -11.046338713808483, -7.480194619368445, -8.398078874469643, -5.187409458750319, -3.3730428527575653, -2.2269333842958687, -1.2325455537772558, 1.2990526865112826, 6.6291951323299605, 18.58617046357016, 17.420887435252986, 18.495200846676664, 20.679513465849844, 19.39935394003929, 10.763383901636658, 3.025416186194191, -2.853540655340424, -8.961279290770785, -7.12661412109923, -7.483866533237416, -10.56017188297762, -11.145660922095466, -11.95046680636737, -11.229790352749653, -10.520368104770043, -12.00983266225782, -9.855335416220578, -6.082775916097298, -3.3393165055296183, 1.2651346714157212, 2.4848642309461897, 7.91055056595777, 11.093020215416212, 13.357406990173425, 15.669456510307704, 20.698579115127213, 21.736545023670818, 23.256026578324033, 22.04948999154791, 17.774286880498014, 17.086559685446293], "sigmas_ms": [0.9650388375814294, 0.9650388375814294, 0.9650388375814294, 0.9650388375814294, 0.9650388375814294, 0.9650388375814294, 0.9650388375814294, 0.9650388375814294, 0.9650388375814294, 0.9650388375814294, 0.9650388375814294, 0.9650388375814294, 0.9650388375814294, 0.9650388375814294, 0.9650388375814294, 0.9650388375814294, 0.9650388375814294, 0.9650388375814294, 0.9650388375814294, 0.9650388375814294, 0.9650388375814294, 0.9650388375814294, 0.9650388375814294, 0.9650388375814294, 0.9650388375814294, 0.9650388375814294, 0.9650388375814294, 0.9650388375814294, 0.9650388375814294, 0.9650388375814294, 0.9650388375814294, 0.9650388375814294, 0.9650388375814294, 0.9650388375814294, 0.9650388375814294, 0.9650388375814294, 0.9650388375814294, 0.9650388375814294, 0.9650388375814294, 0.9650388375814294, 0.9650388375814294, 0.9650388375814294, 0.9650388375814294, 0.9650388375814294, 0.9650388375814294, 0.9650388375814294, 0.9650388375814294, 0.9650388375814294, 0.9650388375814294, 0.9650388375814294, 0.9650388375814294, 0.9650388375814294, 0.9650388375814294, 0.9650388375814294, 0.9650388375814294, 0.9650388375814294, 0.9650388375814294, 0.9650388375814294, 0.9650388375814294, 0.9650388375814294, 0.9650388375814294, 0.9650388375814294, 0.9650388375814294, 0.9650388375814294, 0.9650388375814294, 0.9650388375814294, 0.9650388375814294, 0.9650388375814294, 0.9650388375814294, 0.9650388375814294, 0.9650388375814294, 0.9650388375814294, 0.9650388375814294, 0.9650388375814294, 0.9650388375814294, 0.9650388375814294, 0.9650388375814294, 0.9650388375814294, 0.9650388375814294, 0.9650388375814294],