{"config": {"engine": "rebound", "instruments": [{"gamma_ms": 0.0, "label": "instA", "sigma_jitter_ms": 0.3661069258851416, "sigma_white_ms": 2.1520950343487226}], "integrator_preference": "whfast", "los_axis": "x", "metadata": {}, "noise": {"gp": {"Q0": 1.0, "dQ": 0.1, "f": 0.5, "period_days": 25.0, "sigma_ms": 0.0, "use_gp": false}, "sigma_jitter_ms": 0.3661069258851416, "sigma_white_ms": 2.1520950343487226}, "planets": [{"Omega_rad": 1.8024824282651128, "P_days": 180.06864934769786, "e": 0.3702228865294658, "inc_rad": 0.40889305922942315, "l_rad": 6.057954569185689, "m_sin_i_mjup": 0.6097007114398598, "m_true_mjup": null, "omega_rad": 1.2194628450828653}], "schedule": {"instruments": ["instA", "instA", "instA", "instA", "instA", "instA", "instA", "instA", "instA", "instA", "instA", "instA", "instA", "instA", "instA", "instA", "instA", "instA", "instA", "instA", "instA", "instA", "instA", "instA", "instA", "instA", "instA", "instA", "instA", "instA", "instA", "instA", "instA", "instA", "instA", "instA", "instA", "instA", "instA", "instA", "instA", "instA", "instA", "instA", "instA", "instA", "instA", "instA", "instA", "instA", "instA", "instA", "instA", "instA", "instA", "instA", "instA", "instA", "instA", "instA", "instA", "instA", "instA", "instA", "instA", "instA", "instA"], "times_days": [23.148966181505077, 24.539172675323105, 25.1029441718009, 25.95048904533836, 46.194569234727155, 70.31739200186877, 80.18976374891572, 80.87726274660676, 83.04943306107323, 84.41047715008906, 84.74965789221933, 86.16297374528546, 92.2800869494801, 96.75917620834348, 98.17986749720343, 99.28212690942624, 110.07957895298661, 116.61136550109448, 123.97105381081265, 135.7716489521154, 136.22202337160357, 143.01929377528148, 145.1821550824516, 155.32893090165044, 158.82993905634746, 162.88249215512835, 173.7481111864441, 175.30615350973247, 178.19638759451794, 182.25318318237632, 185.30982777647378, 199.3451965732405, 232.74804042308375, 236.85017924608633, 238.66393790708292, 274.6733534230606, 286.36804809781944, 289.89436716757467, 295.19480319304535, 301.8398167126315, 315.12107852794054, 315.50925031676474, 345.9673960357889, 368.7773707178501, 373.14969187267434, 385.31567979221177, 386.96331249099615, 387.23853948890905, 392.54847756012043, 395.1332569008901, 408.6791040174502, 410.0010914929697, 431.14064716205775, 444.9795736337086, 447.7562017338454, 449.12521741798406, 453.5776935470975, 454.10648820117706, 457.3773743440013, 457.44474145339746, 464.3114180660723, 465.94578007635863, 475.5318191192946, 480.6728601740601, 483.5688261728213, 485.4365995744251, 488.5874403507569]}, "star": {"M_star_sun": 0.8403423270472148, "gamma_ms": 0.0}}, "difficulty_details": {"coverage_inner_periods": 2.584783502599212, "gp_used": false, "minK_ms": 26.52744118522294, "n_obs": 67, "n_planets": 1, "raw_score": 3, "resonances_detected": 0, "snr_like": 10.534278665544104}, "meta": {"noise": {"gp": {"Q0": 1.0, "dQ": 0.1, "f": 0.5, "period_days": 25.0, "sigma_ms": 0.0, "use_gp": false}, "sigma_jitter_ms": 0.3661069258851416, "sigma_white_ms": 2.1520950343487226}, "seed": 129, "source_generated_task_id": "502f6e25-6405-5bb8-8247-ab3f641aed9b", "source_seed": 129}, "observations": {"instruments": ["instA", "instA", "instA", "instA", "instA", "instA", "instA", "instA", "instA", "instA", "instA", "instA", "instA", "instA", "instA", "instA", "instA", "instA", "instA", "instA", "instA", "instA", "instA", "instA", "instA", "instA", "instA", "instA", "instA", "instA", "instA", "instA", "instA", "instA", "instA", "instA", "instA", "instA", "instA", "instA", "instA", "instA", "instA", "instA", "instA", "instA", "instA", "instA", "instA", "instA", "instA", "instA", "instA", "instA", "instA", "instA", "instA", "instA", "instA", "instA", "instA", "instA", "instA", "instA", "instA", "instA", "instA"], "rvs_ms": [18.849763626683387, 18.925592278948788, 25.688644170747132, 29.153176649771044, 91.95985684912158, 32.7023296150466, 12.590732113660566, 14.324348998705776, 8.71000667855254, 3.8954042279385983, 4.48680715070441, 5.542924928355629, -6.995607828239164, -13.480009510136814, -19.470279354485385, -17.855221402249292, -23.875827822568812, -33.103885382079596, -37.1272762797509, -38.54800598144162, -43.61369292128034, -39.789993471590535, -43.39189564566923, -42.692497916443294, -43.222611099412894, -39.57253537234731, -37.60566490092961, -33.19052176325424, -34.8642299180745, -26.953314624419804, -21.29401673516709, 6.38993653436285, 79.51825785991993, 67.8402879116014, 63.22715874572334, -11.285121558694756, -22.76252957145548, -27.227423644075696, -33.20862466052891, -33.990903779772594, -40.56229244629951, -39.652266824158204, -41.798214922967716, -12.304636670312387, -10.141987439054704, 27.740643598721785, 31.90589076036137, 33.5403012844914, 57.505894174190935, 64.25242805041461, 85.93714612279977, 83.6457632127731, 33.239570408846795, 5.320353219533378, -1.413820398263767, -2.586860853204021, -4.385232054451948, -9.266674464454262, -15.656011777407905, -16.766886143778745, -22.42892425525317, -21.643037049137654, -23.95670483547601, -36.50907979436186, -33.7997272279884, -35.51620592747317, -38.72322533216835], "sigmas_ms": [2.1520950343487226, 2.1520950343487226, 2.1520950343487226, 2.1520950343487226, 2.1520950343487226, 2.1520950343487226, 2.1520950343487226, 2.1520950343487226, 2.1520950343487226, 2.1520950343487226, 2.1520950343487226, 2.1520950343487226, 2.1520950343487226, 2.1520950343487226, 2.1520950343487226, 2.1520950343487226, 2.1520950343487226, 2.1520950343487226, 2.1520950343487226, 2.1520950343487226, 2.1520950343487226, 2.1520950343487226, 2.1520950343487226, 2.1520950343487226, 2.1520950343487226, 2.1520950343487226, 2.1520950343487226, 2.1520950343487226, 2.1520950343487226, 2.1520950343487226, 2.1520950343487226, 2.1520950343487226, 2.1520950343487226, 2.1520950343487226, 2.1520950343487226, 2.1520950343487226, 2.1520950343487226, 2.1520950343487226, 2.1520950343487226, 2.1520950343487226, 2.1520950343487226, 2.1520950343487226, 2.1520950343487226, 2.1520950343487226, 2.1520950343487226, 2.1520950343487226, 2.1520950343487226, 2.1520950343487226, 2.1520950343487226, 2.1520950343487226, 2.1520950343487226, 2.1520950343487226, 2.1520950343487226, 2.1520950343487226, 2.1520950343487226, 2.1520950343487226, 2.1520950343487226, 2.1520950343487226, 2.1520950343487226, 2.1520950343487226, 2.1520950343487226, 2.1520950343487226, 2.1520950343487226, 2.1520950343487226, 2.1520950343487226, 2.1520950343487226, 2.1520950343487226], "times_days": [23.148966181505077, 24.539172675323105, 25.1029441718009, 25.95048904533836, 46.194569234727155, 70.31739200186877, 80.18976374891572, 80.87726274660676, 83.04943306107323, 84.41047715008906, 84.74965789221933, 86.16297374528546, 92.2800869494801, 96.75917620834348, 98.17986749720343, 99.28212690942624, 110.07957895298661, 116.61136550109448, 123.97105381081265, 135.7716489521154, 136.22202337160357, 143.01929377528148, 145.1821550824516, 155.32893090165044, 158.82993905634746, 162.88249215512835, 173.7481111864441, 175.30615350973247, 178.19638759451794, 182.25318318237632, 185.30982777647378, 199.3451965732405, 232.74804042308375, 236.85017924608633, 238.66393790708292, 274.6733534230606, 286.36804809781944, 289.89436716757467, 295.19480319304535, 301.8398167126315, 315.12107852794054, 315.50925031676474, 345.9673960357889, 368.7773707178501, 373.14969187267434, 385.31567979221177, 386.96331249099615, 387.23853948890905, 392.54847756012043, 395.1332569008901, 408.6791040174502, 410.0010914929697, 431.14064716205775, 444.9795736337086, 447.7562017338454, 449.12521741798406, 453.5776935470975, 454.10648820117706, 457.3773743440013, 457.44474145339746, 464.3114180660723, 465.94578007635863, 475.5318191192946, 480.6728601740601, 483.5688261728213, 485.4365995744251, 488.5874403507569]}, "task_id": "seed129_diff3", "truth_difficulty": 3}