{"config": {"engine": "rebound", "instruments": [{"gamma_ms": 0.0, "label": "instA", "sigma_jitter_ms": 0.13218931791286032, "sigma_white_ms": 4.9874866276441026}], "integrator_preference": "whfast", "los_axis": "x", "metadata": {}, "noise": {"gp": {"Q0": 0.8811824119103189, "dQ": 0.15136688153599673, "f": 0.5408360724717783, "period_days": 12.089116789656076, "sigma_ms": 0.6930558940435614, "use_gp": true}, "sigma_jitter_ms": 0.13218931791286032, "sigma_white_ms": 4.9874866276441026}, "planets": [{"Omega_rad": 5.6039834632598415, "P_days": 2.2111398139161116, "e": 0.4389551406060738, "inc_rad": 0.30007413124008814, "l_rad": 1.7500826073529567, "m_sin_i_mjup": 0.02814559670417474, "m_true_mjup": null, "omega_rad": 1.7507029320356207}, {"Omega_rad": 3.0504144987640673, "P_days": 44.02952740031176, "e": 0.00046397843934322346, "inc_rad": 1.0061367622360524, "l_rad": 3.727023339273024, "m_sin_i_mjup": 0.069823103700879, "m_true_mjup": null, "omega_rad": 5.938406070146854}], "schedule": {"instruments": ["instA", "instA", "instA", "instA", "instA", "instA", "instA", "instA", "instA", "instA", "instA", "instA", "instA", "instA", "instA", "instA", "instA", "instA", "instA", "instA", "instA", "instA", "instA", "instA", "instA", "instA", "instA", "instA", "instA", "instA", "instA", "instA", "instA", "instA", "instA", "instA", "instA", "instA", "instA", "instA", "instA", "instA", "instA", "instA", "instA", "instA", "instA", "instA", "instA", "instA", "instA", "instA", "instA", "instA", "instA", "instA", "instA", "instA", "instA", "instA", "instA", "instA", "instA", "instA", "instA", "instA", "instA", "instA"], "times_days": [0.028945404931518145, 0.029795648456886627, 0.09282417796955583, 0.14635477657062676, 0.246715944237436, 0.31986319791444645, 0.369875027766174, 0.5411209498346873, 0.6046108234310514, 0.6055363137617861, 0.6818376537457753, 0.8663139453785095, 0.8707706040298454, 0.9216775766585287, 1.1072323818136822, 1.4160431139860357, 1.6419052458359082, 1.9267802620054821, 2.0352304405854516, 2.035951837205188, 2.11021387599104, 2.192219759737686, 2.2210515934481636, 2.257284151172086, 2.341725397990059, 2.352473485075894, 2.4947689882083375, 2.4978215974860873, 2.893960899065485, 3.0291679579728905, 3.0531005885670126, 3.0687489226373046, 3.083521086956292, 3.1017856238079724, 3.295208709042991, 3.2956544878047147, 3.3253055026671157, 3.547430514538993, 3.6867239938275094, 3.9101443777137797, 3.939339656496615, 4.026447555811257, 4.058389589821445, 4.139504317455043, 4.191478342280271, 4.241814485892827, 4.290212777946127, 4.296448168052749, 4.3342818910325205, 4.431690209061763, 4.473050850214536, 5.49329302998115, 5.562026144499701, 5.576992196854723, 5.855248288462928, 6.04851773942565, 6.124703111167468, 6.132067065585085, 6.160342916061854, 6.216508867194724, 6.2980913343754725, 6.42144804185024, 6.517062500389544, 6.889469284829219, 6.905973896169801, 6.9543993745090775, 6.980416155091229, 7.291451423550965]}, "star": {"M_star_sun": 0.726265194183398, "gamma_ms": 0.0}}, "difficulty_details": {"coverage_inner_periods": 3.2845078239340046, "gp_used": true, "minK_ms": 4.973997928244212, "n_obs": 68, "n_planets": 2, "raw_score": 7, "resonances_detected": 0, "snr_like": 0.9715454613022578}, "meta": {"noise": {"gp": {"Q0": 0.8811824119103189, "dQ": 0.15136688153599673, "f": 0.5408360724717783, "period_days": 12.089116789656076, "sigma_ms": 0.6930558940435614, "use_gp": true}, "sigma_jitter_ms": 0.13218931791286032, "sigma_white_ms": 4.9874866276441026}, "seed": 43, "source_generated_task_id": "7368df16-7360-53ea-afdd-7c2b61dd1a76", "source_seed": 43}, "observations": {"instruments": ["instA", "instA", "instA", "instA", "instA", "instA", "instA", "instA", "instA", "instA", "instA", "instA", "instA", "instA", "instA", "instA", "instA", "instA", "instA", "instA", "instA", "instA", "instA", "instA", "instA", "instA", "instA", "instA", "instA", "instA", "instA", "instA", "instA", "instA", "instA", "instA", "instA", "instA", "instA", "instA", "instA", "instA", "instA", "instA", "instA", "instA", "instA", "instA", "instA", "instA", "instA", "instA", "instA", "instA", "instA", "instA", "instA", "instA", "instA", "instA", "instA", "instA", "instA", "instA", "instA", "instA", "instA", "instA"], "rvs_ms": [8.78255426322704, 32.78221945925091, 15.50332420229359, 16.909073628099208, -6.59181600833643, -0.18526648977242013, -7.080677902988188, -8.976819241945924, -19.648727252517656, -14.994039261611084, -11.136172692755352, -22.615836749203176, -28.675483211963623, -1.5300752413813212, -6.730125063245792, -15.533823568919399, -6.423878274494465, 6.669646771686196, 8.93380116804836, 21.917172542511686, 10.454994271656195, 18.671683979014006, 20.1458808684516, 17.145918230976072, 18.734652009796253, 9.671848203119993, -4.9643944557546416, 3.6533113577973078, -5.874853530281199, -17.016585593907706, -16.757548975562024, -18.05324989757357, -14.56003632377902, -6.955398016746557, -16.843151146953893, -14.152901257763604, -3.1006103274382255, -3.1934541230002775, -12.60953578706361, -4.813116863030996, -3.7298778925272984, 5.034815230231822, 5.117063098807839, 1.4175623805793205, 3.007223637103161, 11.608113794907199, -0.8842928167854716, 19.55603721030377, 44.22965444120948, 20.019088969850248, 30.012458775920713, -24.417594961655013, -14.477447301531717, -12.88744169751917, -5.3322365513559, -7.4187918106761614, -26.511912275655277, -0.29966617253769456, 1.947611668522467, 3.8366394961404438, -11.524500383487302, 6.916051183994995, 17.05227800702496, 2.064772924729866, -2.7738222643315362, -11.868344007573993, -9.94709695405423, -9.725083755077385], "sigmas_ms": [4.9874866276441026, 4.9874866276441026, 4.9874866276441026, 4.9874866276441026, 4.9874866276441026, 4.9874866276441026, 4.9874866276441026, 4.9874866276441026, 4.9874866276441026, 4.9874866276441026, 4.9874866276441026, 4.9874866276441026, 4.9874866276441026, 4.9874866276441026, 4.9874866276441026, 4.9874866276441026, 4.9874866276441026, 4.9874866276441026, 4.9874866276441026, 4.9874866276441026, 4.9874866276441026, 4.9874866276441026, 4.9874866276441026, 4.9874866276441026, 4.9874866276441026, 4.9874866276441026, 4.9874866276441026, 4.9874866276441026, 4.9874866276441026, 4.9874866276441026, 4.9874866276441026, 4.9874866276441026, 4.9874866276441026, 4.9874866276441026, 4.9874866276441026, 4.9874866276441026, 4.9874866276441026, 4.9874866276441026, 4.9874866276441026, 4.9874866276441026, 4.9874866276441026, 4.9874866276441026, 4.9874866276441026, 4.9874866276441026, 4.9874866276441026, 4.9874866276441026, 4.9874866276441026, 4.9874866276441026, 4.9874866276441026, 4.9874866276441026, 4.9874866276441026, 4.9874866276441026, 4.9874866276441026, 4.9874866276441026, 4.9874866276441026, 4.9874866276441026, 4.9874866276441026, 4.9874866276441026, 4.9874866276441026, 4.9874866276441026, 4.9874866276441026, 4.9874866276441026, 4.9874866276441026, 4.9874866276441026, 4.9874866276441026, 4.9874866276441026, 4.9874866276441026, 4.9874866276441026],