{"config": {"engine": "rebound", "instruments": [{"gamma_ms": 0.0, "label": "instA", "sigma_jitter_ms": 0.9428022145252871, "sigma_white_ms": 3.48470475904793}], "integrator_preference": "whfast", "los_axis": "x", "metadata": {}, "noise": {"gp": {"Q0": 0.6109773162506582, "dQ": 0.13114867609317013, "f": 0.36648039404650357, "period_days": 17.81017188047207, "sigma_ms": 0.7776401766229308, "use_gp": true}, "sigma_jitter_ms": 0.9428022145252871, "sigma_white_ms": 3.48470475904793}, "planets": [{"Omega_rad": 1.2104799005930476, "P_days": 2.8259571604698808, "e": 0.26283734990109087, "inc_rad": 0.7841147253189419, "l_rad": 4.436052293244497, "m_sin_i_mjup": 0.07946782896947031, "m_true_mjup": null, "omega_rad": 1.7756745843469668}, {"Omega_rad": 4.825490117001122, "P_days": 14.9612752163442, "e": 0.09550254578547403, "inc_rad": 0.11958843307639243, "l_rad": 2.07508351204517, "m_sin_i_mjup": 0.01350141217015853, "m_true_mjup": null, "omega_rad": 0.03271001645204879}], "schedule": {"instruments": ["instA", "instA", "instA", "instA", "instA", "instA", "instA", "instA", "instA", "instA", "instA", "instA", "instA", "instA", "instA", "instA", "instA", "instA", "instA", "instA", "instA", "instA", "instA", "instA", "instA", "instA", "instA", "instA", "instA", "instA", "instA", "instA", "instA", "instA", "instA", "instA", "instA", "instA", "instA", "instA", "instA", "instA", "instA", "instA", "instA", "instA", "instA", "instA", "instA", "instA", "instA", "instA", "instA", "instA", "instA"], "times_days": [0.05014239287203379, 0.160024721970878, 0.1933721089237708, 0.25628449210596854, 0.3136423353931308, 0.35340024664779124, 0.6205923607618584, 0.6278884042226757, 0.6645240110208855, 1.0433202456583384, 1.0635825723214298, 1.0737579834428095, 1.1518217102944652, 1.2451138457578916, 1.7691667158132953, 1.855589367501993, 2.2237342532418762, 2.356642374217823, 2.4663148944456443, 2.5148674427740394, 2.7219971824757097, 2.9809314291568607, 3.0721569455660616, 3.180972191065084, 3.208332982719574, 3.4389860815201505, 3.5069114551607363, 3.696142894172812, 3.8432536347048862, 3.9511106921315755, 4.335198623870213, 4.877683729716752, 5.282562041514433, 5.315589425265508, 5.451623595479152, 6.074323228391311, 6.373012433219344, 6.73583588181424, 6.769193547014236, 6.800188474830923, 6.819394870755016, 6.900072593757709, 7.149656364709408, 7.30439639867251, 7.383782984865402, 7.397172104804348, 7.5896600697198675, 7.652783872508852, 7.783559628732177, 8.111512826048413, 8.162631328151319, 8.173581661915987, 9.29671955039196, 9.44501140387923, 9.562935410073653]}, "star": {"M_star_sun": 1.0970012324814844, "gamma_ms": 0.0}}, "difficulty_details": {"coverage_inner_periods": 3.3662198246557624, "gp_used": true, "minK_ms": 1.0517821040651332, "n_obs": 55, "n_planets": 2, "raw_score": 7, "resonances_detected": 0, "snr_like": 0.23755628400880713}, "meta": {"noise": {"gp": {"Q0": 0.6109773162506582, "dQ": 0.13114867609317013, "f": 0.36648039404650357, "period_days": 17.81017188047207, "sigma_ms": 0.7776401766229308, "use_gp": true}, "sigma_jitter_ms": 0.9428022145252871, "sigma_white_ms": 3.48470475904793}, "seed": 37, "source_generated_task_id": "1c8b6468-6db5-5eec-a3c3-fca87f8e92a5", "source_seed": 37}, "observations": {"instruments": ["instA", "instA", "instA", "instA", "instA", "instA", "instA", "instA", "instA", "instA", "instA", "instA", "instA", "instA", "instA", "instA", "instA", "instA", "instA", "instA", "instA", "instA", "instA", "instA", "instA", "instA", "instA", "instA", "instA", "instA", "instA", "instA", "instA", "instA", "instA", "instA", "instA", "instA", "instA", "instA", "instA", "instA", "instA", "instA", "instA", "instA", "instA", "instA", "instA", "instA", "instA", "instA", "instA", "instA", "instA"], "rvs_ms": [-7.390582838349939, -10.760026564224493, -3.3911682034573976, -7.369270564207838, -9.717344954782654, -6.289939511094016, -8.050611838299666, -7.267303843812169, -3.8767025429835305, 9.88278094760722, 2.59783523437035, 13.469902960075359, 9.064554243598247, 7.279534905508583, 25.214179022718174, 11.822553451479203, -3.6626911997150815, -11.741382967948173, -12.689013551369719, -5.929903167525893, -13.918281922869562, -13.669897647054793, -15.360918366660094, -18.81074560765218, -16.867442832339986, -22.7859770956208, -14.297149540810508, 0.03584974277881603, 1.148652469217028, 14.321953621630776, 13.06821042584941, -5.311694510686762, -12.413748557486908, -11.28707046669409, -21.83722121634188, -27.24831432334783, -2.714942321484548, -1.0065611585395215, -2.6168727423717013, -0.5947603257138994, -2.6734531633595804, -4.897517597167873, 14.940051850562162, 0.9211804908298591, 9.947917692034238, 14.263985764637138, 3.6816249405217407, -10.616710370114479, -18.34948555866471, -24.13640725810578, -14.653634017275914, -13.228250801590073, -10.010332503741221, 5.242047655443938, 3.6145510758325043], "sigmas_ms": [3.48470475904793, 3.48470475904793, 3.48470475904793, 3.48470475904793, 3.48470475904793, 3.48470475904793, 3.48470475904793, 3.48470475904793, 3.48470475904793, 3.48470475904793, 3.48470475904793, 3.48470475904793, 3.48470475904793, 3.48470475904793, 3.48470475904793, 3.48470475904793, 3.48470475904793, 3.48470475904793, 3.48470475904793, 3.48470475904793, 3.48470475904793, 3.48470475904793, 3.48470475904793, 3.48470475904793, 3.48470475904793, 3.48470475904793, 3.48470475904793, 3.48470475904793, 3.48470475904793, 3.48470475904793, 3.48470475904793, 3.48470475904793, 3.48470475904793, 3.48470475904793, 3.48470475904793, 3.48470475904793, 3.48470475904793, 3.48470475904793, 3.48470475904793, 3.48470475904793, 3.48470475904793, 3.48470475904793, 3.48470475904793, 3.48470475904793, 3.48470475904793, 3.48470475904793, 3.48470475904793, 3.48470475904793, 3.48470475904793, 3.48470475904793, 3.48470475904793, 3.48470475904793, 3.48470475904793, 3.48470475904793, 3.48470475904793], "times_days": [0.05014239287203379, 0.160024721970878, 0.1933721089237708, 0.25628449210596854, 0.3136423353931308, 0.35340024664779124, 0.6205923607618584, 0.6278884042226757, 0.6645240110208855, 1.0433202456583384, 1.0635825723214298, 1.0737579834428095, 1.1518217102944652, 1.2451138457578916, 1.7691667158132953, 1.855589367501993, 2.2237342532418762, 2.356642374217823, 2.4663148944456443, 2.5148674427740394, 2.7219971824757097, 2.9809314291568607, 3.0721569455660616, 3.180972191065084, 3.208332982719574, 3.4389860815201505, 3.5069114551607363, 3.696142894172812, 3.8432536347048862, 3.9511106921315755, 4.335198623870213, 4.877683729716752, 5.282562041514433, 5.315589425265508, 5.451623595479152, 6.074323228391311, 6.373012433219344, 6.73583588181424, 6.769193547014236, 6.800188474830923, 6.819394870755016, 6.900072593757709, 7.149656364709408, 7.30439639867251, 7.383782984865402, 7.397172104804348, 7.5896600697198675, 7.652783872508852, 7.783559628732177, 8.111512826048413, 8.162631328151319, 8.173581661915987, 9.29671955039196, 9.44501140387923, 9.562935410073653]}, "task_id": "seed37_diff7", "truth_difficulty": 7}