{"config": {"engine": "rebound", "instruments": [{"gamma_ms": 0.0, "label": "instA", "sigma_jitter_ms": 0.23192513436276746, "sigma_white_ms": 1.306201740139137}], "integrator_preference": "whfast", "los_axis": "x", "metadata": {}, "noise": {"gp": {"Q0": 1.0, "dQ": 0.1, "f": 0.5, "period_days": 25.0, "sigma_ms": 0.0, "use_gp": false}, "sigma_jitter_ms": 0.23192513436276746, "sigma_white_ms": 1.306201740139137}, "planets": [{"Omega_rad": 1.241015988969971, "P_days": 25.23797569852963, "e": 0.27512369290379474, "inc_rad": 1.321265508502143, "l_rad": 4.495099037165655, "m_sin_i_mjup": 0.20712749216631604, "m_true_mjup": null, "omega_rad": 2.125447878003587}], "schedule": {"instruments": ["instA", "instA", "instA", "instA", "instA", "instA", "instA", "instA", "instA", "instA", "instA", "instA", "instA", "instA", "instA", "instA", "instA", "instA", "instA", "instA", "instA", "instA", "instA", "instA", "instA", "instA", "instA", "instA", "instA", "instA", "instA", "instA", "instA", "instA", "instA", "instA", "instA", "instA", "instA", "instA", "instA", "instA", "instA", "instA", "instA", "instA", "instA", "instA", "instA", "instA", "instA", "instA", "instA", "instA", "instA", "instA", "instA", "instA", "instA", "instA", "instA", "instA", "instA", "instA", "instA", "instA", "instA", "instA", "instA", "instA", "instA", "instA"], "times_days": [1.7102517265465558, 1.7846677152484447, 2.9319607223625983, 4.53350053508022, 4.601200957709799, 4.807066616795793, 5.355124623666843, 5.870756186336848, 6.360550264656565, 6.46225040776831, 6.851007255872185, 6.870247200030671, 9.858895984172129, 10.197259413067481, 10.289689876994897, 10.465440077736423, 11.086114279801418, 11.501655818339767, 11.870401115474383, 12.852776550791532, 12.991460043554346, 13.45384361018474, 13.588357946906408, 14.380391898735708, 14.424932068593078, 14.676439636016756, 17.785515055675337, 19.6985132906369, 20.25141063723875, 21.0639095833853, 21.5713242380809, 21.96342350910444, 22.48893189226365, 23.161530930398108, 24.22517363051508, 25.56945150668996, 26.35035237197874, 26.65429186084122, 27.961055170305784, 29.463392149396476, 30.220400484407552, 32.00660588778236, 32.36572938433465, 32.52388189318968, 32.885904931295194, 35.46130563037803, 38.21067544635205, 38.323679939197326, 39.12291685364179, 40.1795905993388, 41.66028677659596, 41.67119633075272, 43.1189706737884, 43.82064281696663, 44.444820736332765, 44.53176066782031, 44.69788824646903, 45.61825558317055, 45.85494085863013, 46.14979368224245, 46.15647137353849, 46.445764177259775, 48.05492833927877, 48.61592936279051, 48.974295192862705, 49.78930209797385, 50.5032058289955, 51.58523244755399, 53.37997414512836, 53.43169593465766, 54.671334110241624, 56.41216135519623]}, "star": {"M_star_sun": 0.8015819805753805, "gamma_ms": 0.0}}, "difficulty_details": {"coverage_inner_periods": 2.1674444211401873, "gp_used": false, "minK_ms": 17.299387737757435, "n_obs": 72, "n_planets": 1, "raw_score": 3, "resonances_detected": 0, "snr_like": 11.247048617728325}, "meta": {"noise": {"gp": {"Q0": 1.0, "dQ": 0.1, "f": 0.5, "period_days": 25.0, "sigma_ms": 0.0, "use_gp": false}, "sigma_jitter_ms": 0.23192513436276746, "sigma_white_ms": 1.306201740139137}, "seed": 111, "source_generated_task_id": "e3ab5bcd-d80b-53cb-8098-a41faf12c7b3", "source_seed": 111}, "observations": {"instruments": ["instA", "instA", "instA", "instA", "instA", "instA", "instA", "instA", "instA", "instA", "instA", "instA", "instA", "instA", "instA", "instA", "instA", "instA", "instA", "instA", "instA", "instA", "instA", "instA", "instA", "instA", "instA", "instA", "instA", "instA", "instA", "instA", "instA", "instA", "instA", "instA", "instA", "instA", "instA", "instA", "instA", "instA", "instA", "instA", "instA", "instA", "instA", "instA", "instA", "instA", "instA", "instA", "instA", "instA", "instA", "instA", "instA", "instA", "instA", "instA", "instA", "instA", "instA", "instA", "instA", "instA", "instA", "instA", "instA", "instA", "instA", "instA"], "rvs_ms": [-13.744487519021053, -11.317400856941411, -14.370062617295531, -10.258401604244122, -10.744276447235912, -8.352625293368382, -9.551387562620128, -5.15140291591387, -6.689080690005341, -3.8547038136293663, -4.224392345282832, -2.743188833986041, 6.923729592353753, 5.948371358706662, 7.290988690667254, 8.806515004031239, 10.620411888792637, 13.908253748805793, 15.515194842575845, 17.452011131773133, 15.930048930559314, 19.828930402020283, 22.072126437483274, 21.27376349960061, 21.125609858720598, 21.274918195970848, 8.254615204360748, -1.5788580435929676, -8.26480507701054, -7.455284613822005, -10.466175817768523, -12.540630429008285, -10.190298895462153, -12.712855763010587, -13.884427669857098, -13.314743069669957, -14.216515392889141, -11.919663097276164, -12.478320851899447, -6.980529879662042, -7.496309991463643, -4.897639147915889, -3.6460425181119986, -4.391668040446318, -1.236239142713997, 7.697819706558532, 15.798494993296629, 18.880703842401413, 21.913866591918012, 22.815485381679302, 15.78479652378534, 15.429587132749747, 6.868791012551165, 3.45089106755961, -0.41548098718601645, -1.1384189958423145, -2.6119960195962224, -7.278534717741721, -8.988084991977765, -7.39836686663433, -8.580829651517849, -8.44445438106994, -8.510673996736646, -14.38514113669892, -11.104120797235328, -14.366393625946976, -13.631497520120401, -13.715717641160186, -11.267748071844023, -10.56724386229856, -9.072222319087752, -3.8440318460938174], "sigmas_ms": [1.306201740139137, 1.306201740139137, 1.306201740139137, 1.306201740139137, 1.306201740139137, 1.306201740139137, 1.306201740139137, 1.306201740139137, 1.306201740139137, 1.306201740139137, 1.306201740139137, 1.306201740139137, 1.306201740139137, 1.306201740139137, 1.306201740139137, 1.306201740139137, 1.306201740139137, 1.306201740139137, 1.306201740139137, 1.306201740139137, 1.306201740139137, 1.306201740139137, 1.306201740139137, 1.306201740139137, 1.306201740139137, 1.306201740139137, 1.306201740139137, 1.306201740139137, 1.306201740139137, 1.306201740139137, 1.306201740139137, 1.306201740139137, 1.306201740139137, 1.306201740139137, 1.306201740139137, 1.306201740139137, 1.306201740139137, 1.306201740139137, 1.306201740139137, 1.306201740139137, 1.306201740139137, 1.306201740139137, 1.306201740139137, 1.306201740139137, 1.306201740139137, 1.306201740139137, 1.306201740139137, 1.306201740139137, 1.306201740139137, 1.306201740139137, 1.306201740139137, 1.306201740139137, 1.306201740139137, 1.306201740139137, 1.306201740139137, 1.306201740139137, 1.306201740139137, 1.306201740139137, 1.306201740139137, 1.306201740139137, 1.306201740139137, 1.306201740139137, 1.306201740139137, 1.306201740139137, 1.306201740139137, 1.306201740139137, 1.306201740139137, 1.306201740139137, 1.306201740139137, 1.306201740139137, 1.306201740139137, 1.306201740139137],