{"config": {"engine": "rebound", "instruments": [{"gamma_ms": 0.0, "label": "instA", "sigma_jitter_ms": 0.34748642049616146, "sigma_white_ms": 2.8548782498630527}], "integrator_preference": "whfast", "los_axis": "x", "metadata": {}, "noise": {"gp": {"Q0": 1.0, "dQ": 0.1, "f": 0.5, "period_days": 25.0, "sigma_ms": 0.0, "use_gp": false}, "sigma_jitter_ms": 0.34748642049616146, "sigma_white_ms": 2.8548782498630527}, "planets": [{"Omega_rad": 3.4798096391594973, "P_days": 20.573363467372616, "e": 0.5514919725919095, "inc_rad": 0.6551144249668696, "l_rad": 3.8382021525667276, "m_sin_i_mjup": 0.02515724634204376, "m_true_mjup": null, "omega_rad": 5.163133716602712}, {"Omega_rad": 0.38641767720534453, "P_days": 40.48789482495834, "e": 0.09728427899194242, "inc_rad": 0.9144873981039952, "l_rad": 0.706435948551442, "m_sin_i_mjup": 0.07368498945158124, "m_true_mjup": null, "omega_rad": 3.4624647622828415}], "schedule": {"instruments": ["instA", "instA", "instA", "instA", "instA", "instA", "instA", "instA", "instA", "instA", "instA", "instA", "instA", "instA", "instA", "instA", "instA", "instA", "instA", "instA", "instA", "instA", "instA", "instA", "instA", "instA", "instA", "instA", "instA", "instA", "instA", "instA", "instA", "instA", "instA", "instA", "instA", "instA", "instA", "instA", "instA", "instA", "instA", "instA", "instA", "instA", "instA", "instA", "instA", "instA", "instA", "instA", "instA", "instA", "instA", "instA", "instA", "instA", "instA", "instA", "instA", "instA", "instA", "instA", "instA", "instA", "instA", "instA", "instA", "instA", "instA", "instA", "instA", "instA", "instA", "instA", "instA", "instA", "instA"], "times_days": [1.1291902887478498, 1.8470569439128008, 1.8634865600046282, 3.147458325390496, 3.221216257508764, 3.6399233022073147, 4.053783978784989, 4.407691552386074, 4.653576438720305, 6.755676226186323, 7.433915934796966, 8.057995134309987, 12.387641321745667, 12.846036332520168, 13.87656550120976, 14.357652303409292, 16.913411601714188, 18.259931049473337, 18.961269589652396, 20.86165319371371, 22.181227407246404, 22.241164529451318, 22.98799942087253, 25.249192122994252, 25.503952433507717, 28.50135402148013, 30.466229153006992, 30.614887224267747, 31.082289310638544, 31.372657535286166, 32.457287730451064, 33.339233813097934, 34.70454930082511, 34.746956035075655, 35.69665312238665, 36.21766777826371, 36.776898619664706, 39.04045243898618, 39.34044582233735, 39.494768442072335, 39.69261360236449, 40.234038780865006, 40.462117423644024, 41.95285206434256, 43.73246713470188, 43.78063479541154, 45.15733286605085, 46.485870075490006, 47.91530729627508, 49.77212593527937, 49.957387088743594, 51.20257430165331, 51.61197507562795, 51.65190279216136, 52.394976779498805, 53.785384235674805, 54.01503039492163, 54.08763060854353, 54.15254793028335, 56.832313712058294, 56.990331500906, 58.893529486271454, 59.36646150049227, 61.00499891397233, 61.47513022080548, 61.984457155411164, 63.969032044260835, 64.6583641034566, 64.6721613571352, 67.18410740997702, 67.51300975002766, 67.73613943112838, 67.7717859139412, 67.96605045021133, 68.39091071591348, 69.12876739405952, 69.26030410887127, 69.29374132170727, 71.27777074221974]}, "star": {"M_star_sun": 1.1522012902717647, "gamma_ms": 0.0}}, "difficulty_details": {"coverage_inner_periods": 3.409679732957658, "gp_used": false, "minK_ms": 2.03532509402153, "n_obs": 79, "n_planets": 2, "raw_score": 7, "resonances_detected": 1, "snr_like": 0.6355694318202756}, "meta": {"noise": {"gp": {"Q0": 1.0, "dQ": 0.1, "f": 0.5, "period_days": 25.0, "sigma_ms": 0.0, "use_gp": false}, "sigma_jitter_ms": 0.34748642049616146, "sigma_white_ms": 2.8548782498630527}, "seed": 47, "source_generated_task_id": "57e3d192-17fa-51cf-8cdc-00ec07bceba1", "source_seed": 47}, "observations": {"instruments": ["instA", "instA", "instA", "instA", "instA", "instA", "instA", "instA", "instA", "instA", "instA", "instA", "instA", "instA", "instA", "instA", "instA", "instA", "instA", "instA", "instA", "instA", "instA", "instA", "instA", "instA", "instA", "instA", "instA", "instA", "instA", "instA", "instA", "instA", "instA", "instA", "instA", "instA", "instA", "instA", "instA", "instA", "instA", "instA", "instA", "instA", "instA", "instA", "instA", "instA", "instA", "instA", "instA", "instA", "instA", "instA", "instA", "instA", "instA", "instA", "instA", "instA", "instA", "instA", "instA", "instA", "instA", "instA", "instA", "instA", "instA", "instA", "instA", "instA", "instA", "instA", "instA", "instA", "instA"], "rvs_ms": [-2.660271430854746, -4.769295316491224, 5.758005478151027, 1.9032748024218287, -1.6253848393239259, -2.4580759276910515, -2.370017345245373, -3.6965347138422326, -2.123270907988678, 3.7034151260136983, 8.433344380091254, 6.545607332572618, -0.15482233160937664, 7.333577819634191, 5.680917900852741, 3.22112473605422, 0.2881318292668291, 0.04419127500811815, -1.7026535966949756, -6.44851352889582, -0.6278776099815753, -3.451004931419351, -6.039015228339256, -10.789397624866025, -10.844193458375795, -0.14399621635558368, -0.7160779077206035, -0.022237938335157192, -4.233479645449511, -0.9776416721679494, -4.031654335326177, -1.3034981788694826, 0.4263462696342796, 4.549256471460952, -1.083076404991131, -1.9719369430780016, 3.0823692974913346, 4.312152388029789, -2.059200495566752, 3.980845161902926, 5.502548782259973, 1.4433670055579684, 2.910716452933004, 4.596291761241037, 2.9271060043211174, 0.6142672635309123, -1.3588136310649745, 3.4174927266792494, 6.565928921870374, 4.890749536335307, 3.4066223845888044, 6.997786039825948, 7.352601966624988, 7.838797326984071, 3.5277458318130552, 8.176964348413636, 10.24007720973314, 1.304857972346619, 4.273359705341306, 2.552344933145664, -5.000895313097621, -2.4944894188207076, -5.354258445798113, -5.140861193517607, -7.980608996983333, -6.277895206908105, -7.69922332178059, -9.361965347864686, -5.122460106881812, -6.646060234056332, -3.5744263537145393, -3.6629447910318573, -5.209296531273789, -4.986622344694653, -1.5471190345032504, -1.1626660588045228, 0.37787834877519444, -5.21475426067214, -0.393416724933088], "sigmas_ms": [2.8548782498630527, 2.8548782498630527, 2.8548782498630527, 2.8548782498630527, 2.8548782498630527, 2.8548782498630527, 2.8548782498630527, 2.8548782498630527, 2.8548782498630527, 2.8548782498630527, 2.8548782498630527, 2.8548782498630527, 2.8548782498630527, 2.8548782498630527, 2.8548782498630527, 2.8548782498630527, 2.8548782498630527, 2.8548782498630527, 2.8548782498630527, 2.8548782498630527, 2.8548782498630527, 2.8548782498630527, 2.8548782498630527, 2.8548782498630527, 2.8548782498630527, 2.8548782498630527, 2.8548782498630527, 2.8548782498630527, 2.8548782498630527, 2.8548782498630527, 2.8548782498630527, 2.8548782498630527, 2.8548782498630527, 2.8548782498630527, 2.8548782498630527, 2.8548782498630527, 2.8548782498630527, 2.8548782498630527, 2.8548782498630527, 2.8548782498630527, 2.8548782498630527, 2.8548782498630527, 2.8548782498630527, 2.8548782498630527, 2.8548782498630527, 2.8548782498630527, 2.8548782498630527, 2.8548782498630527, 2.8548782498630527, 2.8548782498630527, 2.8548782498630527, 2.8548782498630527, 2.8548782498630527, 2.8548782498630527, 2.8548782498630527, 2.8548782498630527, 2.8548782498630527, 2.8548782498630527, 2.8548782498630527, 2.8548782498630527, 2.8548782498630527, 2.8548782498630527, 2.8548782498630527, 2.8548782498630527, 2.8548782498630527, 2.8548782498630527, 2.8548782498630527, 2.8548782498630527, 2.8548782498630527, 2.8548782498630527, 2.8548782498630527, 2.8548782498630527, 2.8548782498630527, 2.8548782498630527, 2.8548782498630527, 2.8548782498630527, 2.8548782498630527, 2.8548782498630527, 2.8548782498630527],