{"config": {"engine": "rebound", "instruments": [{"gamma_ms": 0.0, "label": "instA", "sigma_jitter_ms": 0.7361468500971794, "sigma_white_ms": 1.5639462086438636}], "integrator_preference": "whfast", "los_axis": "x", "metadata": {}, "noise": {"gp": {"Q0": 0.8478026091811932, "dQ": 1.5562290013201774, "f": 0.2525905069899184, "period_days": 33.253944670810725, "sigma_ms": 1.471558943008818, "use_gp": true}, "sigma_jitter_ms": 0.7361468500971794, "sigma_white_ms": 1.5639462086438636}, "planets": [{"Omega_rad": 1.7506554986859557, "P_days": 14.127249854744633, "e": 0.08716943924776399, "inc_rad": 0.6627928912093464, "l_rad": 1.7029747259266461, "m_sin_i_mjup": 0.04408544281042032, "m_true_mjup": null, "omega_rad": 0.3420337691073971}, {"Omega_rad": 2.805295823050984, "P_days": 20.95661436020595, "e": 0.2634496357986748, "inc_rad": 1.5452672731832093, "l_rad": 0.18517400808640186, "m_sin_i_mjup": 0.010092324728309919, "m_true_mjup": null, "omega_rad": 2.633055154079018}, {"Omega_rad": 4.413865367820602, "P_days": 220.20144654178165, "e": 0.10421525278491099, "inc_rad": 0.6494095858601463, "l_rad": 5.025020461942332, "m_sin_i_mjup": 0.3824692851508524, "m_true_mjup": null, "omega_rad": 4.024761746827228}], "schedule": {"instruments": ["instA", "instA", "instA", "instA", "instA", "instA", "instA", "instA", "instA", "instA", "instA", "instA", "instA", "instA", "instA", "instA", "instA", "instA", "instA", "instA", "instA", "instA", "instA", "instA", "instA", "instA", "instA", "instA", "instA", "instA", "instA", "instA", "instA", "instA", "instA", "instA", "instA", "instA", "instA", "instA", "instA", "instA", "instA", "instA"], "times_days": [0.10441071546662312, 1.335541520812757, 1.5419490106423843, 2.8481245145126057, 4.5308537695769715, 5.271071885289146, 6.217942037922987, 9.39711427742146, 9.979467842371754, 11.524937573375013, 13.295687047699762, 13.710335464359742, 14.180716942554577, 14.577756036446075, 16.40734707045848, 16.660395375190262, 16.854844851670855, 20.413363710938484, 21.925522009031454, 22.362765112522425, 23.359774752482267, 24.482071586239147, 25.827892692068247, 25.857811330296254, 30.727052149167182, 31.936657182795518, 33.51430072570369, 34.58890362783644, 36.754377179350215, 37.84907520258143, 38.38683824484409, 39.88533484186813, 40.82235567567666, 41.141921740076185, 41.24284254343169, 41.40092809371374, 41.66999485935148, 41.797986519866065, 41.843482299818014, 44.759524257214906, 45.575885686540914, 47.28169850167866, 48.791041623226576, 51.23226105069288]}, "star": {"M_star_sun": 0.9961899849732305, "gamma_ms": 0.0}}, "difficulty_details": {"coverage_inner_periods": 3.6190943645025846, "gp_used": true, "minK_ms": 0.7732034241320365, "n_obs": 44, "n_planets": 3, "raw_score": 11, "resonances_detected": 1, "snr_like": 0.3361618005817772}, "meta": {"noise": {"gp": {"Q0": 0.8478026091811932, "dQ": 1.5562290013201774, "f": 0.2525905069899184, "period_days": 33.253944670810725, "sigma_ms": 1.471558943008818, "use_gp": true}, "sigma_jitter_ms": 0.7361468500971794, "sigma_white_ms": 1.5639462086438636}, "seed": 125, "source_generated_task_id": "fb5d1c8f-603d-57bd-83b6-f94445ad181b", "source_seed": 125}, "observations": {"instruments": ["instA", "instA", "instA", "instA", "instA", "instA", "instA", "instA", "instA", "instA", "instA", "instA", "instA", "instA", "instA", "instA", "instA", "instA", "instA", "instA", "instA", "instA", "instA", "instA", "instA", "instA", "instA", "instA", "instA", "instA", "instA", "instA", "instA", "instA", "instA", "instA", "instA", "instA", "instA", "instA", "instA", "instA", "instA", "instA"], "rvs_ms": [-16.564227624609547, -14.93831385930102, -17.705902353108794, -17.554863384850293, -23.05995051287933, -25.9259935586345, -19.322435426333843, -17.741845528722887, -16.845790433343286, -7.949804630355142, -6.0520492103270005, -5.172294549206918, -10.189140259000695, -10.575389515979136, -9.86258702455154, -12.625744998766322, -14.83380741914997, -14.031415005608846, -13.383152386423424, -17.23958665307221, -11.132721988971586, -8.101942836786517, -4.428448671087382, -8.225199777818487, -5.189451502590973, -10.158436723988098, -14.705440134678469, -11.31848805016455, -9.423767972058005, -7.7701350430207325, -1.5741203146432121, 0.915572662202676, 3.602184086644494, 2.4772968262393356, 6.907654708833356, 8.619467947245, 0.8713040791671326, 6.538021033807788, 10.097915720578317, 0.5069779605217597, 1.2230976772558733, 0.41212330234723904, -1.9008710531104507, -3.005521634891047], "sigmas_ms": [1.5639462086438636, 1.5639462086438636, 1.5639462086438636, 1.5639462086438636, 1.5639462086438636, 1.5639462086438636, 1.5639462086438636, 1.5639462086438636, 1.5639462086438636, 1.5639462086438636, 1.5639462086438636, 1.5639462086438636, 1.5639462086438636, 1.5639462086438636, 1.5639462086438636, 1.5639462086438636, 1.5639462086438636, 1.5639462086438636, 1.5639462086438636, 1.5639462086438636, 1.5639462086438636, 1.5639462086438636, 1.5639462086438636, 1.5639462086438636, 1.5639462086438636, 1.5639462086438636, 1.5639462086438636, 1.5639462086438636, 1.5639462086438636, 1.5639462086438636, 1.5639462086438636, 1.5639462086438636, 1.5639462086438636, 1.5639462086438636, 1.5639462086438636, 1.5639462086438636, 1.5639462086438636, 1.5639462086438636, 1.5639462086438636, 1.5639462086438636, 1.5639462086438636, 1.5639462086438636, 1.5639462086438636, 1.5639462086438636], "times_days": [0.10441071546662312, 1.335541520812757, 1.5419490106423843, 2.8481245145126057, 4.5308537695769715, 5.271071885289146, 6.217942037922987, 9.39711427742146, 9.979467842371754, 11.524937573375013, 13.295687047699762, 13.710335464359742, 14.180716942554577, 14.577756036446075, 16.40734707045848, 16.660395375190262, 16.854844851670855, 20.413363710938484, 21.925522009031454, 22.362765112522425, 23.359774752482267, 24.482071586239147, 25.827892692068247, 25.857811330296254, 30.727052149167182, 31.936657182795518, 33.51430072570369, 34.58890362783644, 36.754377179350215, 37.84907520258143, 38.38683824484409, 39.88533484186813, 40.82235567567666, 41.141921740076185, 41.24284254343169, 41.40092809371374, 41.66999485935148, 41.797986519866065, 41.843482299818014, 44.759524257214906, 45.575885686540914, 47.28169850167866, 48.791041623226576, 51.23226105069288]}, "task_id": "seed125_diff10", "truth_difficulty": 10}