{"config": {"engine": "rebound", "instruments": [{"gamma_ms": 0.0, "label": "instA", "sigma_jitter_ms": 0.11196956383718666, "sigma_white_ms": 0.6476025859160119}], "integrator_preference": "whfast", "los_axis": "x", "metadata": {}, "noise": {"gp": {"Q0": 1.0, "dQ": 0.1, "f": 0.5, "period_days": 25.0, "sigma_ms": 0.0, "use_gp": false}, "sigma_jitter_ms": 0.11196956383718666, "sigma_white_ms": 0.6476025859160119}, "planets": [{"Omega_rad": 1.1423842265652377, "P_days": 3.670844122162921, "e": 0.002416753238690855, "inc_rad": 1.1555262632343288, "l_rad": 5.699289819428506, "m_sin_i_mjup": 0.3796073620942271, "m_true_mjup": null, "omega_rad": 5.405976689317955}, {"Omega_rad": 0.18420799806933164, "P_days": 225.6377969406116, "e": 0.2342511396385971, "inc_rad": 0.46200514547212396, "l_rad": 4.840422943131355, "m_sin_i_mjup": 0.040132475650867284, "m_true_mjup": null, "omega_rad": 2.1671538179118137}], "schedule": {"instruments": ["instA", "instA", "instA", "instA", "instA", "instA", "instA", "instA", "instA", "instA", "instA", "instA", "instA", "instA", "instA", "instA", "instA", "instA", "instA", "instA", "instA", "instA", "instA", "instA", "instA", "instA", "instA", "instA", "instA", "instA", "instA", "instA", "instA", "instA", "instA", "instA", "instA", "instA", "instA", "instA", "instA", "instA", "instA", "instA", "instA", "instA", "instA", "instA", "instA", "instA", "instA", "instA", "instA", "instA", "instA"], "times_days": [0.0683292856244121, 0.12488086604754679, 0.17222485770771964, 0.25331574232024706, 0.3654220641005049, 0.517202627786798, 0.7003875744252519, 1.1141191906070664, 1.387377899081422, 1.5106309422098034, 1.7485196735412118, 2.2131068283604374, 2.266201285734665, 2.4795533567873176, 2.7853581481933465, 3.3446831914234334, 3.65344236, 3.666043492665988, 3.761062209605557, 3.881708206577772, 3.9114595496010574, 4.033325630551237, 4.299084891344197, 4.348041719706636, 4.427277978743398, 5.024292895469851, 5.028540324982498, 5.430425478474329, 5.540889786650308, 5.619381163231994, 5.790546356876257, 6.973739433706, 7.493593159653355, 7.759122866875874, 8.052330941773302, 8.065208759295674, 8.068112609737243, 9.392465221560947, 9.602174506737573, 9.8395582128247, 9.842610827119994, 9.882283007856573, 10.462764769754891, 10.657330758854172, 10.724090055776308, 11.095218350360101, 11.157504484762043, 11.217137758081797, 11.30594909857659, 11.463095598427701, 11.606857513936156, 11.75896930488705, 11.845441253511643, 12.091184404778835, 12.397935258318414]}, "star": {"M_star_sun": 0.888288563333459, "gamma_ms": 0.0}}, "difficulty_details": {"coverage_inner_periods": 3.3587931174340357, "gp_used": false, "minK_ms": 1.4914049195808616, "n_obs": 55, "n_planets": 2, "raw_score": 5, "resonances_detected": 0, "snr_like": 1.9634802567016856}, "meta": {"noise": {"gp": {"Q0": 1.0, "dQ": 0.1, "f": 0.5, "period_days": 25.0, "sigma_ms": 0.0, "use_gp": false}, "sigma_jitter_ms": 0.11196956383718666, "sigma_white_ms": 0.6476025859160119}, "seed": 27, "source_generated_task_id": "1604099b-c825-5dcd-9e00-d870a4eefa86", "source_seed": 27}, "observations": {"instruments": ["instA", "instA", "instA", "instA", "instA", "instA", "instA", "instA", "instA", "instA", "instA", "instA", "instA", "instA", "instA", "instA", "instA", "instA", "instA", "instA", "instA", "instA", "instA", "instA", "instA", "instA", "instA", "instA", "instA", "instA", "instA", "instA", "instA", "instA", "instA", "instA", "instA", "instA", "instA", "instA", "instA", "instA", "instA", "instA", "instA", "instA", "instA", "instA", "instA", "instA", "instA", "instA", "instA", "instA", "instA"], "rvs_ms": [-31.525788933383712, -26.870703190879247, -21.234936612746033, -14.300168652670685, -2.7861783073939783, 10.887226740562316, 28.46119919178314, 53.4540279248195, 53.88576642172783, 51.5703930329543, 38.782838495933746, -2.6559069412867036, -8.65777538873643, -27.787191201011886, -50.644964439127804, -55.954287251376, -37.86559476778459, -36.38038985921553, -29.992384831910424, -17.785982070440575, -15.037262428042178, -3.480296062848394, 22.3772118759601, 26.353172970160614, 33.20896121347437, 55.13213737937557, 54.458888455601794, 37.84034968200671, 29.76478490113774, 22.06606597199347, 6.358038388980896, -56.76394024097515, -23.59179693148826, 1.5863703888256864, 28.798296699368056, 31.15807793102554, 30.770534081305538, 12.085986351484836, -6.762155596797553, -29.99113254400047, -29.748846201404657, -34.106808275445246, -60.251180511384064, -57.64720725419501, -55.49725199005046, -29.319126736745794, -22.716603294612405, -18.40154043191552, -10.042205423707712, 4.5443249942275035, 18.911681566169882, 31.722460161996846, 37.37958219147649, 51.99815680169693, 54.60229324106786], "sigmas_ms": [0.6476025859160119, 0.6476025859160119, 0.6476025859160119, 0.6476025859160119, 0.6476025859160119, 0.6476025859160119, 0.6476025859160119, 0.6476025859160119, 0.6476025859160119, 0.6476025859160119, 0.6476025859160119, 0.6476025859160119, 0.6476025859160119, 0.6476025859160119, 0.6476025859160119, 0.6476025859160119, 0.6476025859160119, 0.6476025859160119, 0.6476025859160119, 0.6476025859160119, 0.6476025859160119, 0.6476025859160119, 0.6476025859160119, 0.6476025859160119, 0.6476025859160119, 0.6476025859160119, 0.6476025859160119, 0.6476025859160119, 0.6476025859160119, 0.6476025859160119, 0.6476025859160119, 0.6476025859160119, 0.6476025859160119, 0.6476025859160119, 0.6476025859160119, 0.6476025859160119, 0.6476025859160119, 0.6476025859160119, 0.6476025859160119, 0.6476025859160119, 0.6476025859160119, 0.6476025859160119, 0.6476025859160119, 0.6476025859160119, 0.6476025859160119, 0.6476025859160119, 0.6476025859160119, 0.6476025859160119, 0.6476025859160119, 0.6476025859160119, 0.6476025859160119, 0.6476025859160119, 0.6476025859160119, 0.6476025859160119, 0.6476025859160119], "times_days": [0.0683292856244121, 0.12488086604754679, 0.17222485770771964, 0.25331574232024706, 0.3654220641005049, 0.517202627786798, 0.7003875744252519, 1.1141191906070664, 1.387377899081422, 1.5106309422098034, 1.7485196735412118, 2.2131068283604374, 2.266201285734665, 2.4795533567873176, 2.7853581481933465, 3.3446831914234334, 3.65344236, 3.666043492665988, 3.761062209605557, 3.881708206577772, 3.9114595496010574, 4.033325630551237, 4.299084891344197, 4.348041719706636, 4.427277978743398, 5.024292895469851, 5.028540324982498, 5.430425478474329, 5.540889786650308, 5.619381163231994, 5.790546356876257, 6.973739433706, 7.493593159653355, 7.759122866875874, 8.052330941773302, 8.065208759295674, 8.068112609737243, 9.392465221560947, 9.602174506737573, 9.8395582128247, 9.842610827119994, 9.882283007856573, 10.462764769754891, 10.657330758854172, 10.724090055776308, 11.095218350360101, 11.157504484762043, 11.217137758081797, 11.30594909857659, 11.463095598427701, 11.606857513936156, 11.75896930488705, 11.845441253511643, 12.091184404778835, 12.397935258318414]}, "task_id": "seed27_diff5", "truth_difficulty": 5}