{"config": {"engine": "rebound", "instruments": [{"gamma_ms": 0.0, "label": "instA", "sigma_jitter_ms": 0.010835558499671294, "sigma_white_ms": 0.5784335802052201}], "integrator_preference": "whfast", "los_axis": "x", "metadata": {}, "noise": {"gp": {"Q0": 1.0, "dQ": 0.1, "f": 0.5, "period_days": 25.0, "sigma_ms": 0.0, "use_gp": false}, "sigma_jitter_ms": 0.010835558499671294, "sigma_white_ms": 0.5784335802052201}, "planets": [{"Omega_rad": 5.218948408606197, "P_days": 41.07101283190181, "e": 0.027127099395159726, "inc_rad": 1.5651702464353698, "l_rad": 4.92984909818132, "m_sin_i_mjup": 0.6862387820439572, "m_true_mjup": null, "omega_rad": 6.17827021381561}, {"Omega_rad": 6.206158148190595, "P_days": 183.77174247727294, "e": 0.14863993422817828, "inc_rad": 0.671979458112191, "l_rad": 5.547189109212367, "m_sin_i_mjup": 0.042776670646929624, "m_true_mjup": null, "omega_rad": 6.196719562211705}, {"Omega_rad": 3.807226666905322, "P_days": 290.6125081037262, "e": 0.20739477490401992, "inc_rad": 1.1916457083019767, "l_rad": 4.981672985421733, "m_sin_i_mjup": 0.6692988881818462, "m_true_mjup": null, "omega_rad": 3.001665469119904}], "schedule": {"instruments": ["instA", "instA", "instA", "instA", "instA", "instA", "instA", "instA", "instA", "instA", "instA", "instA", "instA", "instA", "instA", "instA", "instA", "instA", "instA", "instA", "instA", "instA", "instA", "instA", "instA", "instA", "instA", "instA", "instA", "instA", "instA", "instA", "instA", "instA", "instA", "instA", "instA", "instA", "instA", "instA", "instA", "instA", "instA", "instA", "instA", "instA", "instA", "instA", "instA", "instA", "instA", "instA", "instA", "instA", "instA", "instA", "instA", "instA", "instA", "instA", "instA", "instA", "instA", "instA", "instA", "instA", "instA", "instA", "instA", "instA", "instA", "instA", "instA", "instA", "instA", "instA"], "times_days": [0.8643079886034545, 1.1273071632262763, 2.253160168645489, 4.084568840338162, 8.397799589551305, 9.563759411696703, 10.009382511304816, 11.461227960016629, 12.082519524504033, 13.784986000173888, 19.329626160946084, 19.436524182652033, 20.397628771965916, 26.023150142046635, 27.565818870645913, 29.08633181880652, 29.970353621125053, 33.732701560310986, 34.73459477811788, 41.09010963633611, 42.97646263722254, 44.06259723029561, 45.962008936631534, 48.484920091190105, 49.30845220080949, 49.606744357817455, 56.86185026210393, 57.92568395534834, 57.950791476362404, 67.17268667647295, 73.39176090501893, 74.5000853564339, 82.96874281768987, 85.18516948841875, 87.85734505012947, 91.02746991412913, 91.3597617079818, 91.55389297012357, 92.56661704518044, 92.65927274889232, 93.05432877607487, 93.08801134679872, 94.7419594674849, 95.77380929978922, 97.68821860208807, 103.34044744227204, 108.35763668835546, 108.79903654007285, 110.00772265873086, 110.70344934292116, 111.10367558616318, 113.79826947532632, 117.18468577080081, 117.74934343722693, 119.44949620537122, 120.14213298266871, 120.15034561797972, 120.22635743472901, 120.53651882054344, 121.50760481443369, 121.80363082241226, 122.12747336896805, 122.93915325830852, 127.60509714373993, 132.1788847470332, 135.63069602076843, 138.96825327511328, 140.23141005894817, 140.62623958341396, 141.06522735923488, 141.83344660257015, 143.06233909096426, 147.90833971193277, 151.06084772061675, 151.511940682264, 151.74271738025735]}, "star": {"M_star_sun": 0.8720903254525332, "gamma_ms": 0.0}}, "difficulty_details": {"coverage_inner_periods": 3.673598457607538, "gp_used": false, "minK_ms": 1.6941130807610874, "n_obs": 76, "n_planets": 3, "raw_score": 5, "resonances_detected": 0, "snr_like": 2.874939428330569}, "meta": {"noise": {"gp": {"Q0": 1.0, "dQ": 0.1, "f": 0.5, "period_days": 25.0, "sigma_ms": 0.0, "use_gp": false}, "sigma_jitter_ms": 0.010835558499671294, "sigma_white_ms": 0.5784335802052201}, "seed": 9, "source_generated_task_id": "f2233541-008e-56ae-b21e-0d9fb5977bef", "source_seed": 9}, "observations": {"instruments": ["instA", "instA", "instA", "instA", "instA", "instA", "instA", "instA", "instA", "instA", "instA", "instA", "instA", "instA", "instA", "instA", "instA", "instA", "instA", "instA", "instA", "instA", "instA", "instA", "instA", "instA", "instA", "instA", "instA", "instA", "instA", "instA", "instA", "instA", "instA", "instA", "instA", "instA", "instA", "instA", "instA", "instA", "instA", "instA", "instA", "instA", "instA", "instA", "instA", "instA", "instA", "instA", "instA", "instA", "instA", "instA", "instA", "instA", "instA", "instA", "instA", "instA", "instA", "instA", "instA", "instA", "instA", "instA", "instA", "instA", "instA", "instA", "instA", "instA", "instA", "instA"], "rvs_ms": [-58.63941126647232, -58.10365944852275, -53.751683177632344, -44.120694124552784, -16.259611535974017, -8.404114515148928, -5.471124108643056, 4.367431989865932, 7.746495354820162, 17.972051402815953, 26.2734644997295, 26.230935950019514, 25.325837040556028, 4.3849340920300115, -4.591864287602046, -13.620421614292582, -18.521579653726054, -37.12192142214978, -40.223486589265164, -46.73621225486326, -40.41491823641402, -35.90229159885623, -24.76463754505864, -7.753932099477517, -2.9764319909686323, 1.3742358833284283, 39.16334868495953, 40.908322392335116, 40.72289779849834, 17.844292194812898, -16.619144237433456, -21.520741399895762, -31.045482705521504, -22.13526264280807, -7.921433956195026, 14.497966481765237, 16.667263349819375, 18.688060523251508, 25.689254095832702, 25.182506603018403, 28.47589547247203, 29.206075297851644, 38.97843620117786, 42.85605591596741, 50.7599044422749, 50.43453105511027, 28.534094849558798, 27.476521164236054, 18.787842815564886, 15.22245135892747, 13.309735746789753, -2.0090952387770775, -17.44292629119287, -18.389337994827418, -22.36537554892111, -23.589701005296433, -23.546444203228656, -24.230775024086682, -25.114738848298348, -23.336346013709374, -25.022221596307165, -22.93309840648654, -23.224392355984957, -4.976417631503304, 25.009030345792723, 47.220588254360486, 59.41999706898408, 62.98223447593148, 62.58543763047386, 62.59365639178451, 62.08125438569635, 61.25618461418186, 43.844919725963685, 27.069081722091568, 23.77972219810822, 20.93327505840831], "sigmas_ms": [0.5784335802052201, 0.5784335802052201, 0.5784335802052201, 0.5784335802052201, 0.5784335802052201, 0.5784335802052201, 0.5784335802052201, 0.5784335802052201, 0.5784335802052201, 0.5784335802052201, 0.5784335802052201, 0.5784335802052201, 0.5784335802052201, 0.5784335802052201, 0.5784335802052201, 0.5784335802052201, 0.5784335802052201, 0.5784335802052201, 0.5784335802052201, 0.5784335802052201, 0.5784335802052201, 0.5784335802052201, 0.5784335802052201, 0.5784335802052201, 0.5784335802052201, 0.5784335802052201, 0.5784335802052201, 0.5784335802052201, 0.5784335802052201, 0.5784335802052201, 0.5784335802052201, 0.5784335802052201, 0.5784335802052201, 0.5784335802052201, 0.5784335802052201, 0.5784335802052201, 0.5784335802052201, 0.5784335802052201, 0.5784335802052201, 0.5784335802052201, 0.5784335802052201, 0.5784335802052201, 0.5784335802052201, 0.5784335802052201, 0.5784335802052201, 0.5784335802052201, 0.5784335802052201, 0.5784335802052201, 0.5784335802052201, 0.5784335802052201, 0.5784335802052201, 0.5784335802052201, 0.5784335802052201, 0.5784335802052201, 0.5784335802052201, 0.5784335802052201, 0.5784335802052201, 0.5784335802052201, 0.5784335802052201, 0.5784335802052201, 0.5784335802052201, 0.5784335802052201, 0.5784335802052201, 0.5784335802052201, 0.5784335802052201, 0.5784335802052201, 0.5784335802052201, 0.5784335802052201, 0.5784335802052201, 0.5784335802052201, 0.5784335802052201, 0.5784335802052201, 0.5784335802052201, 0.5784335802052201, 0.5784335802052201, 0.5784335802052201],