{"config": {"engine": "rebound", "instruments": [{"gamma_ms": 0.0, "label": "instA", "sigma_jitter_ms": 0.2550968636414395, "sigma_white_ms": 1.2026078473217732}], "integrator_preference": "whfast", "los_axis": "x", "metadata": {}, "noise": {"gp": {"Q0": 0.7869559522266059, "dQ": 0.23430810008159694, "f": 0.510080387254517, "period_days": 25.435735448529996, "sigma_ms": 0.12904635247865656, "use_gp": true}, "sigma_jitter_ms": 0.2550968636414395, "sigma_white_ms": 1.2026078473217732}, "planets": [{"Omega_rad": 4.004030760709207, "P_days": 224.25187761446946, "e": 0.1558471463252942, "inc_rad": 1.4619532670945083, "l_rad": 0.29979204306497825, "m_sin_i_mjup": 0.08940593617024886, "m_true_mjup": null, "omega_rad": 0.2659592005120402}, {"Omega_rad": 2.325049794480652, "P_days": 300.0, "e": 0.0668557997992072, "inc_rad": 1.430336561304247, "l_rad": 3.4077799980663572, "m_sin_i_mjup": 0.04350548005925962, "m_true_mjup": null, "omega_rad": 3.32783664373899}], "schedule": {"instruments": ["instA", "instA", "instA", "instA", "instA", "instA", "instA", "instA", "instA", "instA", "instA", "instA", "instA", "instA", "instA", "instA", "instA", "instA", "instA", "instA", "instA", "instA", "instA", "instA", "instA", "instA", "instA", "instA", "instA", "instA", "instA", "instA", "instA", "instA", "instA", "instA", "instA", "instA", "instA", "instA", "instA", "instA", "instA", "instA", "instA", "instA", "instA", "instA", "instA", "instA", "instA", "instA", "instA", "instA", "instA", "instA", "instA", "instA", "instA", "instA", "instA", "instA", "instA", "instA", "instA", "instA", "instA", "instA"], "times_days": [32.84141455979265, 37.019192225983716, 41.537895837152426, 46.282003506154744, 66.12273537375181, 78.94482017470659, 84.28098578429803, 86.97672217533768, 87.10072689464255, 104.58635078110973, 108.61996900941807, 112.13299985540807, 126.38629437638058, 133.28471101225585, 147.47771049085404, 163.8671693257468, 176.33622365701646, 188.2892881307294, 204.92219687284313, 208.94309646357132, 212.9885174427317, 213.6081744372211, 226.7963918231148, 235.81176336374804, 238.5693008898273, 247.7122668942347, 254.10689987505418, 256.9584761441823, 259.3300773794097, 262.5458221378208, 279.82517203189167, 287.10390174767804, 294.9253023854302, 301.671987774113, 324.79073501296256, 330.23668576250947, 334.9079345259499, 369.0663905541557, 372.6532769471517, 386.81035748998016, 397.7092724558288, 410.93093449629873, 420.8025720847363, 436.19316910749023, 439.1248847286516, 443.2906843474648, 463.5938705042474, 466.9803873144227, 474.74796783742386, 475.01119499751036, 480.2756677390658, 481.57441640106896, 494.42934807085186, 510.99473745314845, 535.7517236489438, 537.9970689668786, 541.9549775156482, 546.7613987484614, 566.8692163058148, 583.7342204411993, 602.2627394279982, 618.5524146636985, 621.1910027031969, 684.7280773023303, 715.6568470057052, 724.5641776383347, 730.8044649162262, 761.431491753478]}, "star": {"M_star_sun": 1.1160489740811281, "gamma_ms": 0.0}}, "difficulty_details": {"coverage_inner_periods": 3.248980944749398, "gp_used": true, "minK_ms": 1.2303784122935024, "n_obs": 68, "n_planets": 2, "raw_score": 7, "resonances_detected": 0, "snr_like": 0.8440518872169254}, "meta": {"noise": {"gp": {"Q0": 0.7869559522266059, "dQ": 0.23430810008159694, "f": 0.510080387254517, "period_days": 25.435735448529996, "sigma_ms": 0.12904635247865656, "use_gp": true}, "sigma_jitter_ms": 0.2550968636414395, "sigma_white_ms": 1.2026078473217732}, "seed": 40, "source_generated_task_id": "8575992d-4a5c-577e-a072-8a4d84dca536", "source_seed": 40}, "observations": {"instruments": ["instA", "instA", "instA", "instA", "instA", "instA", "instA", "instA", "instA", "instA", "instA", "instA", "instA", "instA", "instA", "instA", "instA", "instA", "instA", "instA", "instA", "instA", "instA", "instA", "instA", "instA", "instA", "instA", "instA", "instA", "instA", "instA", "instA", "instA", "instA", "instA", "instA", "instA", "instA", "instA", "instA", "instA", "instA", "instA", "instA", "instA", "instA", "instA", "instA", "instA", "instA", "instA", "instA", "instA", "instA", "instA", "instA", "instA", "instA", "instA", "instA", "instA", "instA", "instA", "instA", "instA", "instA", "instA"], "rvs_ms": [2.9200413597329806, 2.9876571432905132, -3.024101092738434, 1.1177470074092375, 1.8584672069536037, -1.0674785193658862, 1.4584525640843142, -0.2316699923256152, -0.43788034600596504, -0.2858389958246389, 0.20233671740408699, 1.4436410486011995, -1.3223899084905404, -5.259012001973852, -1.7514625638126113, 0.3524051789321314, -3.091032836511396, 0.3280097621496034, -0.24359982655465684, 1.3185033874422005, 3.0679581786796017, 0.3411506751141705, 2.3183320474146605, 3.0399798427468374, 4.098731368689599, 4.286242468146778, -0.31991752373993876, 3.489451317683289, -1.4797721021523893, 2.359378476156916, 2.2971531851840457, 0.04238804251640804, 0.5795805215463474, -0.9513827339631203, 0.46474139201919984, -1.0031434106273307, -1.690922433126978, -2.213336677252842, -3.7476146378781596, -2.149676443884601, -5.365712895356016, -5.859439097139073, -6.00316617999289, -1.7698297330850499, -1.3535412567458274, -0.16608076324595888, 3.807374309434378, 3.2735518542051985, 4.538647059524417, 2.6706129000361933, 4.264751247363463, 4.6406858773876145, 3.606367765279952, 6.149391058751831, -0.9159153181328317, 1.5033908804986722, 3.3593555303421647, 2.1614053229835575, -0.3862221835035088, -0.6319863392406593, -3.2389374677648117, -6.621157373392335, -2.3274329721209797, 1.0396238834110463, -0.06862729812308244, 2.228306216700747, 5.474397921728395, 0.9761291307441708], "sigmas_ms": [1.2026078473217732, 1.2026078473217732, 1.2026078473217732, 1.2026078473217732, 1.2026078473217732, 1.2026078473217732, 1.2026078473217732, 1.2026078473217732, 1.2026078473217732, 1.2026078473217732, 1.2026078473217732, 1.2026078473217732, 1.2026078473217732, 1.2026078473217732, 1.2026078473217732, 1.2026078473217732, 1.2026078473217732, 1.2026078473217732, 1.2026078473217732, 1.2026078473217732, 1.2026078473217732, 1.2026078473217732, 1.2026078473217732, 1.2026078473217732, 1.2026078473217732, 1.2026078473217732, 1.2026078473217732, 1.2026078473217732, 1.2026078473217732, 1.2026078473217732, 1.2026078473217732, 1.2026078473217732, 1.2026078473217732, 1.2026078473217732, 1.2026078473217732, 1.2026078473217732, 1.2026078473217732, 1.2026078473217732, 1.2026078473217732, 1.2026078473217732, 1.2026078473217732, 1.2026078473217732, 1.2026078473217732, 1.2026078473217732, 1.2026078473217732, 1.2026078473217732, 1.2026078473217732, 1.2026078473217732, 1.2026078473217732, 1.2026078473217732, 1.2026078473217732, 1.2026078473217732, 1.2026078473217732, 1.2026078473217732, 1.2026078473217732, 1.2026078473217732, 1.2026078473217732, 1.2026078473217732, 1.2026078473217732, 1.2026078473217732, 1.2026078473217732, 1.2026078473217732, 1.2026078473217732, 1.2026078473217732, 1.2026078473217732, 1.2026078473217732, 1.2026078473217732, 1.2026078473217732],