{"config": {"engine": "rebound", "instruments": [{"gamma_ms": 0.0, "label": "instA", "sigma_jitter_ms": 0.17289121177579816, "sigma_white_ms": 1.5909885735200804}], "integrator_preference": "whfast", "los_axis": "x", "metadata": {}, "noise": {"gp": {"Q0": 1.0, "dQ": 0.1, "f": 0.5, "period_days": 25.0, "sigma_ms": 0.0, "use_gp": false}, "sigma_jitter_ms": 0.17289121177579816, "sigma_white_ms": 1.5909885735200804}, "planets": [{"Omega_rad": 4.221469736376185, "P_days": 124.36424714448097, "e": 0.050845249056003634, "inc_rad": 0.67733940172405, "l_rad": 2.6356944624975434, "m_sin_i_mjup": 0.3855905555609869, "m_true_mjup": null, "omega_rad": 5.927303258231341}, {"Omega_rad": 4.298824275860091, "P_days": 233.34567927410814, "e": 0.23285582329216556, "inc_rad": 1.543798833271228, "l_rad": 5.133494738897484, "m_sin_i_mjup": 0.4435785678431211, "m_true_mjup": null, "omega_rad": 2.033364132438107}], "schedule": {"instruments": ["instA", "instA", "instA", "instA", "instA", "instA", "instA", "instA", "instA", "instA", "instA", "instA", "instA", "instA", "instA", "instA", "instA", "instA", "instA", "instA", "instA", "instA", "instA", "instA", "instA", "instA", "instA", "instA", "instA", "instA", "instA", "instA", "instA", "instA", "instA", "instA", "instA", "instA", "instA", "instA", "instA", "instA", "instA", "instA", "instA", "instA", "instA", "instA", "instA", "instA", "instA", "instA", "instA", "instA", "instA", "instA", "instA", "instA", "instA", "instA", "instA", "instA"], "times_days": [5.157841053311182, 10.963101242109602, 12.181053191735499, 13.363561014301483, 29.96140689155478, 30.158897953216684, 30.638515794080035, 37.3547357416943, 57.23382081918021, 70.84700753033658, 79.4677605810906, 87.00159712108476, 90.26720069738319, 97.25249286757142, 102.92122651041488, 107.73087817401095, 118.67344711860444, 120.98648153678936, 125.08958976266624, 125.72735527931455, 131.43106514886176, 132.7504676804534, 132.95461665006772, 133.73444413112824, 157.10342050362283, 170.36404109166767, 180.52926020167502, 189.06772757235265, 196.1763749951513, 203.74094845434723, 203.82598987066473, 214.16328617319743, 216.0895123013777, 226.70809196660477, 235.84731601545673, 241.06195089337638, 242.8660205168072, 248.38201126101367, 256.3878083001201, 260.58250985945944, 264.2622056373904, 265.41630730872384, 272.8641934292086, 277.8641781128565, 291.772680496889, 305.77052443368365, 307.1412812529767, 313.48836755872856, 316.4722306384322, 321.75461311899073, 322.08502418042724, 323.00719331143574, 327.0368045932585, 331.0009604546829, 331.8149812450827, 334.44027843790104, 334.75502097967615, 335.8729971475153, 381.21732271924685, 383.1245807191284, 400.1303951730725, 402.298346820158]}, "star": {"M_star_sun": 0.8787414842815386, "gamma_ms": 0.0}}, "difficulty_details": {"coverage_inner_periods": 3.193365576406105, "gp_used": false, "minK_ms": 16.412943365663704, "n_obs": 62, "n_planets": 2, "raw_score": 3, "resonances_detected": 0, "snr_like": 9.305023790445304}, "meta": {"noise": {"gp": {"Q0": 1.0, "dQ": 0.1, "f": 0.5, "period_days": 25.0, "sigma_ms": 0.0, "use_gp": false}, "sigma_jitter_ms": 0.17289121177579816, "sigma_white_ms": 1.5909885735200804}, "seed": 121, "source_generated_task_id": "daf18ea1-6dc1-565b-b30a-0c2d37d6bd8d", "source_seed": 121}, "observations": {"instruments": ["instA", "instA", "instA", "instA", "instA", "instA", "instA", "instA", "instA", "instA", "instA", "instA", "instA", "instA", "instA", "instA", "instA", "instA", "instA", "instA", "instA", "instA", "instA", "instA", "instA", "instA", "instA", "instA", "instA", "instA", "instA", "instA", "instA", "instA", "instA", "instA", "instA", "instA", "instA", "instA", "instA", "instA", "instA", "instA", "instA", "instA", "instA", "instA", "instA", "instA", "instA", "instA", "instA", "instA", "instA", "instA", "instA", "instA", "instA", "instA", "instA", "instA"], "rvs_ms": [-3.8050891824633, -9.067016100898526, -13.19214124546962, -13.095284401251092, -28.947291387728985, -28.292837074301772, -28.297654014139034, -30.18181362683967, -20.40130582267792, 2.899194833236787, 19.75669253582971, 32.814871707382935, 36.19339385091343, 42.15681350510052, 47.76635769817403, 42.405070850946544, 38.64661037596901, 33.64793423238088, 27.46508366283151, 27.0241093755872, 20.97074616580529, 12.91777388958581, 14.419319560128713, 12.844505711263169, -24.361886831841502, -37.52794696080863, -28.4765424849373, -22.61782159659409, -8.101314940261155, -1.16696276111441, -0.8821608551579359, 8.620515817487915, 11.195127360813334, 16.613228503806205, 12.652713545978042, 8.519861452783104, 5.311844898196045, -0.6041485572335219, -4.452273188047882, -6.141058560598108, -13.507826811487698, -12.995964684486076, -22.416110697170016, -24.628119716154146, -28.94221288822164, -11.93862976083761, -14.184140610358149, -0.5445008168080266, 6.953495758643962, 16.83690868701056, 16.66247440387096, 21.38742099706474, 24.63927138183157, 33.477392009863394, 35.00675624477401, 39.39043038726191, 41.53541566135137, 40.304515911956614, 6.971170199735856, 2.7243948292147766, -24.614075667832797, -25.33366698216174], "sigmas_ms": [1.5909885735200804, 1.5909885735200804, 1.5909885735200804, 1.5909885735200804, 1.5909885735200804, 1.5909885735200804, 1.5909885735200804, 1.5909885735200804, 1.5909885735200804, 1.5909885735200804, 1.5909885735200804, 1.5909885735200804, 1.5909885735200804, 1.5909885735200804, 1.5909885735200804, 1.5909885735200804, 1.5909885735200804, 1.5909885735200804, 1.5909885735200804, 1.5909885735200804, 1.5909885735200804, 1.5909885735200804, 1.5909885735200804, 1.5909885735200804, 1.5909885735200804, 1.5909885735200804, 1.5909885735200804, 1.5909885735200804, 1.5909885735200804, 1.5909885735200804, 1.5909885735200804, 1.5909885735200804, 1.5909885735200804, 1.5909885735200804, 1.5909885735200804, 1.5909885735200804, 1.5909885735200804, 1.5909885735200804, 1.5909885735200804, 1.5909885735200804, 1.5909885735200804, 1.5909885735200804, 1.5909885735200804, 1.5909885735200804, 1.5909885735200804, 1.5909885735200804, 1.5909885735200804, 1.5909885735200804, 1.5909885735200804, 1.5909885735200804, 1.5909885735200804, 1.5909885735200804, 1.5909885735200804, 1.5909885735200804, 1.5909885735200804, 1.5909885735200804, 1.5909885735200804, 1.5909885735200804, 1.5909885735200804, 1.5909885735200804, 1.5909885735200804, 1.5909885735200804], "times_days": [5.157841053311182, 10.963101242109602, 12.181053191735499, 13.363561014301483, 29.96140689155478, 30.158897953216684, 30.638515794080035, 37.3547357416943, 57.23382081918021, 70.84700753033658, 79.4677605810906, 87.00159712108476, 90.26720069738319, 97.25249286757142, 102.92122651041488, 107.73087817401095, 118.67344711860444, 120.98648153678936, 125.08958976266624, 125.72735527931455, 131.43106514886176, 132.7504676804534, 132.95461665006772, 133.73444413112824, 157.10342050362283, 170.36404109166767, 180.52926020167502, 189.06772757235265, 196.1763749951513, 203.74094845434723, 203.82598987066473, 214.16328617319743, 216.0895123013777, 226.70809196660477, 235.84731601545673, 241.06195089337638, 242.8660205168072, 248.38201126101367, 256.3878083001201, 260.58250985945944, 264.2622056373904, 265.41630730872384, 272.8641934292086, 277.8641781128565, 291.772680496889, 305.77052443368365, 307.1412812529767, 313.48836755872856, 316.4722306384322, 321.75461311899073, 322.08502418042724, 323.00719331143574, 327.0368045932585, 331.0009604546829, 331.8149812450827, 334.44027843790104, 334.75502097967615, 335.8729971475153, 381.21732271924685, 383.1245807191284, 400.1303951730725, 402.298346820158]}, "task_id": "seed121_diff3", "truth_difficulty": 3}