{"config": {"engine": "rebound", "instruments": [{"gamma_ms": 0.0, "label": "instA", "sigma_jitter_ms": 0.6009770877566558, "sigma_white_ms": 0.5933925200389605}], "integrator_preference": "whfast", "los_axis": "x", "metadata": {}, "noise": {"gp": {"Q0": 1.0, "dQ": 0.1, "f": 0.5, "period_days": 25.0, "sigma_ms": 0.0, "use_gp": false}, "sigma_jitter_ms": 0.6009770877566558, "sigma_white_ms": 0.5933925200389605}, "planets": [{"Omega_rad": 2.819192741026259, "P_days": 3.6804689207135155, "e": 0.22128123182133505, "inc_rad": 0.8036720059687207, "l_rad": 1.6995316086307055, "m_sin_i_mjup": 0.1109728407314202, "m_true_mjup": null, "omega_rad": 4.022349517728311}], "schedule": {"instruments": ["instA", "instA", "instA", "instA", "instA", "instA", "instA", "instA", "instA", "instA", "instA", "instA", "instA", "instA", "instA", "instA", "instA", "instA", "instA", "instA", "instA", "instA", "instA", "instA", "instA", "instA", "instA", "instA", "instA", "instA", "instA", "instA", "instA", "instA", "instA", "instA", "instA", "instA", "instA", "instA", "instA", "instA", "instA", "instA", "instA", "instA", "instA", "instA", "instA", "instA", "instA", "instA", "instA", "instA", "instA", "instA", "instA", "instA", "instA", "instA", "instA", "instA", "instA", "instA", "instA", "instA", "instA", "instA"], "times_days": [0.04684531467328749, 0.37595034075661027, 0.49549067764548854, 0.6554781139947218, 0.6750279027676447, 0.6910700021956739, 0.7862155269303498, 0.8394262153899269, 0.8986205396193047, 0.9325194006435423, 1.0166420980710926, 1.146911056970608, 1.2632059826056008, 1.3640405734750731, 1.4585903244078098, 1.5990961312475798, 1.651174439370551, 1.8734228792021335, 2.0839363787267495, 2.304128626290924, 2.31841032585847, 2.442552122267103, 2.5486973692459114, 2.635973260440237, 2.731806342835556, 2.7996981866553146, 2.844425443530918, 2.8635927278201, 3.0811893344376324, 3.1099661488212096, 3.3567635633894617, 3.3863176866230598, 3.56710547829236, 3.8554137153401866, 4.059595218512526, 4.2061206051779, 4.227793755621816, 4.3451823543380765, 4.384757377700692, 4.404343287800662, 4.409257625111619, 4.92430833798898, 4.988359641611975, 5.0505149665576505, 5.192283211903802, 5.41958068145106, 5.751557056364891, 5.775740756710598, 5.806271969306228, 5.820215745827023, 5.971250489745542, 6.03210412913793, 6.539895983258168, 6.544480116227881, 6.571511249049102, 6.618809488557406, 6.632486039019396, 7.0321875291901685, 7.2919875497185185, 7.6084825169673715, 7.652763857090812, 7.663417993966542, 8.378876780817436, 8.585297303561589, 8.653621102208973, 8.770453074062376, 9.272926332536978, 9.293360885581528]}, "star": {"M_star_sun": 0.9766880258817653, "gamma_ms": 0.0}}, "difficulty_details": {"coverage_inner_periods": 2.51231997066169, "gp_used": false, "minK_ms": 15.217085459017074, "n_obs": 68, "n_planets": 1, "raw_score": 3, "resonances_detected": 0, "snr_like": 12.740683754589528}, "meta": {"noise": {"gp": {"Q0": 1.0, "dQ": 0.1, "f": 0.5, "period_days": 25.0, "sigma_ms": 0.0, "use_gp": false}, "sigma_jitter_ms": 0.6009770877566558, "sigma_white_ms": 0.5933925200389605}, "seed": 20, "source_generated_task_id": "26b48d8e-77d1-546f-8309-c6677265e69c", "source_seed": 20}, "observations": {"instruments": ["instA", "instA", "instA", "instA", "instA", "instA", "instA", "instA", "instA", "instA", "instA", "instA", "instA", "instA", "instA", "instA", "instA", "instA", "instA", "instA", "instA", "instA", "instA", "instA", "instA", "instA", "instA", "instA", "instA", "instA", "instA", "instA", "instA", "instA", "instA", "instA", "instA", "instA", "instA", "instA", "instA", "instA", "instA", "instA", "instA", "instA", "instA", "instA", "instA", "instA", "instA", "instA", "instA", "instA", "instA", "instA", "instA", "instA", "instA", "instA", "instA", "instA", "instA", "instA", "instA", "instA", "instA", "instA"], "rvs_ms": [16.73247307565808, 14.866987312183412, 12.85166771452306, 9.668582389203522, 8.148241096593397, 9.950776151022596, 4.917742490572351, 4.064733294679659, 3.49282164054915, -1.899718400116488, -4.734521388865467, -10.423047720826322, -15.071231230854005, -20.47570733738937, -21.77662314316887, -23.13037034946754, -22.86233670273854, -21.56810607372501, -13.288486260814487, -6.010905499353259, -6.580300537518015, -4.096307739653334, -1.220785965058998, -0.7889184351774361, 4.054951255283244, 6.387028296506876, 6.586391769695847, 3.905878876874332, 9.940620773542005, 10.661339306370724, 13.526719059225387, 15.107314596296675, 14.174303351316437, 15.5460260044544, 15.32039985099782, 13.551620845693039, 12.451100280891998, 10.520718650124394, 8.973839387414127, 7.060693280781884, 8.898533048738944, -14.753819247222827, -18.37840688469565, -18.853270053580427, -20.946990884253427, -21.33351015916176, -13.367864383338262, -13.340720607350569, -14.683240211367583, -11.614524420999542, -7.61205109323337, -8.233331636543234, 5.787146513275633, 5.685708555882261, 7.853600420864552, 7.95492760327777, 8.353320365469422, 14.08710734118219, 14.754393018393799, 14.205918377756177, 15.640098750137522, 15.26679108408385, -3.6191381808260066, -13.59461975959163, -16.8190283003298, -19.930838482238695, -18.445805513015863, -18.608654377383427], "sigmas_ms": [0.5933925200389605, 0.5933925200389605, 0.5933925200389605, 0.5933925200389605, 0.5933925200389605, 0.5933925200389605, 0.5933925200389605, 0.5933925200389605, 0.5933925200389605, 0.5933925200389605, 0.5933925200389605, 0.5933925200389605, 0.5933925200389605, 0.5933925200389605, 0.5933925200389605, 0.5933925200389605, 0.5933925200389605, 0.5933925200389605, 0.5933925200389605, 0.5933925200389605, 0.5933925200389605, 0.5933925200389605, 0.5933925200389605, 0.5933925200389605, 0.5933925200389605, 0.5933925200389605, 0.5933925200389605, 0.5933925200389605, 0.5933925200389605, 0.5933925200389605, 0.5933925200389605, 0.5933925200389605, 0.5933925200389605, 0.5933925200389605, 0.5933925200389605, 0.5933925200389605, 0.5933925200389605, 0.5933925200389605, 0.5933925200389605, 0.5933925200389605, 0.5933925200389605, 0.5933925200389605, 0.5933925200389605, 0.5933925200389605, 0.5933925200389605, 0.5933925200389605, 0.5933925200389605, 0.5933925200389605, 0.5933925200389605, 0.5933925200389605, 0.5933925200389605, 0.5933925200389605, 0.5933925200389605, 0.5933925200389605, 0.5933925200389605, 0.5933925200389605, 0.5933925200389605, 0.5933925200389605, 0.5933925200389605, 0.5933925200389605, 0.5933925200389605, 0.5933925200389605, 0.5933925200389605, 0.5933925200389605, 0.5933925200389605, 0.5933925200389605, 0.5933925200389605, 0.5933925200389605], "times_days": [0.04684531467328749, 0.37595034075661027, 0.49549067764548854, 0.6554781139947218, 0.6750279027676447, 0.6910700021956739, 0.7862155269303498, 0.8394262153899269, 0.8986205396193047, 0.9325194006435423, 1.0166420980710926, 1.146911056970608, 1.2632059826056008, 1.3640405734750731, 1.4585903244078098, 1.5990961312475798, 1.651174439370551, 1.8734228792021335, 2.0839363787267495, 2.304128626290924, 2.31841032585847, 2.442552122267103, 2.5486973692459114, 2.635973260440237, 2.731806342835556, 2.7996981866553146, 2.844425443530918, 2.8635927278201, 3.0811893344376324, 3.1099661488212096, 3.3567635633894617, 3.3863176866230598, 3.56710547829236, 3.8554137153401866, 4.059595218512526, 4.2061206051779, 4.227793755621816, 4.3451823543380765, 4.384757377700692, 4.404343287800662, 4.409257625111619, 4.92430833798898, 4.988359641611975, 5.0505149665576505, 5.192283211903802, 5.41958068145106, 5.751557056364891, 5.775740756710598, 5.806271969306228, 5.820215745827023, 5.971250489745542, 6.03210412913793, 6.539895983258168, 6.544480116227881, 6.571511249049102, 6.618809488557406, 6.632486039019396, 7.0321875291901685, 7.2919875497185185, 7.6084825169673715, 7.652763857090812, 7.663417993966542, 8.378876780817436, 8.585297303561589, 8.653621102208973, 8.770453074062376, 9.272926332536978, 9.293360885581528]}, "task_id": "seed20_diff3", "truth_difficulty": 3}