{"config": {"engine": "rebound", "instruments": [{"gamma_ms": 0.0, "label": "instA", "sigma_jitter_ms": 0.22747903562042773, "sigma_white_ms": 2.3404388501403073}], "integrator_preference": "whfast", "los_axis": "x", "metadata": {}, "noise": {"gp": {"Q0": 1.0, "dQ": 0.1, "f": 0.5, "period_days": 25.0, "sigma_ms": 0.0, "use_gp": false}, "sigma_jitter_ms": 0.22747903562042773, "sigma_white_ms": 2.3404388501403073}, "planets": [{"Omega_rad": 4.130773459521102, "P_days": 118.26589225622973, "e": 0.26139032497487796, "inc_rad": 1.2922384847582828, "l_rad": 0.9428690079622023, "m_sin_i_mjup": 0.015269748506714219, "m_true_mjup": null, "omega_rad": 3.5328193511135773}], "schedule": {"instruments": ["instA", "instA", "instA", "instA", "instA", "instA", "instA", "instA", "instA", "instA", "instA", "instA", "instA", "instA", "instA", "instA", "instA", "instA", "instA", "instA", "instA", "instA", "instA", "instA", "instA", "instA", "instA", "instA", "instA", "instA", "instA", "instA", "instA", "instA", "instA", "instA", "instA", "instA", "instA", "instA", "instA", "instA", "instA", "instA", "instA", "instA", "instA", "instA", "instA", "instA", "instA", "instA", "instA", "instA", "instA", "instA", "instA", "instA", "instA", "instA", "instA", "instA", "instA", "instA", "instA", "instA", "instA", "instA", "instA", "instA"], "times_days": [5.941593827878843, 11.519911277167491, 16.456380584474562, 27.42876216926283, 29.665407843475492, 30.05109978955649, 31.196986441927205, 31.99187973353157, 33.610924541823834, 44.780285499698, 51.26021431516653, 54.073998127268744, 55.87829576818014, 56.071816629444356, 58.539332080548924, 60.25147792478065, 64.52351822685057, 82.05398564094584, 89.07315088283383, 94.93856278394715, 101.16902633640561, 103.23859599828425, 114.91676645918183, 116.86530276044117, 121.3168736406425, 121.51142615703021, 126.16375334424026, 129.10194676178517, 130.75973392922947, 134.45954831896262, 136.20408664830327, 140.52486380696777, 145.7735281813344, 148.62558942395043, 150.40365192948173, 152.50789706577066, 154.1528063505703, 156.01796985727321, 167.78646643995512, 176.67803554094306, 177.09029284052926, 179.07681977701682, 180.18243130378906, 183.14011205967978, 185.09633883426505, 188.94942371858423, 192.3071096339858, 196.1854863081315, 199.72592345458696, 202.86346920747866, 203.83430906668073, 206.6552841067337, 207.02552618804253, 209.46970455169975, 217.41074455247414, 228.54828865423625, 231.43709818991792, 242.97421831380828, 247.489297285719, 248.57576485328644, 249.22816387604817, 253.42177433902543, 257.2658085266606, 263.92983835842335, 265.94702037946723, 266.2545931170655, 267.89407625994914, 275.79682977998067, 288.6938874645016, 290.556815097991]}, "star": {"M_star_sun": 0.879094686048474, "gamma_ms": 0.0}}, "difficulty_details": {"coverage_inner_periods": 2.4065706167715475, "gp_used": false, "minK_ms": 0.7137957077486504, "n_obs": 70, "n_planets": 1, "raw_score": 6, "resonances_detected": 0, "snr_like": 0.277966718370043}, "meta": {"noise": {"gp": {"Q0": 1.0, "dQ": 0.1, "f": 0.5, "period_days": 25.0, "sigma_ms": 0.0, "use_gp": false}, "sigma_jitter_ms": 0.22747903562042773, "sigma_white_ms": 2.3404388501403073}, "seed": 2, "source_generated_task_id": "ee1460a1-a87c-5f9c-98ed-1828983efe11", "source_seed": 2}, "observations": {"instruments": ["instA", "instA", "instA", "instA", "instA", "instA", "instA", "instA", "instA", "instA", "instA", "instA", "instA", "instA", "instA", "instA", "instA", "instA", "instA", "instA", "instA", "instA", "instA", "instA", "instA", "instA", "instA", "instA", "instA", "instA", "instA", "instA", "instA", "instA", "instA", "instA", "instA", "instA", "instA", "instA", "instA", "instA", "instA", "instA", "instA", "instA", "instA", "instA", "instA", "instA", "instA", "instA", "instA", "instA", "instA", "instA", "instA", "instA", "instA", "instA", "instA", "instA", "instA", "instA", "instA", "instA", "instA", "instA", "instA", "instA"], "rvs_ms": [1.755286768440707, -0.8703155563057591, 0.9125825772774987, -1.465355809471946, 2.5857611449580826, 1.0434129977303175, 1.3586318552794108, 1.5303237774683534, -1.8514422048919776, 1.8331850377496033, 4.419943394810035, -4.410960331307749, -4.696400477597945, -4.175009451964586, 1.2732944419826882, -0.4331712550009013, 1.7769773799592303, 1.2434108877098025, 0.21150358327160357, 0.5267812923386681, -0.39379882121479715, 2.094752310392322, -2.3544492174517333, -0.6516549614674415, 0.994504799764691, 4.662686186276919, -1.293001400698288, -1.989271393400018, -0.7543207548565606, 2.891077518848801, 0.07441436575161675, 3.76261357387442, -3.771080847627494, 3.2499610451548744, 2.9952811383774405, -2.828620097886887, 0.8145862930574184, 3.2385381473083985, -0.10688688119188033, 1.6482116313835031, 4.873074848855345, -0.09878502653194865, -1.412368687473522, -2.570842245293522, 0.7779818667869913, -1.1599258075000272, -1.056492212313181, -0.8001433675440763, 1.0585004508640607, -2.9009773535376375, -3.9671802098951248, -6.0236144321894685, 2.5272937785070337, -0.057991973729733, 3.509469637995033, 0.18576702205506757, -1.4783249096014397, 1.6051498737058099, 0.3696940031755105, -2.384762617042787, -1.508405473366285, 4.772825182018543, 1.47709407230934, 1.6121802808428047, -0.03966778245919722, -1.0156100659086067, 2.6747898456345722, 0.06396982873934437, -2.2504880529350872, -0.871449583261281], "sigmas_ms": [2.3404388501403073, 2.3404388501403073, 2.3404388501403073, 2.3404388501403073, 2.3404388501403073, 2.3404388501403073, 2.3404388501403073, 2.3404388501403073, 2.3404388501403073, 2.3404388501403073, 2.3404388501403073, 2.3404388501403073, 2.3404388501403073, 2.3404388501403073, 2.3404388501403073, 2.3404388501403073, 2.3404388501403073, 2.3404388501403073, 2.3404388501403073, 2.3404388501403073, 2.3404388501403073, 2.3404388501403073, 2.3404388501403073, 2.3404388501403073, 2.3404388501403073, 2.3404388501403073, 2.3404388501403073, 2.3404388501403073, 2.3404388501403073, 2.3404388501403073, 2.3404388501403073, 2.3404388501403073, 2.3404388501403073, 2.3404388501403073, 2.3404388501403073, 2.3404388501403073, 2.3404388501403073, 2.3404388501403073, 2.3404388501403073, 2.3404388501403073, 2.3404388501403073, 2.3404388501403073, 2.3404388501403073, 2.3404388501403073, 2.3404388501403073, 2.3404388501403073, 2.3404388501403073, 2.3404388501403073, 2.3404388501403073, 2.3404388501403073, 2.3404388501403073, 2.3404388501403073, 2.3404388501403073, 2.3404388501403073, 2.3404388501403073, 2.3404388501403073, 2.3404388501403073, 2.3404388501403073, 2.3404388501403073, 2.3404388501403073, 2.3404388501403073, 2.3404388501403073, 2.3404388501403073, 2.3404388501403073, 2.3404388501403073, 2.3404388501403073, 2.3404388501403073, 2.3404388501403073, 2.3404388501403073, 2.3404388501403073],