{"config": {"engine": "rebound", "instruments": [{"gamma_ms": 0.0, "label": "instA", "sigma_jitter_ms": 0.43710849186051215, "sigma_white_ms": 3.140629695453327}], "integrator_preference": "whfast", "los_axis": "x", "metadata": {}, "noise": {"gp": {"Q0": 0.9595313690750265, "dQ": 0.0999395464693577, "f": 0.15338892403747206, "period_days": 39.59021203029528, "sigma_ms": 0.17888582662168762, "use_gp": true}, "sigma_jitter_ms": 0.43710849186051215, "sigma_white_ms": 3.140629695453327}, "planets": [{"Omega_rad": 0.315047048486151, "P_days": 3.1170308286086112, "e": 0.18650644821985218, "inc_rad": 0.9179315440736006, "l_rad": 2.0707104844037425, "m_sin_i_mjup": 0.20248057954560136, "m_true_mjup": null, "omega_rad": 2.9991399791561726}], "schedule": {"instruments": ["instA", "instA", "instA", "instA", "instA", "instA", "instA", "instA", "instA", "instA", "instA", "instA", "instA", "instA", "instA", "instA", "instA", "instA", "instA", "instA", "instA", "instA", "instA", "instA", "instA", "instA", "instA", "instA", "instA", "instA", "instA", "instA", "instA", "instA", "instA", "instA", "instA", "instA", "instA", "instA", "instA", "instA", "instA", "instA", "instA", "instA", "instA", "instA", "instA", "instA", "instA", "instA", "instA"], "times_days": [0.22468398919878613, 0.4270980818170885, 0.4381498102052852, 0.5684512888390516, 0.7419720491949794, 0.7543305631337455, 0.878902462836835, 0.9345843456618459, 1.5825314947456528, 1.5957064108684011, 1.6975763015702516, 1.8440014223262087, 1.9114441584833268, 2.8071885775062237, 3.14370326909381, 3.3185460652445093, 3.513600842233457, 3.516267007865261, 3.5738172124035095, 3.5851708294472684, 3.91258284078476, 4.065827432294931, 4.184957628443207, 4.194462931841121, 4.362621464658898, 4.467540626494229, 4.695611813046587, 4.73036945407209, 4.813906523951998, 5.032360603028086, 5.174316570782546, 5.288111969625248, 5.563815542191316, 5.612006431986776, 5.686169059758693, 5.836826401215409, 5.957007810998667, 6.001623210078772, 6.087057025932132, 6.153226798323094, 6.175710776937764, 6.788901587639305, 6.792458448392438, 7.129145252204094, 7.225892143658299, 7.253563926499834, 7.311701578076976, 7.792545031676162, 7.955448777651085, 8.0316900568254, 8.115136392067068, 8.412913181967065, 8.417157606072099]}, "star": {"M_star_sun": 0.8195772276250497, "gamma_ms": 0.0}}, "difficulty_details": {"coverage_inner_periods": 2.628294061669673, "gp_used": true, "minK_ms": 32.742779577011405, "n_obs": 53, "n_planets": 1, "raw_score": 4, "resonances_detected": 0, "snr_like": 9.151809848219955}, "meta": {"noise": {"gp": {"Q0": 0.9595313690750265, "dQ": 0.0999395464693577, "f": 0.15338892403747206, "period_days": 39.59021203029528, "sigma_ms": 0.17888582662168762, "use_gp": true}, "sigma_jitter_ms": 0.43710849186051215, "sigma_white_ms": 3.140629695453327}, "seed": 22, "source_generated_task_id": "1bdba096-d268-594f-bec1-9794aecaf986", "source_seed": 22}, "observations": {"instruments": ["instA", "instA", "instA", "instA", "instA", "instA", "instA", "instA", "instA", "instA", "instA", "instA", "instA", "instA", "instA", "instA", "instA", "instA", "instA", "instA", "instA", "instA", "instA", "instA", "instA", "instA", "instA", "instA", "instA", "instA", "instA", "instA", "instA", "instA", "instA", "instA", "instA", "instA", "instA", "instA", "instA", "instA", "instA", "instA", "instA", "instA", "instA", "instA", "instA", "instA", "instA", "instA", "instA"], "rvs_ms": [36.73268450450455, 14.441261593812335, 11.303180971001625, 1.3091514579829413, -21.627797592515282, -27.44299349992711, -33.7589928281715, -27.659158101258885, -29.06244647695237, -19.342303233880624, -15.489460985401283, -21.318340104828426, -4.773201830138872, 30.81799477093237, 37.16004993692129, 26.666360194047506, 15.298734175353918, 16.4022142168863, 10.056663685834831, 5.709072685775455, -18.943924717937836, -28.152486755034417, -28.237171508072265, -36.13322738716172, -33.611932321209856, -24.561048713132347, -27.111977208409954, -22.69145195810561, -16.4727410520324, -5.805773051887151, 2.5839543365567548, -0.46300903962014583, 15.8914158083514, 18.059116760102885, 12.10188310812391, 26.870080939962783, 42.53428936233412, 30.480387418572427, 35.195235574592004, 38.84467329221921, 30.11226987744084, -6.5570751251979775, -4.150428974105472, -30.15377306762399, -35.439467545656605, -35.58832912950622, -34.14425225781953, -28.97314390085206, -19.088122744763314, -11.872672825884742, -13.825977346084537, 6.740940138701643, 3.9158466242688963], "sigmas_ms": [3.140629695453327, 3.140629695453327, 3.140629695453327, 3.140629695453327, 3.140629695453327, 3.140629695453327, 3.140629695453327, 3.140629695453327, 3.140629695453327, 3.140629695453327, 3.140629695453327, 3.140629695453327, 3.140629695453327, 3.140629695453327, 3.140629695453327, 3.140629695453327, 3.140629695453327, 3.140629695453327, 3.140629695453327, 3.140629695453327, 3.140629695453327, 3.140629695453327, 3.140629695453327, 3.140629695453327, 3.140629695453327, 3.140629695453327, 3.140629695453327, 3.140629695453327, 3.140629695453327, 3.140629695453327, 3.140629695453327, 3.140629695453327, 3.140629695453327, 3.140629695453327, 3.140629695453327, 3.140629695453327, 3.140629695453327, 3.140629695453327, 3.140629695453327, 3.140629695453327, 3.140629695453327, 3.140629695453327, 3.140629695453327, 3.140629695453327, 3.140629695453327, 3.140629695453327, 3.140629695453327, 3.140629695453327, 3.140629695453327, 3.140629695453327, 3.140629695453327, 3.140629695453327, 3.140629695453327], "times_days": [0.22468398919878613, 0.4270980818170885, 0.4381498102052852, 0.5684512888390516, 0.7419720491949794, 0.7543305631337455, 0.878902462836835, 0.9345843456618459, 1.5825314947456528, 1.5957064108684011, 1.6975763015702516, 1.8440014223262087, 1.9114441584833268, 2.8071885775062237, 3.14370326909381, 3.3185460652445093, 3.513600842233457, 3.516267007865261, 3.5738172124035095, 3.5851708294472684, 3.91258284078476, 4.065827432294931, 4.184957628443207, 4.194462931841121, 4.362621464658898, 4.467540626494229, 4.695611813046587, 4.73036945407209, 4.813906523951998, 5.032360603028086, 5.174316570782546, 5.288111969625248, 5.563815542191316, 5.612006431986776, 5.686169059758693, 5.836826401215409, 5.957007810998667, 6.001623210078772, 6.087057025932132, 6.153226798323094, 6.175710776937764, 6.788901587639305, 6.792458448392438, 7.129145252204094, 7.225892143658299, 7.253563926499834, 7.311701578076976, 7.792545031676162, 7.955448777651085, 8.0316900568254, 8.115136392067068, 8.412913181967065, 8.417157606072099]}, "task_id": "seed22_diff4", "truth_difficulty": 4}