{"config": {"engine": "rebound", "instruments": [{"gamma_ms": 0.0, "label": "instA", "sigma_jitter_ms": 0.34638333482955813, "sigma_white_ms": 2.1292180744873797}], "integrator_preference": "whfast", "los_axis": "x", "metadata": {}, "noise": {"gp": {"Q0": 1.0, "dQ": 0.1, "f": 0.5, "period_days": 25.0, "sigma_ms": 0.0, "use_gp": false}, "sigma_jitter_ms": 0.34638333482955813, "sigma_white_ms": 2.1292180744873797}, "planets": [{"Omega_rad": 2.6665295450109605, "P_days": 58.204108272305135, "e": 0.04939928506201585, "inc_rad": 1.359186831256491, "l_rad": 1.7898099380714956, "m_sin_i_mjup": 0.9064405320174455, "m_true_mjup": null, "omega_rad": 0.6518357069519387}, {"Omega_rad": 3.740529442317544, "P_days": 192.37592651483928, "e": 0.005110207721682063, "inc_rad": 0.8822612728303055, "l_rad": 6.248056005478561, "m_sin_i_mjup": 0.040221093814754895, "m_true_mjup": null, "omega_rad": 4.154476889122414}, {"Omega_rad": 2.0324075224168086, "P_days": 300.0, "e": 0.02645625832764572, "inc_rad": 0.8231757676512909, "l_rad": 2.814886651129103, "m_sin_i_mjup": 0.1430165059930763, "m_true_mjup": null, "omega_rad": 0.25623586455017316}], "schedule": {"instruments": ["instA", "instA", "instA", "instA", "instA", "instA", "instA", "instA", "instA", "instA", "instA", "instA", "instA", "instA", "instA", "instA", "instA", "instA", "instA", "instA", "instA", "instA", "instA", "instA", "instA", "instA", "instA", "instA", "instA", "instA", "instA", "instA", "instA", "instA", "instA", "instA", "instA", "instA", "instA", "instA", "instA", "instA"], "times_days": [4.280049157007482, 8.786037325595823, 9.034865261358847, 11.345513525018783, 14.993769555067887, 22.98369822347875, 31.43311611257488, 39.10934079599501, 46.53189620454202, 51.69064384610756, 63.10861932737221, 66.94163931608608, 66.95681762051683, 71.66259943136292, 86.98291694025967, 92.54633227759743, 94.02171392712738, 99.25277893317407, 104.68983952425776, 114.67203655359144, 127.98491923958122, 130.77304765804615, 131.89090284770566, 132.47303112382045, 133.96835091239592, 139.17892898796944, 140.77106575194873, 146.4866715303258, 148.69119190843884, 149.0400380747996, 150.080625937888, 150.62740849893945, 152.9737906997411, 153.49238371751977, 156.20812716576722, 162.64703012261702, 186.64470603643167, 189.2407797983179, 198.70490744803757, 216.81920927332234, 217.96256352347058, 220.3061786609084]}, "star": {"M_star_sun": 0.7406069574169798, "gamma_ms": 0.0}}, "difficulty_details": {"coverage_inner_periods": 3.711527174219954, "gp_used": false, "minK_ms": 1.7299571539756373, "n_obs": 42, "n_planets": 3, "raw_score": 8, "resonances_detected": 0, "snr_like": 0.6988027828167068}, "meta": {"noise": {"gp": {"Q0": 1.0, "dQ": 0.1, "f": 0.5, "period_days": 25.0, "sigma_ms": 0.0, "use_gp": false}, "sigma_jitter_ms": 0.34638333482955813, "sigma_white_ms": 2.1292180744873797}, "seed": 31, "source_generated_task_id": "62cdb334-c0fd-56fb-a57b-cfc809c2db0a", "source_seed": 31}, "observations": {"instruments": ["instA", "instA", "instA", "instA", "instA", "instA", "instA", "instA", "instA", "instA", "instA", "instA", "instA", "instA", "instA", "instA", "instA", "instA", "instA", "instA", "instA", "instA", "instA", "instA", "instA", "instA", "instA", "instA", "instA", "instA", "instA", "instA", "instA", "instA", "instA", "instA", "instA", "instA", "instA", "instA", "instA", "instA"], "rvs_ms": [38.70799675041161, 9.736924152693003, 8.196964942466096, 0.47427525480250615, -15.745669320254365, -45.7893830524744, -43.06802290949338, -15.215254016205998, 25.65377370588107, 44.76308633088398, 29.195668811168968, 10.30312665728481, 7.184476774478805, -14.993873006989627, -55.379824695266066, -40.68855509628486, -37.056888679103665, -7.206659687894949, 21.580677921548194, 43.566648632117044, -9.386759425931013, -23.20364777263706, -26.22575281180601, -29.714228708856776, -34.9964920689528, -51.159759629908635, -51.33296657531811, -52.59372080528163, -43.85509214473301, -41.56489204362297, -41.4456729060842, -35.01056501248519, -23.89979654329449, -24.702011366821992, -13.521349919951968, 23.561832062810694, -1.0303769317232612, -8.888012465167915, -40.29240241486505, 16.23774073307559, 20.855935217749902, 33.023350916643686], "sigmas_ms": [2.1292180744873797, 2.1292180744873797, 2.1292180744873797, 2.1292180744873797, 2.1292180744873797, 2.1292180744873797, 2.1292180744873797, 2.1292180744873797, 2.1292180744873797, 2.1292180744873797, 2.1292180744873797, 2.1292180744873797, 2.1292180744873797, 2.1292180744873797, 2.1292180744873797, 2.1292180744873797, 2.1292180744873797, 2.1292180744873797, 2.1292180744873797, 2.1292180744873797, 2.1292180744873797, 2.1292180744873797, 2.1292180744873797, 2.1292180744873797, 2.1292180744873797, 2.1292180744873797, 2.1292180744873797, 2.1292180744873797, 2.1292180744873797, 2.1292180744873797, 2.1292180744873797, 2.1292180744873797, 2.1292180744873797, 2.1292180744873797, 2.1292180744873797, 2.1292180744873797, 2.1292180744873797, 2.1292180744873797, 2.1292180744873797, 2.1292180744873797, 2.1292180744873797, 2.1292180744873797], "times_days": [4.280049157007482, 8.786037325595823, 9.034865261358847, 11.345513525018783, 14.993769555067887, 22.98369822347875, 31.43311611257488, 39.10934079599501, 46.53189620454202, 51.69064384610756, 63.10861932737221, 66.94163931608608, 66.95681762051683, 71.66259943136292, 86.98291694025967, 92.54633227759743, 94.02171392712738, 99.25277893317407, 104.68983952425776, 114.67203655359144, 127.98491923958122, 130.77304765804615, 131.89090284770566, 132.47303112382045, 133.96835091239592, 139.17892898796944, 140.77106575194873, 146.4866715303258, 148.69119190843884, 149.0400380747996, 150.080625937888, 150.62740849893945, 152.9737906997411, 153.49238371751977, 156.20812716576722, 162.64703012261702, 186.64470603643167, 189.2407797983179, 198.70490744803757, 216.81920927332234, 217.96256352347058, 220.3061786609084]}, "task_id": "seed31_diff8", "truth_difficulty": 8}