{"config": {"engine": "rebound", "instruments": [{"gamma_ms": 0.0, "label": "instA", "sigma_jitter_ms": 0.1840449475440489, "sigma_white_ms": 0.9362835817144873}], "integrator_preference": "whfast", "los_axis": "x", "metadata": {}, "noise": {"gp": {"Q0": 1.0, "dQ": 0.1, "f": 0.5, "period_days": 25.0, "sigma_ms": 0.0, "use_gp": false}, "sigma_jitter_ms": 0.1840449475440489, "sigma_white_ms": 0.9362835817144873}, "planets": [{"Omega_rad": 3.0659188962299893, "P_days": 5.358456088331502, "e": 0.06357439855193513, "inc_rad": 1.053319416226804, "l_rad": 2.3548344733134803, "m_sin_i_mjup": 0.022113435126898208, "m_true_mjup": null, "omega_rad": 1.1404539729609666}, {"Omega_rad": 2.39822165236744, "P_days": 14.805742418532633, "e": 0.05456628844687306, "inc_rad": 1.1782709890383858, "l_rad": 0.8945069188965104, "m_sin_i_mjup": 0.046847206417739595, "m_true_mjup": null, "omega_rad": 5.478949753230227}], "schedule": {"instruments": ["instA", "instA", "instA", "instA", "instA", "instA", "instA", "instA", "instA", "instA", "instA", "instA", "instA", "instA", "instA", "instA", "instA", "instA", "instA", "instA", "instA", "instA", "instA", "instA", "instA", "instA", "instA", "instA", "instA", "instA", "instA", "instA", "instA", "instA", "instA", "instA", "instA", "instA", "instA", "instA", "instA", "instA", "instA", "instA", "instA"], "times_days": [0.4203009644768246, 0.8659757224869226, 1.3029112333251573, 2.3802370005176834, 2.881193859955558, 3.034689488123619, 3.2757128113572946, 3.2884621946422907, 3.350185128678249, 4.537723857149434, 4.812010020313528, 5.385606476591079, 5.606658717098722, 6.146321298858727, 6.266093671349001, 6.381544727959854, 6.395489864762491, 6.465097583933401, 6.777787712091343, 6.917350156144634, 7.017046917752788, 7.444246338986113, 7.9433309472392475, 8.089243820240519, 8.136468368880136, 8.158252824243668, 8.270820510832518, 8.448021632641431, 8.46744652114762, 8.632997785086786, 8.811939391406485, 9.697147311440622, 10.526914858402886, 11.082516868217144, 12.265312402546714, 13.038953670660979, 13.305094764093917, 14.175231245275029, 14.579204085647339, 15.463646788536348, 15.733366092472824, 16.429977978276032, 16.47105634617631, 16.543457927555146, 16.589807837230833]}, "star": {"M_star_sun": 1.2953553213157742, "gamma_ms": 0.0}}, "difficulty_details": {"coverage_inner_periods": 3.017568233500037, "gp_used": false, "minK_ms": 2.1657801369625305, "n_obs": 45, "n_planets": 2, "raw_score": 6, "resonances_detected": 0, "snr_like": 1.9331652103833348}, "meta": {"noise": {"gp": {"Q0": 1.0, "dQ": 0.1, "f": 0.5, "period_days": 25.0, "sigma_ms": 0.0, "use_gp": false}, "sigma_jitter_ms": 0.1840449475440489, "sigma_white_ms": 0.9362835817144873}, "seed": 63, "source_generated_task_id": "27cf371b-c83e-5f51-becd-3f10159d5aae", "source_seed": 63}, "observations": {"instruments": ["instA", "instA", "instA", "instA", "instA", "instA", "instA", "instA", "instA", "instA", "instA", "instA", "instA", "instA", "instA", "instA", "instA", "instA", "instA", "instA", "instA", "instA", "instA", "instA", "instA", "instA", "instA", "instA", "instA", "instA", "instA", "instA", "instA", "instA", "instA", "instA", "instA", "instA", "instA", "instA", "instA", "instA", "instA", "instA", "instA"], "rvs_ms": [2.9037828731271595, 4.204042655109495, 2.7400685050245457, 1.5898269618970473, 2.0776916087008983, 1.4084289835843677, 0.6332251940246991, 1.4557716216680832, 1.338402474215982, 4.058946649049368, 1.8612125240780903, 1.4263782967288725, 0.857157252309349, -3.1721069878561634, -2.364487907992571, -2.301983666815113, -1.1611190406325635, -3.334977802395082, -2.890815101279205, -3.567811394577921, -4.953315026205731, -3.839836173926449, -4.087604210592811, -5.138903033426507, -4.081773349021868, -4.1532730595865, -4.94864236451268, -5.350929185760689, -3.764505360581487, -3.2605726079818727, -2.5122585715930303, -0.1568989893312307, 0.6961815528513764, -0.6139580221560857, -1.887553249380013, -1.4093682961415233, 1.2290625119888774, 1.760469905866859, 3.5350228210111125, 5.9377155852933745, 4.3286062628151765, 6.581590036583593, 4.8210078594285894, 3.320525893919003, 2.5436378004748557], "sigmas_ms": [0.9362835817144873, 0.9362835817144873, 0.9362835817144873, 0.9362835817144873, 0.9362835817144873, 0.9362835817144873, 0.9362835817144873, 0.9362835817144873, 0.9362835817144873, 0.9362835817144873, 0.9362835817144873, 0.9362835817144873, 0.9362835817144873, 0.9362835817144873, 0.9362835817144873, 0.9362835817144873, 0.9362835817144873, 0.9362835817144873, 0.9362835817144873, 0.9362835817144873, 0.9362835817144873, 0.9362835817144873, 0.9362835817144873, 0.9362835817144873, 0.9362835817144873, 0.9362835817144873, 0.9362835817144873, 0.9362835817144873, 0.9362835817144873, 0.9362835817144873, 0.9362835817144873, 0.9362835817144873, 0.9362835817144873, 0.9362835817144873, 0.9362835817144873, 0.9362835817144873, 0.9362835817144873, 0.9362835817144873, 0.9362835817144873, 0.9362835817144873, 0.9362835817144873, 0.9362835817144873, 0.9362835817144873, 0.9362835817144873, 0.9362835817144873], "times_days": [0.4203009644768246, 0.8659757224869226, 1.3029112333251573, 2.3802370005176834, 2.881193859955558, 3.034689488123619, 3.2757128113572946, 3.2884621946422907, 3.350185128678249, 4.537723857149434, 4.812010020313528, 5.385606476591079, 5.606658717098722, 6.146321298858727, 6.266093671349001, 6.381544727959854, 6.395489864762491, 6.465097583933401, 6.777787712091343, 6.917350156144634, 7.017046917752788, 7.444246338986113, 7.9433309472392475, 8.089243820240519, 8.136468368880136, 8.158252824243668, 8.270820510832518, 8.448021632641431, 8.46744652114762, 8.632997785086786, 8.811939391406485, 9.697147311440622, 10.526914858402886, 11.082516868217144, 12.265312402546714, 13.038953670660979, 13.305094764093917, 14.175231245275029, 14.579204085647339, 15.463646788536348, 15.733366092472824, 16.429977978276032, 16.47105634617631, 16.543457927555146, 16.589807837230833]}, "task_id": "seed63_diff6", "truth_difficulty": 6}