{"config": {"engine": "rebound", "instruments": [{"gamma_ms": 0.0, "label": "instA", "sigma_jitter_ms": 0.34931148320733446, "sigma_white_ms": 2.135575102749615}], "integrator_preference": "whfast", "los_axis": "x", "metadata": {}, "noise": {"gp": {"Q0": 1.0, "dQ": 0.1, "f": 0.5, "period_days": 25.0, "sigma_ms": 0.0, "use_gp": false}, "sigma_jitter_ms": 0.34931148320733446, "sigma_white_ms": 2.135575102749615}, "planets": [{"Omega_rad": 4.83045738099681, "P_days": 10.50976443662059, "e": 0.013318379104217345, "inc_rad": 0.058399484625021765, "l_rad": 1.8932258442920329, "m_sin_i_mjup": 0.7348138395295066, "m_true_mjup": null, "omega_rad": 1.8336056517802743}], "schedule": {"instruments": ["instA", "instA", "instA", "instA", "instA", "instA", "instA", "instA", "instA", "instA", "instA", "instA", "instA", "instA", "instA", "instA", "instA", "instA", "instA", "instA", "instA", "instA", "instA", "instA", "instA", "instA", "instA", "instA", "instA", "instA", "instA", "instA", "instA", "instA", "instA", "instA", "instA", "instA", "instA", "instA", "instA", "instA", "instA", "instA", "instA", "instA"], "times_days": [0.4325908461774924, 0.944297925340683, 1.5409534253543775, 1.7032151949441583, 1.722619432167088, 1.9012344525886296, 2.2278842264673946, 2.2943690899542335, 3.8708951935457856, 6.202328340684219, 6.403998754021842, 7.037582967855889, 7.475775656385647, 7.946342280081706, 9.918161343336047, 10.093546441042653, 10.370328586549533, 10.69742406372598, 10.879831071386098, 11.176672239807766, 12.74872413897855, 12.966775221964115, 13.325349750665891, 13.379339112535085, 14.16405318842466, 14.229230243123457, 14.631098648057728, 14.698157193362835, 14.974898835542671, 15.279305075428288, 15.661998531993198, 16.339436281479117, 16.590376663647348, 17.082758576223007, 17.123185833020884, 17.411942104782536, 17.537583572471718, 18.898987355158734, 18.915972339756678, 19.06024528203016, 19.088208086963213, 19.40756225520701, 19.83131878649397, 20.894238566664683, 21.070622668352215, 21.217180975435063]}, "star": {"M_star_sun": 1.1313463922606206, "gamma_ms": 0.0}}, "difficulty_details": {"coverage_inner_periods": 1.9776456698529816, "gp_used": false, "minK_ms": 62.80183820709471, "n_obs": 46, "n_planets": 1, "raw_score": 5, "resonances_detected": 0, "snr_like": 25.27352296962448}, "meta": {"noise": {"gp": {"Q0": 1.0, "dQ": 0.1, "f": 0.5, "period_days": 25.0, "sigma_ms": 0.0, "use_gp": false}, "sigma_jitter_ms": 0.34931148320733446, "sigma_white_ms": 2.135575102749615}, "seed": 53, "source_generated_task_id": "12fbd3d1-3272-5188-bcf8-d99c6922e14d", "source_seed": 53}, "observations": {"instruments": ["instA", "instA", "instA", "instA", "instA", "instA", "instA", "instA", "instA", "instA", "instA", "instA", "instA", "instA", "instA", "instA", "instA", "instA", "instA", "instA", "instA", "instA", "instA", "instA", "instA", "instA", "instA", "instA", "instA", "instA", "instA", "instA", "instA", "instA", "instA", "instA", "instA", "instA", "instA", "instA", "instA", "instA", "instA", "instA", "instA", "instA"], "rvs_ms": [902.3401803925063, 673.0160756154969, 333.5082360835531, 230.0734217968314, 224.25545771372467, 107.8327905203467, -103.73548540805902, -143.63501466212242, -930.2362077482924, -673.5055136603133, -570.9830620079472, -205.50446024165134, 78.56071263797344, 362.05702623304546, 1075.29002619261, 1081.2800479304608, 1049.0244053894853, 977.6593586222219, 926.8205026866603, 805.6983606886181, -113.35290753682554, -247.6623270098891, -464.38498467180193, -490.5076215537221, -861.3371243800433, -882.3391633260532, -990.2384173124531, -1002.3194059885628, -1049.2321536221264, -1054.9491594642034, -1019.3017039634532, -831.1656504644366, -729.7727202973317, -481.67748059593174, -453.74687006024385, -285.10928317392927, -210.96315292811278, 612.7955012714947, 626.1141714883196, 697.2382713202012, 718.5131969244999, 857.3156096448599, 996.8381522882154, 1051.6065856023608, 1016.9294306599166, 975.211149830192], "sigmas_ms": [2.135575102749615, 2.135575102749615, 2.135575102749615, 2.135575102749615, 2.135575102749615, 2.135575102749615, 2.135575102749615, 2.135575102749615, 2.135575102749615, 2.135575102749615, 2.135575102749615, 2.135575102749615, 2.135575102749615, 2.135575102749615, 2.135575102749615, 2.135575102749615, 2.135575102749615, 2.135575102749615, 2.135575102749615, 2.135575102749615, 2.135575102749615, 2.135575102749615, 2.135575102749615, 2.135575102749615, 2.135575102749615, 2.135575102749615, 2.135575102749615, 2.135575102749615, 2.135575102749615, 2.135575102749615, 2.135575102749615, 2.135575102749615, 2.135575102749615, 2.135575102749615, 2.135575102749615, 2.135575102749615, 2.135575102749615, 2.135575102749615, 2.135575102749615, 2.135575102749615, 2.135575102749615, 2.135575102749615, 2.135575102749615, 2.135575102749615, 2.135575102749615, 2.135575102749615], "times_days": [0.4325908461774924, 0.944297925340683, 1.5409534253543775, 1.7032151949441583, 1.722619432167088, 1.9012344525886296, 2.2278842264673946, 2.2943690899542335, 3.8708951935457856, 6.202328340684219, 6.403998754021842, 7.037582967855889, 7.475775656385647, 7.946342280081706, 9.918161343336047, 10.093546441042653, 10.370328586549533, 10.69742406372598, 10.879831071386098, 11.176672239807766, 12.74872413897855, 12.966775221964115, 13.325349750665891, 13.379339112535085, 14.16405318842466, 14.229230243123457, 14.631098648057728, 14.698157193362835, 14.974898835542671, 15.279305075428288, 15.661998531993198, 16.339436281479117, 16.590376663647348, 17.082758576223007, 17.123185833020884, 17.411942104782536, 17.537583572471718, 18.898987355158734, 18.915972339756678, 19.06024528203016, 19.088208086963213, 19.40756225520701, 19.83131878649397, 20.894238566664683, 21.070622668352215, 21.217180975435063]}, "task_id": "seed53_diff5", "truth_difficulty": 5}