{"config": {"engine": "rebound", "instruments": [{"gamma_ms": 0.0, "label": "instA", "sigma_jitter_ms": 0.43968318309504345, "sigma_white_ms": 0.7563255161421518}], "integrator_preference": "whfast", "los_axis": "x", "metadata": {}, "noise": {"gp": {"Q0": 1.0, "dQ": 0.1, "f": 0.5, "period_days": 25.0, "sigma_ms": 0.0, "use_gp": false}, "sigma_jitter_ms": 0.43968318309504345, "sigma_white_ms": 0.7563255161421518}, "planets": [{"Omega_rad": 6.058031284795276, "P_days": 6.749313225000946, "e": 0.16117596947386245, "inc_rad": 1.0227825516694955, "l_rad": 4.2585280773340495, "m_sin_i_mjup": 0.20050379438026183, "m_true_mjup": null, "omega_rad": 5.72618842270125}], "schedule": {"instruments": ["instA", "instA", "instA", "instA", "instA", "instA", "instA", "instA", "instA", "instA", "instA", "instA", "instA", "instA", "instA", "instA", "instA", "instA", "instA", "instA", "instA", "instA", "instA", "instA", "instA", "instA", "instA", "instA", "instA", "instA", "instA", "instA", "instA", "instA", "instA", "instA", "instA", "instA", "instA", "instA", "instA", "instA", "instA", "instA", "instA", "instA", "instA", "instA", "instA", "instA", "instA", "instA", "instA", "instA", "instA"], "times_days": [0.10982643274797198, 0.23002669835438583, 0.2523120855519937, 0.5415193151320362, 1.2399412497484146, 1.5795981067556106, 2.2052622540609907, 2.2488365299276833, 2.329419864295458, 2.4220401155795623, 2.753779066098088, 3.289888114246691, 3.8837243694260386, 3.935872023789994, 4.227708602613092, 4.454141718939868, 4.60001008480757, 5.253871706447293, 5.301198567274156, 5.361243325140575, 5.384204938220145, 6.413597092544124, 6.560905133410999, 6.649479161346957, 7.0610178354307545, 7.231436627350448, 7.28104644043004, 7.447888170562262, 7.545361404797847, 7.899712584099321, 8.098931140201453, 8.147592933429799, 8.504449617039823, 8.783908947213142, 8.823835204965382, 8.876222003289255, 9.099928699496921, 9.18576129732371, 9.77090800977218, 10.312697292924065, 10.686996184509866, 10.847606653075474, 11.594383061397556, 11.770593921553731, 11.820615641529734, 11.936434869702795, 12.193934201385703, 12.345979124257727, 12.351544721377262, 12.472702158412007, 12.539627354891655, 12.779047223087407, 12.792910341614522, 13.067338832408394, 13.546249274326497]}, "star": {"M_star_sun": 1.2233061485623253, "gamma_ms": 0.0}}, "difficulty_details": {"coverage_inner_periods": 1.990783712897936, "gp_used": false, "minK_ms": 19.10202502739823, "n_obs": 55, "n_planets": 1, "raw_score": 4, "resonances_detected": 0, "snr_like": 15.971476661985276}, "meta": {"noise": {"gp": {"Q0": 1.0, "dQ": 0.1, "f": 0.5, "period_days": 25.0, "sigma_ms": 0.0, "use_gp": false}, "sigma_jitter_ms": 0.43968318309504345, "sigma_white_ms": 0.7563255161421518}, "seed": 34, "source_generated_task_id": "45633b16-4ee3-5923-a737-65ed9b3d396a", "source_seed": 34}, "observations": {"instruments": ["instA", "instA", "instA", "instA", "instA", "instA", "instA", "instA", "instA", "instA", "instA", "instA", "instA", "instA", "instA", "instA", "instA", "instA", "instA", "instA", "instA", "instA", "instA", "instA", "instA", "instA", "instA", "instA", "instA", "instA", "instA", "instA", "instA", "instA", "instA", "instA", "instA", "instA", "instA", "instA", "instA", "instA", "instA", "instA", "instA", "instA", "instA", "instA", "instA", "instA", "instA", "instA", "instA", "instA", "instA"], "rvs_ms": [-16.993589885428772, -19.593895351692407, -18.683457732122015, -21.298719385681128, -17.13623633627656, -12.305663247959473, 4.311638224474376, 4.6860160643459015, 5.913159944480436, 9.200548903196774, 13.797613084366214, 18.57019343982155, 18.35197244278298, 17.593274399725892, 14.954520033636424, 13.700301299751835, 13.047389395602625, 4.100127210928761, 4.506803695885651, 3.065260528719369, 2.508588532461012, -12.226405333438906, -14.705528125182108, -15.156617781991468, -19.12938336810096, -22.417680657163856, -21.296491329267045, -21.248042818639583, -21.750706735045007, -18.427041009288498, -16.860352737370434, -14.661520700459075, -6.685101000565435, -0.07211997847141777, -0.07814697876483379, 3.3610698854335435, 6.621208319761478, 8.99134620597677, 15.558634056971886, 17.580105193255044, 17.46975620861619, 15.0349068864011, 9.956159052367916, 9.043102158776541, 5.692065547297962, 5.226672503006571, 2.8270320929035933, -0.309603982386627, 0.6300667623029982, -1.6475132553950038, -4.212929721891339, -8.475051700868459, -6.655312118212468, -9.620787471880906, -17.51515231482618], "sigmas_ms": [0.7563255161421518, 0.7563255161421518, 0.7563255161421518, 0.7563255161421518, 0.7563255161421518, 0.7563255161421518, 0.7563255161421518, 0.7563255161421518, 0.7563255161421518, 0.7563255161421518, 0.7563255161421518, 0.7563255161421518, 0.7563255161421518, 0.7563255161421518, 0.7563255161421518, 0.7563255161421518, 0.7563255161421518, 0.7563255161421518, 0.7563255161421518, 0.7563255161421518, 0.7563255161421518, 0.7563255161421518, 0.7563255161421518, 0.7563255161421518, 0.7563255161421518, 0.7563255161421518, 0.7563255161421518, 0.7563255161421518, 0.7563255161421518, 0.7563255161421518, 0.7563255161421518, 0.7563255161421518, 0.7563255161421518, 0.7563255161421518, 0.7563255161421518, 0.7563255161421518, 0.7563255161421518, 0.7563255161421518, 0.7563255161421518, 0.7563255161421518, 0.7563255161421518, 0.7563255161421518, 0.7563255161421518, 0.7563255161421518, 0.7563255161421518, 0.7563255161421518, 0.7563255161421518, 0.7563255161421518, 0.7563255161421518, 0.7563255161421518, 0.7563255161421518, 0.7563255161421518, 0.7563255161421518, 0.7563255161421518, 0.7563255161421518], "times_days": [0.10982643274797198, 0.23002669835438583, 0.2523120855519937, 0.5415193151320362, 1.2399412497484146, 1.5795981067556106, 2.2052622540609907, 2.2488365299276833, 2.329419864295458, 2.4220401155795623, 2.753779066098088, 3.289888114246691, 3.8837243694260386, 3.935872023789994, 4.227708602613092, 4.454141718939868, 4.60001008480757, 5.253871706447293, 5.301198567274156, 5.361243325140575, 5.384204938220145, 6.413597092544124, 6.560905133410999, 6.649479161346957, 7.0610178354307545, 7.231436627350448, 7.28104644043004, 7.447888170562262, 7.545361404797847, 7.899712584099321, 8.098931140201453, 8.147592933429799, 8.504449617039823, 8.783908947213142, 8.823835204965382, 8.876222003289255, 9.099928699496921, 9.18576129732371, 9.77090800977218, 10.312697292924065, 10.686996184509866, 10.847606653075474, 11.594383061397556, 11.770593921553731, 11.820615641529734, 11.936434869702795, 12.193934201385703, 12.345979124257727, 12.351544721377262, 12.472702158412007, 12.539627354891655, 12.779047223087407, 12.792910341614522, 13.067338832408394, 13.546249274326497]}, "task_id": "seed34_diff4", "truth_difficulty": 4}