{"config": {"engine": "rebound", "instruments": [{"gamma_ms": 0.0, "label": "instA", "sigma_jitter_ms": 0.08695073214389361, "sigma_white_ms": 2.292062790743397}], "integrator_preference": "whfast", "los_axis": "x", "metadata": {}, "noise": {"gp": {"Q0": 1.7900037871562542, "dQ": 0.3694744772458388, "f": 0.19696891585826626, "period_days": 20.559542319682667, "sigma_ms": 0.44039998913746337, "use_gp": true}, "sigma_jitter_ms": 0.08695073214389361, "sigma_white_ms": 2.292062790743397}, "planets": [{"Omega_rad": 6.269134100012667, "P_days": 32.71395334476227, "e": 0.31347537589734725, "inc_rad": 1.4869614640714561, "l_rad": 0.23107895333222378, "m_sin_i_mjup": 0.16698836672530284, "m_true_mjup": null, "omega_rad": 5.229784939950694}, {"Omega_rad": 3.5625887905970175, "P_days": 64.72063790207534, "e": 0.1667568338558515, "inc_rad": 1.0905948111321855, "l_rad": 5.779121039157348, "m_sin_i_mjup": 0.13648333508283503, "m_true_mjup": null, "omega_rad": 2.8394293953925223}, {"Omega_rad": 6.227048954861307, "P_days": 145.00761034771105, "e": 0.05036894126015309, "inc_rad": 1.2144893453390606, "l_rad": 1.4881463850706549, "m_sin_i_mjup": 0.42643065135456254, "m_true_mjup": null, "omega_rad": 3.554830459653958}], "schedule": {"instruments": ["instA", "instA", "instA", "instA", "instA", "instA", "instA", "instA", "instA", "instA", "instA", "instA", "instA", "instA", "instA", "instA", "instA", "instA", "instA", "instA", "instA", "instA", "instA", "instA", "instA", "instA", "instA", "instA", "instA", "instA", "instA", "instA", "instA", "instA", "instA", "instA", "instA", "instA", "instA", "instA", "instA", "instA", "instA", "instA", "instA", "instA"], "times_days": [0.836172394030585, 1.8457578858428079, 2.0779741454907796, 4.439739866330685, 10.108641981301776, 14.632534419176984, 19.432571984499337, 19.90930759245874, 20.686903126271773, 21.618894473648567, 24.525537415939993, 25.947660873429886, 28.59188488375736, 30.66766195784448, 33.69193088574503, 37.5148308768034, 42.10879796440543, 43.25683734164732, 44.43438285549915, 46.57643913867491, 48.42851792923638, 51.687753458762174, 54.55420194080251, 55.76727306177536, 57.84761979601112, 62.12310789099528, 65.45891080860167, 67.33057672514808, 68.29926430851394, 68.44832579026026, 68.51305515087871, 72.9321138252673, 73.55916439309908, 73.80096186792966, 76.04333504084241, 78.86462159333115, 79.51753118138126, 79.70213596492376, 88.89604674414004, 98.37714612350752, 100.48030924241279, 104.06433630105995, 109.70229231120736, 111.03475110954354, 119.64082879821184, 120.44941432283197]}, "star": {"M_star_sun": 0.7965838547014642, "gamma_ms": 0.0}}, "difficulty_details": {"coverage_inner_periods": 3.6563371191562912, "gp_used": true, "minK_ms": 8.154290994328747, "n_obs": 46, "n_planets": 3, "raw_score": 8, "resonances_detected": 1, "snr_like": 3.4275933767842934}, "meta": {"noise": {"gp": {"Q0": 1.7900037871562542, "dQ": 0.3694744772458388, "f": 0.19696891585826626, "period_days": 20.559542319682667, "sigma_ms": 0.44039998913746337, "use_gp": true}, "sigma_jitter_ms": 0.08695073214389361, "sigma_white_ms": 2.292062790743397}, "seed": 17, "source_generated_task_id": "6ec903e4-750e-503d-a62d-db30c4622882", "source_seed": 17}, "observations": {"instruments": ["instA", "instA", "instA", "instA", "instA", "instA", "instA", "instA", "instA", "instA", "instA", "instA", "instA", "instA", "instA", "instA", "instA", "instA", "instA", "instA", "instA", "instA", "instA", "instA", "instA", "instA", "instA", "instA", "instA", "instA", "instA", "instA", "instA", "instA", "instA", "instA", "instA", "instA", "instA", "instA", "instA", "instA", "instA", "instA", "instA", "instA"], "rvs_ms": [21.619988450307172, 19.79591062643011, 22.46492296227645, 21.604783551049007, 19.58556454600273, 20.328695321017836, 15.67538730797577, 14.333858585783863, 11.852059420659728, 9.784583508058796, 4.117608642263381, 1.330198417742945, 14.121569772732736, 12.251551222668523, 16.20999380569065, 8.094357258668614, -3.5348814138851488, -8.958817518146722, -1.8548325950683011, -10.452087577883193, -15.437540189150912, -19.673472430329706, -28.423726105333614, -34.07529933756889, -37.293803248224485, -25.245832473155772, -8.859655387096257, -6.994082105845391, -11.14169591745011, -9.46037399016203, -12.753221365503832, -2.811478780290458, -15.355413100996106, -5.609091075291939, -9.719979725439321, -11.911710548021947, -10.226447105845965, -8.624836443192113, -11.907840284845271, 1.205115405921205, -0.7666685806631781, 5.655007951104938, -1.2830632723388975, -3.1313132923878446, -6.7350883732211875, -9.452383981597404], "sigmas_ms": [2.292062790743397, 2.292062790743397, 2.292062790743397, 2.292062790743397, 2.292062790743397, 2.292062790743397, 2.292062790743397, 2.292062790743397, 2.292062790743397, 2.292062790743397, 2.292062790743397, 2.292062790743397, 2.292062790743397, 2.292062790743397, 2.292062790743397, 2.292062790743397, 2.292062790743397, 2.292062790743397, 2.292062790743397, 2.292062790743397, 2.292062790743397, 2.292062790743397, 2.292062790743397, 2.292062790743397, 2.292062790743397, 2.292062790743397, 2.292062790743397, 2.292062790743397, 2.292062790743397, 2.292062790743397, 2.292062790743397, 2.292062790743397, 2.292062790743397, 2.292062790743397, 2.292062790743397, 2.292062790743397, 2.292062790743397, 2.292062790743397, 2.292062790743397, 2.292062790743397, 2.292062790743397, 2.292062790743397, 2.292062790743397, 2.292062790743397, 2.292062790743397, 2.292062790743397], "times_days": [0.836172394030585, 1.8457578858428079, 2.0779741454907796, 4.439739866330685, 10.108641981301776, 14.632534419176984, 19.432571984499337, 19.90930759245874, 20.686903126271773, 21.618894473648567, 24.525537415939993, 25.947660873429886, 28.59188488375736, 30.66766195784448, 33.69193088574503, 37.5148308768034, 42.10879796440543, 43.25683734164732, 44.43438285549915, 46.57643913867491, 48.42851792923638, 51.687753458762174, 54.55420194080251, 55.76727306177536, 57.84761979601112, 62.12310789099528, 65.45891080860167, 67.33057672514808, 68.29926430851394, 68.44832579026026, 68.51305515087871, 72.9321138252673, 73.55916439309908, 73.80096186792966, 76.04333504084241, 78.86462159333115, 79.51753118138126, 79.70213596492376, 88.89604674414004, 98.37714612350752, 100.48030924241279, 104.06433630105995, 109.70229231120736, 111.03475110954354, 119.64082879821184, 120.44941432283197]}, "task_id": "seed17_diff8", "truth_difficulty": 8}