{"config": {"engine": "rebound", "instruments": [{"gamma_ms": 0.0, "label": "instA", "sigma_jitter_ms": 0.08847109178339721, "sigma_white_ms": 1.4960657484929525}], "integrator_preference": "whfast", "los_axis": "x", "metadata": {}, "noise": {"gp": {"Q0": 1.0, "dQ": 0.1, "f": 0.5, "period_days": 25.0, "sigma_ms": 0.0, "use_gp": false}, "sigma_jitter_ms": 0.08847109178339721, "sigma_white_ms": 1.4960657484929525}, "planets": [{"Omega_rad": 6.0480537952065605, "P_days": 92.74310403715475, "e": 0.39164525605036005, "inc_rad": 1.4980110612631752, "l_rad": 1.1152407162256726, "m_sin_i_mjup": 0.11620459451066667, "m_true_mjup": null, "omega_rad": 2.1595807063943764}, {"Omega_rad": 3.7893151958436437, "P_days": 188.93024047476015, "e": 0.21348379873048387, "inc_rad": 1.347097989836749, "l_rad": 4.617036097452116, "m_sin_i_mjup": 0.10952239439103598, "m_true_mjup": null, "omega_rad": 0.5377380851797446}, {"Omega_rad": 0.5389049283822946, "P_days": 297.06661130836227, "e": 0.04349561544849201, "inc_rad": 0.28088297125051254, "l_rad": 0.9061017706475201, "m_sin_i_mjup": 0.09058263586617095, "m_true_mjup": null, "omega_rad": 2.126819115806908}], "schedule": {"instruments": ["instA", "instA", "instA", "instA", "instA", "instA", "instA", "instA", "instA", "instA", "instA", "instA", "instA", "instA", "instA", "instA", "instA", "instA", "instA", "instA", "instA", "instA", "instA", "instA", "instA", "instA", "instA", "instA", "instA", "instA", "instA", "instA", "instA", "instA", "instA", "instA", "instA", "instA", "instA", "instA", "instA", "instA"], "times_days": [5.767052391752532, 11.059886301388728, 17.243087009467285, 24.978916977213085, 29.397106754640596, 29.46089582805135, 45.47659415801454, 49.53484087590782, 51.06761282612083, 60.96806474298589, 76.1988244684606, 100.91914872444605, 113.12364082724773, 113.15065646363432, 116.26911003390664, 118.06012317300709, 118.18207644358395, 163.14064515557035, 164.36752043678413, 178.5292512483058, 180.60815703575327, 182.94659171197887, 207.15457284741603, 213.69470716847636, 223.94507415444164, 230.71747626483352, 252.40448238190288, 263.01295744067295, 269.68417162248664, 280.5424752340412, 281.00315036998956, 300.89823509481937, 303.95157530307625, 309.2749822850256, 320.8061649171677, 324.3315460053242, 326.61727472768104, 330.0286557291764, 330.635467294578, 331.7942698861529, 333.113006338038, 338.3942071640219]}, "star": {"M_star_sun": 1.230935772446118, "gamma_ms": 0.0}}, "difficulty_details": {"coverage_inner_periods": 3.5865432608230607, "gp_used": false, "minK_ms": 2.4045428103696946, "n_obs": 42, "n_planets": 3, "raw_score": 8, "resonances_detected": 1, "snr_like": 1.5175051467723102}, "meta": {"noise": {"gp": {"Q0": 1.0, "dQ": 0.1, "f": 0.5, "period_days": 25.0, "sigma_ms": 0.0, "use_gp": false}, "sigma_jitter_ms": 0.08847109178339721, "sigma_white_ms": 1.4960657484929525}, "seed": 28, "source_generated_task_id": "63f57206-5295-5bc2-80d1-f740421b32ab", "source_seed": 28}, "observations": {"instruments": ["instA", "instA", "instA", "instA", "instA", "instA", "instA", "instA", "instA", "instA", "instA", "instA", "instA", "instA", "instA", "instA", "instA", "instA", "instA", "instA", "instA", "instA", "instA", "instA", "instA", "instA", "instA", "instA", "instA", "instA", "instA", "instA", "instA", "instA", "instA", "instA", "instA", "instA", "instA", "instA", "instA", "instA"], "rvs_ms": [9.338628661778678, 8.944989044186405, 8.960006502028346, 2.544642584219167, 3.326236774041641, 5.719591635486765, 5.221961244127594, 6.763528246751788, 2.5996787667764734, 7.2768350645757565, 5.960999502069048, 9.45907563872703, -0.6515688506064783, 1.2179713960363958, -0.5008313947891612, -3.6085573766904426, -2.7296525960752644, -7.281791897843608, -8.6579296764405, -8.659518571520353, -9.497952955930577, -9.173203638579391, -9.498629835888948, -6.671245017244209, -9.312367469877033, -7.514360758053279, -1.533779534569725, 3.723661539786505, 7.202106505631181, 10.35499468748864, 11.299584648062826, 9.938093311389638, 8.799912618083303, 6.992240826773262, 7.958021700162567, 6.9932476326833735, 8.339050927332464, 7.347186362250286, 5.469216916595226, 7.3344886596637675, 7.261090781434493, 8.273875254995742], "sigmas_ms": [1.4960657484929525, 1.4960657484929525, 1.4960657484929525, 1.4960657484929525, 1.4960657484929525, 1.4960657484929525, 1.4960657484929525, 1.4960657484929525, 1.4960657484929525, 1.4960657484929525, 1.4960657484929525, 1.4960657484929525, 1.4960657484929525, 1.4960657484929525, 1.4960657484929525, 1.4960657484929525, 1.4960657484929525, 1.4960657484929525, 1.4960657484929525, 1.4960657484929525, 1.4960657484929525, 1.4960657484929525, 1.4960657484929525, 1.4960657484929525, 1.4960657484929525, 1.4960657484929525, 1.4960657484929525, 1.4960657484929525, 1.4960657484929525, 1.4960657484929525, 1.4960657484929525, 1.4960657484929525, 1.4960657484929525, 1.4960657484929525, 1.4960657484929525, 1.4960657484929525, 1.4960657484929525, 1.4960657484929525, 1.4960657484929525, 1.4960657484929525, 1.4960657484929525, 1.4960657484929525], "times_days": [5.767052391752532, 11.059886301388728, 17.243087009467285, 24.978916977213085, 29.397106754640596, 29.46089582805135, 45.47659415801454, 49.53484087590782, 51.06761282612083, 60.96806474298589, 76.1988244684606, 100.91914872444605, 113.12364082724773, 113.15065646363432, 116.26911003390664, 118.06012317300709, 118.18207644358395, 163.14064515557035, 164.36752043678413, 178.5292512483058, 180.60815703575327, 182.94659171197887, 207.15457284741603, 213.69470716847636, 223.94507415444164, 230.71747626483352, 252.40448238190288, 263.01295744067295, 269.68417162248664, 280.5424752340412, 281.00315036998956, 300.89823509481937, 303.95157530307625, 309.2749822850256, 320.8061649171677, 324.3315460053242, 326.61727472768104, 330.0286557291764, 330.635467294578, 331.7942698861529, 333.113006338038, 338.3942071640219]}, "task_id": "seed28_diff8", "truth_difficulty": 8}