{"config": {"engine": "rebound", "instruments": [{"gamma_ms": 0.0, "label": "instA", "sigma_jitter_ms": 0.41012573048043194, "sigma_white_ms": 2.5130827439982424}], "integrator_preference": "whfast", "los_axis": "x", "metadata": {}, "noise": {"gp": {"Q0": 0.6633662291672646, "dQ": 0.8800279565380471, "f": 0.23966078345624117, "period_days": 11.734999427743226, "sigma_ms": 0.085085921466868, "use_gp": true}, "sigma_jitter_ms": 0.41012573048043194, "sigma_white_ms": 2.5130827439982424}, "planets": [{"Omega_rad": 5.278393114363498, "P_days": 91.79152971379932, "e": 0.49631983969219323, "inc_rad": 0.8924994252348845, "l_rad": 3.3239206892467883, "m_sin_i_mjup": 0.3619756401209847, "m_true_mjup": null, "omega_rad": 4.550053391019335}, {"Omega_rad": 0.3448671836472973, "P_days": 190.99807411758377, "e": 0.07068391686102946, "inc_rad": 1.523867459523675, "l_rad": 4.412740518267341, "m_sin_i_mjup": 0.8474846556526252, "m_true_mjup": null, "omega_rad": 0.7532276824062853}], "schedule": {"instruments": ["instA", "instA", "instA", "instA", "instA", "instA", "instA", "instA", "instA", "instA", "instA", "instA", "instA", "instA", "instA", "instA", "instA", "instA", "instA", "instA", "instA", "instA", "instA", "instA", "instA", "instA", "instA", "instA", "instA", "instA", "instA", "instA", "instA", "instA", "instA", "instA", "instA", "instA", "instA", "instA", "instA", "instA", "instA", "instA", "instA", "instA", "instA", "instA", "instA", "instA", "instA", "instA", "instA", "instA", "instA", "instA"], "times_days": [3.9190983452354415, 10.235779542287903, 12.72903441603541, 13.548089239364776, 15.85146476888049, 30.720049966527817, 34.62133434771739, 35.90674061709901, 36.212527904541126, 44.45360031198067, 50.417567073124275, 58.490681632575864, 60.74040353276636, 91.25709544676562, 92.16486136821791, 98.35239173230883, 103.51643134832025, 106.67461435387179, 107.81669061690059, 108.28229136313912, 117.99739668759143, 121.26008428352611, 126.00548332604782, 135.3762801206708, 143.0750774656524, 147.35416424345613, 151.00972746823825, 152.62831612294087, 152.78058974157003, 171.76532785427102, 181.21279640555966, 181.89872642391748, 193.8647290436865, 199.90637096100284, 202.2198176501692, 202.70186532640724, 202.82707133730605, 204.22586286989818, 204.96927352361456, 208.89397207634107, 209.13851605559526, 216.81072743659735, 220.54229531189412, 224.63172066781314, 225.07340562455508, 229.91763289368672, 234.24751575339525, 234.41698384170365, 236.35713764251415, 242.61590100786637, 249.89208030334206, 252.49477127595907, 277.36260130747627, 278.42237212405144, 281.511130464932, 286.6321617493851]}, "star": {"M_star_sun": 1.0170946871021216, "gamma_ms": 0.0}}, "difficulty_details": {"coverage_inner_periods": 3.079947183423488, "gp_used": true, "minK_ms": 18.575156359645764, "n_obs": 56, "n_planets": 2, "raw_score": 4, "resonances_detected": 0, "snr_like": 6.354372779710301}, "meta": {"noise": {"gp": {"Q0": 0.6633662291672646, "dQ": 0.8800279565380471, "f": 0.23966078345624117, "period_days": 11.734999427743226, "sigma_ms": 0.085085921466868, "use_gp": true}, "sigma_jitter_ms": 0.41012573048043194, "sigma_white_ms": 2.5130827439982424}, "seed": 45, "source_generated_task_id": "6d9b738e-09fc-5fcf-866c-6062303fb275", "source_seed": 45}, "observations": {"instruments": ["instA", "instA", "instA", "instA", "instA", "instA", "instA", "instA", "instA", "instA", "instA", "instA", "instA", "instA", "instA", "instA", "instA", "instA", "instA", "instA", "instA", "instA", "instA", "instA", "instA", "instA", "instA", "instA", "instA", "instA", "instA", "instA", "instA", "instA", "instA", "instA", "instA", "instA", "instA", "instA", "instA", "instA", "instA", "instA", "instA", "instA", "instA", "instA", "instA", "instA", "instA", "instA", "instA", "instA", "instA", "instA"], "rvs_ms": [-19.107584058005557, -39.12360343371474, -46.08693984751904, -52.00104458865598, -58.447039092699576, -33.73634616418273, -15.793604037439952, -20.47360169477957, -17.08365289649086, 0.5588884013634616, -4.930947266786998, 7.279599849560826, 12.137678911924082, 25.014923281019993, 25.727666860978637, 21.575806068126894, 10.902350174973915, -3.313861105024016, -10.199074123419836, -5.726600946082034, 4.9176275868276775, 16.11287771277673, 20.82630514050953, 24.89085687024753, 15.545520203917382, 15.17008696433214, 15.037980599431084, 13.237395915547634, 13.730284278140278, 2.088333872737426, -11.478134360429376, -13.232329172124818, -34.42436565197044, -55.58082002620161, -57.13776730772923, -54.92943989524038, -56.94201632316105, -56.09297574572552, -54.04635581151617, -37.673665760891225, -41.32347341976503, -21.589233044743683, -18.68350077888975, -11.286622197278108, -15.287462775482261, -13.664901328881456, -4.288051988785318, -3.9855341473316668, -4.82877182164324, 4.372536158678889, 9.35796022507362, 12.614945196198878, 25.40032366647171, 21.516138384452596, 16.107458645199387, 4.78060711535469], "sigmas_ms": [2.5130827439982424, 2.5130827439982424, 2.5130827439982424, 2.5130827439982424, 2.5130827439982424, 2.5130827439982424, 2.5130827439982424, 2.5130827439982424, 2.5130827439982424, 2.5130827439982424, 2.5130827439982424, 2.5130827439982424, 2.5130827439982424, 2.5130827439982424, 2.5130827439982424, 2.5130827439982424, 2.5130827439982424, 2.5130827439982424, 2.5130827439982424, 2.5130827439982424, 2.5130827439982424, 2.5130827439982424, 2.5130827439982424, 2.5130827439982424, 2.5130827439982424, 2.5130827439982424, 2.5130827439982424, 2.5130827439982424, 2.5130827439982424, 2.5130827439982424, 2.5130827439982424, 2.5130827439982424, 2.5130827439982424, 2.5130827439982424, 2.5130827439982424, 2.5130827439982424, 2.5130827439982424, 2.5130827439982424, 2.5130827439982424, 2.5130827439982424, 2.5130827439982424, 2.5130827439982424, 2.5130827439982424, 2.5130827439982424, 2.5130827439982424, 2.5130827439982424, 2.5130827439982424, 2.5130827439982424, 2.5130827439982424, 2.5130827439982424, 2.5130827439982424, 2.5130827439982424, 2.5130827439982424, 2.5130827439982424, 2.5130827439982424, 2.5130827439982424], "times_days": [3.9190983452354415, 10.235779542287903, 12.72903441603541, 13.548089239364776, 15.85146476888049, 30.720049966527817, 34.62133434771739, 35.90674061709901, 36.212527904541126, 44.45360031198067, 50.417567073124275, 58.490681632575864, 60.74040353276636, 91.25709544676562, 92.16486136821791, 98.35239173230883, 103.51643134832025, 106.67461435387179, 107.81669061690059, 108.28229136313912, 117.99739668759143, 121.26008428352611, 126.00548332604782, 135.3762801206708, 143.0750774656524, 147.35416424345613, 151.00972746823825, 152.62831612294087, 152.78058974157003, 171.76532785427102, 181.21279640555966, 181.89872642391748, 193.8647290436865, 199.90637096100284, 202.2198176501692, 202.70186532640724, 202.82707133730605, 204.22586286989818, 204.96927352361456, 208.89397207634107, 209.13851605559526, 216.81072743659735, 220.54229531189412, 224.63172066781314, 225.07340562455508, 229.91763289368672, 234.24751575339525, 234.41698384170365, 236.35713764251415, 242.61590100786637, 249.89208030334206, 252.49477127595907, 277.36260130747627, 278.42237212405144, 281.511130464932, 286.6321617493851]}, "task_id": "seed45_diff4", "truth_difficulty": 4}