{"config": {"engine": "rebound", "instruments": [{"gamma_ms": 0.0, "label": "instA", "sigma_jitter_ms": 0.8072424853376774, "sigma_white_ms": 1.1849205845401873}], "integrator_preference": "whfast", "los_axis": "x", "metadata": {}, "noise": {"gp": {"Q0": 5.506090661175606, "dQ": 0.15734038813003642, "f": 0.8858935016683613, "period_days": 28.922421283494344, "sigma_ms": 0.3214612004891731, "use_gp": true}, "sigma_jitter_ms": 0.8072424853376774, "sigma_white_ms": 1.1849205845401873}, "planets": [{"Omega_rad": 2.5321778570868, "P_days": 7.1734833510396605, "e": 0.1461745727788117, "inc_rad": 0.7242573214738026, "l_rad": 1.3295705573681214, "m_sin_i_mjup": 0.06975084394797985, "m_true_mjup": null, "omega_rad": 6.229194905788298}, {"Omega_rad": 0.3427136393232112, "P_days": 11.692384813469458, "e": 0.6838689244690183, "inc_rad": 1.3373412796988084, "l_rad": 2.262771696818302, "m_sin_i_mjup": 0.06621420447720865, "m_true_mjup": null, "omega_rad": 0.5971931101869277}, {"Omega_rad": 5.367904513076358, "P_days": 135.15748078206357, "e": 0.1856394235803678, "inc_rad": 0.8724329430487364, "l_rad": 4.717194206761156, "m_sin_i_mjup": 0.015281031056710892, "m_true_mjup": null, "omega_rad": 0.21058801355096882}], "schedule": {"instruments": ["instA", "instA", "instA", "instA", "instA", "instA", "instA", "instA", "instA", "instA", "instA", "instA", "instA", "instA", "instA", "instA", "instA", "instA", "instA", "instA", "instA", "instA", "instA", "instA", "instA", "instA", "instA", "instA", "instA", "instA", "instA", "instA", "instA", "instA", "instA", "instA", "instA", "instA", "instA", "instA", "instA", "instA", "instA", "instA", "instA", "instA", "instA", "instA", "instA", "instA", "instA", "instA", "instA", "instA", "instA", "instA", "instA", "instA", "instA", "instA", "instA", "instA", "instA", "instA", "instA", "instA", "instA", "instA", "instA", "instA", "instA", "instA"], "times_days": [0.6262068504033149, 0.837070333553165, 0.9340319886995355, 1.5200556607845055, 1.5753013645033132, 2.2541906308292865, 2.521905265995032, 2.5659959554243876, 2.6487617169652093, 3.1080657786690065, 3.8316972784592305, 4.286322901001449, 4.7351286717668035, 5.897113567265439, 6.039249948333464, 6.203964034831478, 6.447021427560268, 6.945301974252107, 7.1037735615941235, 8.558934827564173, 8.559374580952511, 8.646828005765544, 8.653757696186883, 9.56704421317113, 9.898252010309276, 9.93845922511492, 10.036189203336061, 10.414023859707934, 11.231100382754104, 11.439190665277032, 11.69860556011476, 11.709498149411981, 11.754076964827574, 11.8643472397664, 12.014573019444699, 12.234484888515812, 13.113004129371115, 13.540886694357324, 13.673838499944678, 13.706485789873373, 14.685380939527548, 15.014583438560484, 15.419706814853294, 15.496289655254861, 15.665880281771857, 16.169184765674377, 16.85328510007336, 17.249002206261515, 17.735894669489454, 17.9182401001962, 19.677748174743076, 20.141376025585856, 20.41781918616623, 20.504002157711458, 20.60696764607939, 20.873005260998212, 20.92241724364174, 21.910048633114165, 22.04292146525317, 22.397894980931014, 22.454098336039873, 22.8122445131214, 23.808546568983278, 23.867279107226196, 24.93942696238638, 25.338849426716624, 26.287669414372438, 26.99088523701223, 27.161239864814373, 27.37673684036661, 27.628672723304167, 27.859921513190503]}, "star": {"M_star_sun": 0.884283016473244, "gamma_ms": 0.0}}, "difficulty_details": {"coverage_inner_periods": 3.7964421648570745, "gp_used": true, "minK_ms": 0.668515763609297, "n_obs": 72, "n_planets": 3, "raw_score": 9, "resonances_detected": 1, "snr_like": 0.33557281214448087}, "meta": {"noise": {"gp": {"Q0": 5.506090661175606, "dQ": 0.15734038813003642, "f": 0.8858935016683613, "period_days": 28.922421283494344, "sigma_ms": 0.3214612004891731, "use_gp": true}, "sigma_jitter_ms": 0.8072424853376774, "sigma_white_ms": 1.1849205845401873}, "seed": 51, "source_generated_task_id": "283c5b3c-bd2d-5875-8a7c-4fc938ed4a42", "source_seed": 51}, "observations": {"instruments": ["instA", "instA", "instA", "instA", "instA", "instA", "instA", "instA", "instA", "instA", "instA", "instA", "instA", "instA", "instA", "instA", "instA", "instA", "instA", "instA", "instA", "instA", "instA", "instA", "instA", "instA", "instA", "instA", "instA", "instA", "instA", "instA", "instA", "instA", "instA", "instA", "instA", "instA", "instA", "instA", "instA", "instA", "instA", "instA", "instA", "instA", "instA", "instA", "instA", "instA", "instA", "instA", "instA", "instA", "instA", "instA", "instA", "instA", "instA", "instA", "instA", "instA", "instA", "instA", "instA", "instA", "instA", "instA", "instA", "instA", "instA", "instA"], "rvs_ms": [8.086628437896524, 8.027852165603097, 9.815814427326448, 0.7902034304685681, 2.410062763415289, -2.992051308113711, -2.6495965793963534, -6.849924334130691, -9.069699213391708, -6.526855570929654, -16.74805063259459, -14.99106623212403, -11.91150027486378, 0.07547947507970143, 2.1458879941277433, 0.32816496931718087, 2.8006996942197553, 4.621892843395, 4.413919994556114, 10.37063662247185, 6.078658849748864, 12.1804645350812, 9.225475120015105, 2.2555885361912953, 0.535218355956129, -1.6669651317177614, 1.4498559377772153, -1.315389936010424, -10.300825479508445, -12.093747637960895, -7.032700052998762, -9.89136313151709, -9.969128820645246, -8.012255289736952, -9.625875900124427, -3.304900786599629, 6.506703908764207, 5.68251012234188, 10.74640490348924, 5.544182356776236, 11.452677345103188, 7.501453520044854, 6.588615671718906, 5.7269488720160115, 1.7425881487938235, -0.0671254126714581, -7.8811986154886355, -12.962129506397183, -13.579033293771392, -14.256271871590524, -9.00435979261477, 4.141033253899038, 11.873677302030492, 13.929550176117626, 17.718667119530252, 19.563715209314395, 22.64768017500696, 17.519197921374513, 14.132930121906588, 12.561356205366991, 11.793315784078315, 10.043508794912906, -3.0546782021556096, 0.8645475121528373, -10.002944771115624, -13.820513956065424, -8.098366373450265, -4.232255467446029, -4.404173903060316, 1.8845144492380628, 4.396128272213228, 5.3232715622046625], "sigmas_ms": [1.1849205845401873, 1.1849205845401873, 1.1849205845401873, 1.1849205845401873, 1.1849205845401873, 1.1849205845401873, 1.1849205845401873, 1.1849205845401873, 1.1849205845401873, 1.1849205845401873, 1.1849205845401873, 1.1849205845401873, 1.1849205845401873, 1.1849205845401873, 1.1849205845401873, 1.1849205845401873, 1.1849205845401873, 1.1849205845401873, 1.1849205845401873, 1.1849205845401873, 1.1849205845401873, 1.1849205845401873, 1.1849205845401873, 1.1849205845401873, 1.1849205845401873, 1.1849205845401873, 1.1849205845401873, 1.1849205845401873, 1.1849205845401873, 1.1849205845401873, 1.1849205845401873, 1.1849205845401873, 1.1849205845401873, 1.1849205845401873, 1.1849205845401873, 1.1849205845401873, 1.1849205845401873, 1.1849205845401873, 1.1849205845401873, 1.1849205845401873, 1.1849205845401873, 1.1849205845401873, 1.1849205845401873, 1.1849205845401873, 1.1849205845401873, 1.1849205845401873, 1.1849205845401873, 1.1849205845401873, 1.1849205845401873, 1.1849205845401873, 1.1849205845401873, 1.1849205845401873, 1.1849205845401873, 1.1849205845401873, 1.1849205845401873, 1.1849205845401873, 1.1849205845401873, 1.1849205845401873, 1.1849205845401873, 1.1849205845401873, 1.1849205845401873, 1.1849205845401873, 1.1849205845401873, 1.1849205845401873, 1.1849205845401873, 1.1849205845401873, 1.1849205845401873, 1.1849205845401873, 1.1849205845401873, 1.1849205845401873, 1.1849205845401873, 1.1849205845401873],