{"config": {"engine": "rebound", "instruments": [{"gamma_ms": 0.0, "label": "instA", "sigma_jitter_ms": 0.9169181590025942, "sigma_white_ms": 1.0260906780983876}], "integrator_preference": "whfast", "los_axis": "x", "metadata": {}, "noise": {"gp": {"Q0": 5.206232375537884, "dQ": 0.435575019204884, "f": 0.8174718421021714, "period_days": 14.033577891680716, "sigma_ms": 0.16883680865237727, "use_gp": true}, "sigma_jitter_ms": 0.9169181590025942, "sigma_white_ms": 1.0260906780983876}, "planets": [{"Omega_rad": 2.409337496974603, "P_days": 85.41834250077302, "e": 0.23517722589305295, "inc_rad": 1.3531052770673027, "l_rad": 1.9320870445632672, "m_sin_i_mjup": 0.29521535997469983, "m_true_mjup": null, "omega_rad": 2.612635668370018}, {"Omega_rad": 5.250563933252796, "P_days": 139.21005159801578, "e": 0.32251923948441014, "inc_rad": 0.692908366711426, "l_rad": 1.6072837406402882, "m_sin_i_mjup": 0.05113340348460555, "m_true_mjup": null, "omega_rad": 2.186133496793591}], "schedule": {"instruments": ["instA", "instA", "instA", "instA", "instA", "instA", "instA", "instA", "instA", "instA", "instA", "instA", "instA", "instA", "instA", "instA", "instA", "instA", "instA", "instA", "instA", "instA", "instA", "instA", "instA", "instA", "instA", "instA", "instA", "instA", "instA", "instA", "instA", "instA", "instA", "instA", "instA", "instA", "instA", "instA", "instA", "instA", "instA", "instA", "instA", "instA", "instA", "instA", "instA", "instA", "instA", "instA", "instA", "instA"], "times_days": [35.81206189838369, 36.27614768033154, 63.317808983862264, 63.908501695031866, 65.65416690160234, 66.66743650255658, 67.30558087585236, 75.69485105229738, 83.6976519269948, 83.70578468376556, 88.33999354320115, 90.99142693998088, 92.08170369691487, 95.1421353221009, 97.73878742956283, 102.53083626635993, 102.95571667657607, 104.25695345561778, 104.854958674313, 108.40230565306585, 113.46748452488899, 116.94436538189368, 123.04178955509482, 125.89980137381846, 138.1220762689, 159.13144407928226, 161.88560637729165, 173.67143224481322, 177.42215337901357, 178.09813275848086, 179.47792272780202, 191.98247512315808, 192.7334693112916, 203.31133347278725, 207.38699719841892, 216.88967319648782, 217.51141016637283, 220.0435991154956, 221.71903833274962, 223.68443087808745, 227.66749238043323, 235.52270989283642, 237.9890349507682, 245.68715745007498, 247.27473116215808, 248.49335193282332, 252.25145966774332, 261.56176258159127, 262.4334764275637, 265.3802079971827, 266.37559412019976, 276.612631525445, 291.1493844897093, 295.06238062106615]}, "star": {"M_star_sun": 1.240122197639101, "gamma_ms": 0.0}}, "difficulty_details": {"coverage_inner_periods": 3.035066136062477, "gp_used": true, "minK_ms": 1.8352980295834405, "n_obs": 54, "n_planets": 2, "raw_score": 8, "resonances_detected": 1, "snr_like": 0.9445649420317365}, "meta": {"noise": {"gp": {"Q0": 5.206232375537884, "dQ": 0.435575019204884, "f": 0.8174718421021714, "period_days": 14.033577891680716, "sigma_ms": 0.16883680865237727, "use_gp": true}, "sigma_jitter_ms": 0.9169181590025942, "sigma_white_ms": 1.0260906780983876}, "seed": 84, "source_generated_task_id": "deea3c0b-8206-51ba-8cb9-ea3fb1a8a2f3", "source_seed": 84}, "observations": {"instruments": ["instA", "instA", "instA", "instA", "instA", "instA", "instA", "instA", "instA", "instA", "instA", "instA", "instA", "instA", "instA", "instA", "instA", "instA", "instA", "instA", "instA", "instA", "instA", "instA", "instA", "instA", "instA", "instA", "instA", "instA", "instA", "instA", "instA", "instA", "instA", "instA", "instA", "instA", "instA", "instA", "instA", "instA", "instA", "instA", "instA", "instA", "instA", "instA", "instA", "instA", "instA", "instA", "instA", "instA"], "rvs_ms": [-11.620957893511555, -12.347469676717928, 1.722540972041732, 2.0501292543168588, 1.0079017939549748, 3.420327644980183, 2.99936449707534, 10.024888601887193, 13.234970117353203, 12.149831437827752, 10.005811882858092, 7.483579418285478, 7.487334288073548, 5.439136147652704, 0.5873867962062232, -5.5788427399924645, -7.065931614252335, -4.259996753598825, -6.600755070976516, -10.686352675119236, -7.238280728875798, -11.874987332547006, -8.452928312504307, -8.286890556325266, -0.6369930256150595, 8.734165303031718, 12.528275455162326, 10.226063058828492, 7.254870695398259, 5.9046382288013755, 5.208106925264111, -10.665816971594062, -7.166756675478224, -15.39488918151965, -11.367299457266288, -10.759349147092479, -5.896801720237909, -8.365829950624518, -6.407204224436103, -3.812888007647521, -1.6054142163032432, 4.473850879923146, 3.508822056630534, 10.889184567947229, 10.273048749076647, 11.739662793348153, 11.588978193095649, 12.531410132031601, 11.42036415943156, 6.820413154230892, 6.812242501430189, -3.180823442927852, -6.3746047433623625, -5.42683303885634], "sigmas_ms": [1.0260906780983876, 1.0260906780983876, 1.0260906780983876, 1.0260906780983876, 1.0260906780983876, 1.0260906780983876, 1.0260906780983876, 1.0260906780983876, 1.0260906780983876, 1.0260906780983876, 1.0260906780983876, 1.0260906780983876, 1.0260906780983876, 1.0260906780983876, 1.0260906780983876, 1.0260906780983876, 1.0260906780983876, 1.0260906780983876, 1.0260906780983876, 1.0260906780983876, 1.0260906780983876, 1.0260906780983876, 1.0260906780983876, 1.0260906780983876, 1.0260906780983876, 1.0260906780983876, 1.0260906780983876, 1.0260906780983876, 1.0260906780983876, 1.0260906780983876, 1.0260906780983876, 1.0260906780983876, 1.0260906780983876, 1.0260906780983876, 1.0260906780983876, 1.0260906780983876, 1.0260906780983876, 1.0260906780983876, 1.0260906780983876, 1.0260906780983876, 1.0260906780983876, 1.0260906780983876, 1.0260906780983876, 1.0260906780983876, 1.0260906780983876, 1.0260906780983876, 1.0260906780983876, 1.0260906780983876, 1.0260906780983876, 1.0260906780983876, 1.0260906780983876, 1.0260906780983876, 1.0260906780983876, 1.0260906780983876], "times_days": [35.81206189838369, 36.27614768033154, 63.317808983862264, 63.908501695031866, 65.65416690160234, 66.66743650255658, 67.30558087585236, 75.69485105229738, 83.6976519269948, 83.70578468376556, 88.33999354320115, 90.99142693998088, 92.08170369691487, 95.1421353221009, 97.73878742956283, 102.53083626635993, 102.95571667657607, 104.25695345561778, 104.854958674313, 108.40230565306585, 113.46748452488899, 116.94436538189368, 123.04178955509482, 125.89980137381846, 138.1220762689, 159.13144407928226, 161.88560637729165, 173.67143224481322, 177.42215337901357, 178.09813275848086, 179.47792272780202, 191.98247512315808, 192.7334693112916, 203.31133347278725, 207.38699719841892, 216.88967319648782, 217.51141016637283, 220.0435991154956, 221.71903833274962, 223.68443087808745, 227.66749238043323, 235.52270989283642, 237.9890349507682, 245.68715745007498, 247.27473116215808, 248.49335193282332, 252.25145966774332, 261.56176258159127, 262.4334764275637, 265.3802079971827, 266.37559412019976, 276.612631525445, 291.1493844897093, 295.06238062106615]}, "task_id": "seed84_diff8", "truth_difficulty": 8}