{"config": {"engine": "rebound", "instruments": [{"gamma_ms": 0.0, "label": "instA", "sigma_jitter_ms": 0.4049561909323746, "sigma_white_ms": 0.9933351718583764}], "integrator_preference": "whfast", "los_axis": "x", "metadata": {}, "noise": {"gp": {"Q0": 1.605344509594275, "dQ": 0.055633023088917884, "f": 0.42260907455919394, "period_days": 20.567982508007738, "sigma_ms": 1.1574729492811877, "use_gp": true}, "sigma_jitter_ms": 0.4049561909323746, "sigma_white_ms": 0.9933351718583764}, "planets": [{"Omega_rad": 5.6079214382609175, "P_days": 77.98518796138735, "e": 0.3875623351061484, "inc_rad": 0.3270233981384915, "l_rad": 5.778356887294185, "m_sin_i_mjup": 0.36013846369685487, "m_true_mjup": null, "omega_rad": 1.5782996956090434}, {"Omega_rad": 2.0580076547952864, "P_days": 130.85074276565857, "e": 0.3288415226307853, "inc_rad": 0.7341156328649566, "l_rad": 2.4180926938489633, "m_sin_i_mjup": 0.020022980734208735, "m_true_mjup": null, "omega_rad": 2.2548717272409817}], "schedule": {"instruments": ["instA", "instA", "instA", "instA", "instA", "instA", "instA", "instA", "instA", "instA", "instA", "instA", "instA", "instA", "instA", "instA", "instA", "instA", "instA", "instA", "instA", "instA", "instA", "instA", "instA", "instA", "instA", "instA", "instA", "instA", "instA", "instA", "instA", "instA", "instA", "instA", "instA", "instA", "instA", "instA", "instA", "instA", "instA", "instA", "instA", "instA", "instA", "instA", "instA", "instA", "instA", "instA", "instA", "instA", "instA", "instA", "instA", "instA", "instA", "instA", "instA", "instA"], "times_days": [3.513117796539276, 4.8321721815109955, 6.9635089206262295, 17.185566340264533, 20.305145383147913, 24.577592727819486, 24.874860928724537, 27.429743715544344, 37.05404438045344, 37.84128807748918, 39.85703063451296, 43.57758372142113, 46.94109385516285, 61.18676545387539, 61.73714183266685, 65.25712284248031, 72.71378868123605, 73.01859073455496, 73.21321457882726, 74.86591409445695, 75.20474348768701, 80.5015111073577, 80.68806707479256, 86.16160532239246, 88.20209243303951, 94.5866821238165, 99.11137643894504, 101.19752110347498, 106.85411880111074, 111.97282876896413, 117.83997872079155, 121.41366363044527, 121.61094147621446, 129.15891050278083, 129.1841549275985, 132.73569063939215, 136.135194934978, 150.86186513611676, 162.47288653112906, 162.53620448887273, 179.69049776373913, 182.4688060639686, 183.98872499448555, 186.04081161953832, 189.23137429181142, 191.27029888267967, 191.35770575761268, 194.05423916845191, 195.14642100861624, 197.2982424091021, 208.57607375028206, 209.58351267530333, 219.36077297839628, 219.66326575016362, 219.95526057950022, 221.47605232261517, 222.73015378279138, 223.57961111273792, 226.02756605930148, 229.42653985777832, 229.61343263533942, 232.74916499579854]}, "star": {"M_star_sun": 1.1619633037947914, "gamma_ms": 0.0}}, "difficulty_details": {"coverage_inner_periods": 2.939481883569486, "gp_used": true, "minK_ms": 0.7679692323134247, "n_obs": 62, "n_planets": 2, "raw_score": 11, "resonances_detected": 1, "snr_like": 0.5492197497241842}, "meta": {"noise": {"gp": {"Q0": 1.605344509594275, "dQ": 0.055633023088917884, "f": 0.42260907455919394, "period_days": 20.567982508007738, "sigma_ms": 1.1574729492811877, "use_gp": true}, "sigma_jitter_ms": 0.4049561909323746, "sigma_white_ms": 0.9933351718583764}, "seed": 89, "source_generated_task_id": "d9182a9a-9f5d-518d-a5d2-ce847bac6c10", "source_seed": 89}, "observations": {"instruments": ["instA", "instA", "instA", "instA", "instA", "instA", "instA", "instA", "instA", "instA", "instA", "instA", "instA", "instA", "instA", "instA", "instA", "instA", "instA", "instA", "instA", "instA", "instA", "instA", "instA", "instA", "instA", "instA", "instA", "instA", "instA", "instA", "instA", "instA", "instA", "instA", "instA", "instA", "instA", "instA", "instA", "instA", "instA", "instA", "instA", "instA", "instA", "instA", "instA", "instA", "instA", "instA", "instA", "instA", "instA", "instA", "instA", "instA", "instA", "instA", "instA", "instA"], "rvs_ms": [-20.167258376022165, -19.18424606413759, -13.986393762368882, 30.980985794746584, 48.91267576708463, 69.54557652871557, 67.70301625723475, 65.86973957347593, 14.318848555733041, 6.871988748397622, -4.5411308983957746, -15.153657216480918, -18.042967863995994, -33.46829850087861, -33.104324439345035, -32.92567486616601, -28.54015810596238, -30.736284571719228, -29.757598437581166, -30.164427631601683, -29.121336715804475, -20.165961267004043, -19.55480537186759, -4.15592483623222, -1.476533484626692, 22.37002740726406, 56.22989957086223, 64.97524555075735, 59.48392006129204, 28.943712467632665, 2.5864282691640774, -10.073576444091863, -7.3385026341832695, -22.33237835854373, -22.262802620251296, -27.67556206321458, -29.14519442900194, -28.69258414552314, -14.352318913884462, -12.328777246698955, 66.87882672124836, 68.75480310193561, 66.635613905668, 54.61649139551419, 32.91715386080059, 22.924480184784624, 21.20742614721533, 11.3145765386713, 5.859046742101119, 0.053759041236213, -25.936848006276087, -28.683408865139153, -31.53701328143088, -30.096924788228794, -29.979920813963854, -29.85066141714804, -32.76880538849142, -34.25858959145326, -26.77954355479068, -28.79960865081256, -29.364448021708654, -28.00425958846897], "sigmas_ms": [0.9933351718583764, 0.9933351718583764, 0.9933351718583764, 0.9933351718583764, 0.9933351718583764, 0.9933351718583764, 0.9933351718583764, 0.9933351718583764, 0.9933351718583764, 0.9933351718583764, 0.9933351718583764, 0.9933351718583764, 0.9933351718583764, 0.9933351718583764, 0.9933351718583764, 0.9933351718583764, 0.9933351718583764, 0.9933351718583764, 0.9933351718583764, 0.9933351718583764, 0.9933351718583764, 0.9933351718583764, 0.9933351718583764, 0.9933351718583764, 0.9933351718583764, 0.9933351718583764, 0.9933351718583764, 0.9933351718583764, 0.9933351718583764, 0.9933351718583764, 0.9933351718583764, 0.9933351718583764, 0.9933351718583764, 0.9933351718583764, 0.9933351718583764, 0.9933351718583764, 0.9933351718583764, 0.9933351718583764, 0.9933351718583764, 0.9933351718583764, 0.9933351718583764, 0.9933351718583764, 0.9933351718583764, 0.9933351718583764, 0.9933351718583764, 0.9933351718583764, 0.9933351718583764, 0.9933351718583764, 0.9933351718583764, 0.9933351718583764, 0.9933351718583764, 0.9933351718583764, 0.9933351718583764, 0.9933351718583764, 0.9933351718583764, 0.9933351718583764, 0.9933351718583764, 0.9933351718583764, 0.9933351718583764, 0.9933351718583764, 0.9933351718583764, 0.9933351718583764], "times_days": [3.513117796539276, 4.8321721815109955, 6.9635089206262295, 17.185566340264533, 20.305145383147913, 24.577592727819486, 24.874860928724537, 27.429743715544344, 37.05404438045344, 37.84128807748918, 39.85703063451296, 43.57758372142113, 46.94109385516285, 61.18676545387539, 61.73714183266685, 65.25712284248031, 72.71378868123605, 73.01859073455496, 73.21321457882726, 74.86591409445695, 75.20474348768701, 80.5015111073577, 80.68806707479256, 86.16160532239246, 88.20209243303951, 94.5866821238165, 99.11137643894504, 101.19752110347498, 106.85411880111074, 111.97282876896413, 117.83997872079155, 121.41366363044527, 121.61094147621446, 129.15891050278083, 129.1841549275985, 132.73569063939215, 136.135194934978, 150.86186513611676, 162.47288653112906, 162.53620448887273, 179.69049776373913, 182.4688060639686, 183.98872499448555, 186.04081161953832, 189.23137429181142, 191.27029888267967, 191.35770575761268, 194.05423916845191, 195.14642100861624, 197.2982424091021, 208.57607375028206, 209.58351267530333, 219.36077297839628, 219.66326575016362, 219.95526057950022, 221.47605232261517, 222.73015378279138, 223.57961111273792, 226.02756605930148, 229.42653985777832, 229.61343263533942, 232.74916499579854]}, "task_id": "seed89_diff10", "truth_difficulty": 10}