{"config": {"engine": "rebound", "instruments": [{"gamma_ms": 0.0, "label": "instA", "sigma_jitter_ms": 0.2645143234570281, "sigma_white_ms": 0.710026542162969}], "integrator_preference": "whfast", "los_axis": "x", "metadata": {}, "noise": {"gp": {"Q0": 1.0, "dQ": 0.1, "f": 0.5, "period_days": 25.0, "sigma_ms": 0.0, "use_gp": false}, "sigma_jitter_ms": 0.2645143234570281, "sigma_white_ms": 0.710026542162969}, "planets": [{"Omega_rad": 5.923935354130262, "P_days": 8.227823113521822, "e": 0.2380259638346572, "inc_rad": 1.1759806463324751, "l_rad": 0.06278085638398682, "m_sin_i_mjup": 0.18856188737954052, "m_true_mjup": null, "omega_rad": 1.6583337151630537}], "schedule": {"instruments": ["instA", "instA", "instA", "instA", "instA", "instA", "instA", "instA", "instA", "instA", "instA", "instA", "instA", "instA", "instA", "instA", "instA", "instA", "instA", "instA", "instA", "instA", "instA", "instA", "instA", "instA", "instA", "instA", "instA", "instA", "instA", "instA", "instA", "instA", "instA", "instA", "instA", "instA", "instA", "instA", "instA", "instA", "instA", "instA", "instA", "instA", "instA", "instA", "instA", "instA", "instA", "instA", "instA", "instA", "instA", "instA", "instA", "instA", "instA", "instA", "instA", "instA", "instA", "instA", "instA", "instA", "instA", "instA", "instA", "instA", "instA", "instA", "instA", "instA", "instA", "instA", "instA", "instA", "instA", "instA"], "times_days": [0.1710614838919428, 0.5889873014194308, 1.117283453772308, 1.4907909377117927, 1.6241779454121639, 1.825348354778962, 1.86538033423657, 1.9555282319434546, 2.014416635347351, 2.145915468875633, 2.5898274788901783, 2.7394454985190086, 2.963834299631937, 3.230375128711438, 3.356061089606107, 3.373753014774399, 3.876387369815003, 3.995067994809915, 4.210871861464474, 4.242349126320146, 4.351781941391505, 4.499304974833173, 4.518527500943526, 4.552531195032743, 4.832550808927006, 5.0139879297245065, 5.166062088974842, 5.196281299241893, 5.310537626457864, 5.789513936536896, 5.799335738161766, 5.838643674781238, 6.0375102531011535, 6.246803426411017, 6.267078525001215, 6.585020310985705, 6.592720944666186, 7.276258176081226, 7.585784096511574, 7.833331572591353, 8.29464149030424, 8.428094551567307, 9.627962361186613, 9.675203888958652, 9.708458545516637, 10.009357625453084, 10.348031102050008, 10.40034442437246, 10.809460542851443, 10.917913367791233, 11.124580167703996, 11.28877099935198, 11.315931228154295, 11.381955725457647, 11.554772570992096, 11.574934482869468, 12.169421877665172, 12.427898033765219, 12.560385951838029, 12.819984988715154, 13.042519685765964, 13.122098840253612, 13.634872887463942, 13.727213866137296, 13.997993064976296, 14.061576645858919, 14.358845478179822, 14.36297875524293, 14.747547726982647, 15.297135308936321, 15.584982038825379, 15.794904768433875, 15.907539348013767, 16.141181094432092, 16.151041702777047, 16.38858423878946, 16.506877978411655, 16.584733677211098, 16.645464268370457, 16.819602670310097]}, "star": {"M_star_sun": 0.9745319484749764, "gamma_ms": 0.0}}, "difficulty_details": {"coverage_inner_periods": 2.0234442278003644, "gp_used": false, "minK_ms": 19.88433858753293, "n_obs": 80, "n_planets": 1, "raw_score": 2, "resonances_detected": 0, "snr_like": 20.403801717317037}, "meta": {"noise": {"gp": {"Q0": 1.0, "dQ": 0.1, "f": 0.5, "period_days": 25.0, "sigma_ms": 0.0, "use_gp": false}, "sigma_jitter_ms": 0.2645143234570281, "sigma_white_ms": 0.710026542162969}, "seed": 1665, "source_generated_task_id": "d09d4331-6863-5cec-80fd-8bfe1ecdfd83", "source_seed": 1665}, "observations": {"instruments": ["instA", "instA", "instA", "instA", "instA", "instA", "instA", "instA", "instA", "instA", "instA", "instA", "instA", "instA", "instA", "instA", "instA", "instA", "instA", "instA", "instA", "instA", "instA", "instA", "instA", "instA", "instA", "instA", "instA", "instA", "instA", "instA", "instA", "instA", "instA", "instA", "instA", "instA", "instA", "instA", "instA", "instA", "instA", "instA", "instA", "instA", "instA", "instA", "instA", "instA", "instA", "instA", "instA", "instA", "instA", "instA", "instA", "instA", "instA", "instA", "instA", "instA", "instA", "instA", "instA", "instA", "instA", "instA", "instA", "instA", "instA", "instA", "instA", "instA", "instA", "instA", "instA", "instA", "instA", "instA"], "rvs_ms": [0.9250980790225183, 5.683281243059111, 13.875004756038953, 18.657396421126087, 22.76541321271142, 21.744700196666937, 21.565694546182172, 23.61196601953544, 23.693032098294683, 21.127043528773058, 18.23255809227713, 16.22049136453766, 11.086188926433666, 7.376979247097415, 5.6141372286178655, 4.588635669231158, -3.6415954880065837, -5.351615481644515, -7.460391336907206, -8.28854676273238, -7.3407739977424376, -10.636406998543606, -8.39522856567342, -9.902947240253999, -9.99102574721893, -12.061147560757936, -12.446748883622657, -13.002070606908308, -13.103033359561032, -13.506244128931606, -13.739757497464723, -15.264256578393631, -14.204160883749687, -14.006771267206458, -15.547290276632959, -13.385786605165825, -12.892325324721181, -10.330485712641652, -8.191603528697607, -5.938182703889021, -1.8917985256995529, 0.15378372586044642, 18.961063644643282, 19.63166387758687, 20.859657888851967, 23.181579336654377, 21.912692328842017, 21.723069151580898, 17.208176590350593, 17.717794739490127, 11.819988427841054, 9.420298544508595, 9.950745835872299, 7.048607742898501, 5.902514030717686, 4.053311221105527, -3.518826952679986, -7.191128758587106, -8.244884454326339, -11.060827792610862, -11.573482565908266, -12.46745721327902, -13.207751103036596, -14.774117879483747, -15.154439950910726, -15.562171283947787, -14.287355972152513, -13.533934664588035, -13.316050164932044, -11.330479541802596, -10.6895184209943, -8.231997705844384, -6.9166597647462815, -4.989657670973291, -4.176851539071848, -2.226562532080796, -1.4636441552497803, 0.9216482391626315, -0.278993540480462, 2.373435522242482], "sigmas_ms": [0.710026542162969, 0.710026542162969, 0.710026542162969, 0.710026542162969, 0.710026542162969, 0.710026542162969, 0.710026542162969, 0.710026542162969, 0.710026542162969, 0.710026542162969, 0.710026542162969, 0.710026542162969, 0.710026542162969, 0.710026542162969, 0.710026542162969, 0.710026542162969, 0.710026542162969, 0.710026542162969, 0.710026542162969, 0.710026542162969, 0.710026542162969, 0.710026542162969, 0.710026542162969, 0.710026542162969, 0.710026542162969, 0.710026542162969, 0.710026542162969, 0.710026542162969, 0.710026542162969, 0.710026542162969, 0.710026542162969, 0.710026542162969, 0.710026542162969, 0.710026542162969, 0.710026542162969, 0.710026542162969, 0.710026542162969, 0.710026542162969, 0.710026542162969, 0.710026542162969, 0.710026542162969, 0.710026542162969, 0.710026542162969, 0.710026542162969, 0.710026542162969, 0.710026542162969, 0.710026542162969, 0.710026542162969, 0.710026542162969, 0.710026542162969, 0.710026542162969, 0.710026542162969, 0.710026542162969, 0.710026542162969, 0.710026542162969, 0.710026542162969, 0.710026542162969, 0.710026542162969, 0.710026542162969, 0.710026542162969, 0.710026542162969, 0.710026542162969, 0.710026542162969, 0.710026542162969, 0.710026542162969, 0.710026542162969, 0.710026542162969, 0.710026542162969, 0.710026542162969, 0.710026542162969, 0.710026542162969, 0.710026542162969, 0.710026542162969, 0.710026542162969, 0.710026542162969, 0.710026542162969, 0.710026542162969, 0.710026542162969, 0.710026542162969, 0.710026542162969],