{"config": {"engine": "rebound", "instruments": [{"gamma_ms": 0.0, "label": "instA", "sigma_jitter_ms": 0.02348554247332286, "sigma_white_ms": 0.9294353655999098}], "integrator_preference": "whfast", "los_axis": "x", "metadata": {}, "noise": {"gp": {"Q0": 1.0, "dQ": 0.1, "f": 0.5, "period_days": 25.0, "sigma_ms": 0.0, "use_gp": false}, "sigma_jitter_ms": 0.02348554247332286, "sigma_white_ms": 0.9294353655999098}, "planets": [{"Omega_rad": 5.020517527358954, "P_days": 76.4584172601787, "e": 0.43814328500187344, "inc_rad": 0.855142621906404, "l_rad": 0.16942982915591395, "m_sin_i_mjup": 0.015707745771968873, "m_true_mjup": null, "omega_rad": 2.814396007607187}, {"Omega_rad": 2.098283443623921, "P_days": 112.44468086704279, "e": 0.09853136678333438, "inc_rad": 1.239060372250588, "l_rad": 0.05109355735482821, "m_sin_i_mjup": 0.2746906710968324, "m_true_mjup": null, "omega_rad": 2.7663717788692774}, {"Omega_rad": 1.2026830717449128, "P_days": 166.91632453627227, "e": 0.7425758391508775, "inc_rad": 0.3478694303475699, "l_rad": 0.15911648542575274, "m_sin_i_mjup": 0.17283083972844285, "m_true_mjup": null, "omega_rad": 0.26050225815598743}], "schedule": {"instruments": ["instA", "instA", "instA", "instA", "instA", "instA", "instA", "instA", "instA", "instA", "instA", "instA", "instA", "instA", "instA", "instA", "instA", "instA", "instA", "instA", "instA", "instA", "instA", "instA", "instA", "instA", "instA", "instA", "instA", "instA", "instA", "instA", "instA", "instA", "instA", "instA", "instA", "instA", "instA", "instA", "instA", "instA", "instA"], "times_days": [2.3402966051240464, 3.756518405032593, 3.9925317715437854, 7.2881942448262516, 7.760588115379342, 11.932082672493632, 14.380205883843995, 19.962998968420283, 22.392177304758917, 28.22038471261087, 32.13594314915013, 55.08786734691518, 68.19709269360172, 77.19238906241888, 93.7307634307986, 96.11007481038148, 99.72808043106775, 105.94695579771914, 109.84149510105486, 120.02570389889335, 124.13702818642524, 126.71128842405703, 128.910997062438, 174.0147270872526, 178.09117046903782, 188.8260343905696, 190.53678510992424, 190.65677383263503, 193.1001713972747, 198.22317592100038, 207.04670203726, 208.94779497944447, 209.27748706229644, 229.96050252769555, 237.6942211677925, 238.82007890127716, 239.4618876904042, 242.0814312447955, 253.12768846669496, 266.59178710033495, 267.7141857523332, 270.55727288942325, 277.48565036652195]}, "star": {"M_star_sun": 0.9502308678844295, "gamma_ms": 0.0}}, "difficulty_details": {"coverage_inner_periods": 3.5986273797051243, "gp_used": false, "minK_ms": 0.8657450931022825, "n_obs": 43, "n_planets": 3, "raw_score": 10, "resonances_detected": 2, "snr_like": 0.908517260737603}, "meta": {"noise": {"gp": {"Q0": 1.0, "dQ": 0.1, "f": 0.5, "period_days": 25.0, "sigma_ms": 0.0, "use_gp": false}, "sigma_jitter_ms": 0.02348554247332286, "sigma_white_ms": 0.9294353655999098}, "seed": 196, "source_generated_task_id": "cf637daf-1059-5e45-b33d-8203e3399b1f", "source_seed": 196}, "observations": {"instruments": ["instA", "instA", "instA", "instA", "instA", "instA", "instA", "instA", "instA", "instA", "instA", "instA", "instA", "instA", "instA", "instA", "instA", "instA", "instA", "instA", "instA", "instA", "instA", "instA", "instA", "instA", "instA", "instA", "instA", "instA", "instA", "instA", "instA", "instA", "instA", "instA", "instA", "instA", "instA", "instA", "instA", "instA", "instA"], "rvs_ms": [10.794281764392093, 27.310123679950525, 28.03400137758726, 40.36929698914852, 40.49270374402471, 37.63619629967664, 37.93859218708221, 33.13065680756664, 33.11674866646676, 31.744115373370203, 26.334385361553814, 5.316589985931646, -8.95178558312898, -9.842652337020862, -9.92477496072103, -10.039284552065821, -9.937659892262287, -6.772338723204552, -6.970900559559615, -5.145416275666274, -4.046191422045234, -3.2069284127925455, -3.749690818798348, 27.216453652781638, 25.155338478236175, 10.154513416060901, 8.522699246838805, 7.116813201924395, 7.687150841013711, 2.8076464591270494, 2.644222504525616, 2.1698252561996085, 3.108455367522953, 7.269617319966842, 9.705772774614616, 12.123806403022453, 11.178834572714408, 12.998412197421104, 13.556349248345265, 3.4843889723618147, 3.008215924814842, -1.072570860582589, -9.464484013549702], "sigmas_ms": [0.9294353655999098, 0.9294353655999098, 0.9294353655999098, 0.9294353655999098, 0.9294353655999098, 0.9294353655999098, 0.9294353655999098, 0.9294353655999098, 0.9294353655999098, 0.9294353655999098, 0.9294353655999098, 0.9294353655999098, 0.9294353655999098, 0.9294353655999098, 0.9294353655999098, 0.9294353655999098, 0.9294353655999098, 0.9294353655999098, 0.9294353655999098, 0.9294353655999098, 0.9294353655999098, 0.9294353655999098, 0.9294353655999098, 0.9294353655999098, 0.9294353655999098, 0.9294353655999098, 0.9294353655999098, 0.9294353655999098, 0.9294353655999098, 0.9294353655999098, 0.9294353655999098, 0.9294353655999098, 0.9294353655999098, 0.9294353655999098, 0.9294353655999098, 0.9294353655999098, 0.9294353655999098, 0.9294353655999098, 0.9294353655999098, 0.9294353655999098, 0.9294353655999098, 0.9294353655999098, 0.9294353655999098], "times_days": [2.3402966051240464, 3.756518405032593, 3.9925317715437854, 7.2881942448262516, 7.760588115379342, 11.932082672493632, 14.380205883843995, 19.962998968420283, 22.392177304758917, 28.22038471261087, 32.13594314915013, 55.08786734691518, 68.19709269360172, 77.19238906241888, 93.7307634307986, 96.11007481038148, 99.72808043106775, 105.94695579771914, 109.84149510105486, 120.02570389889335, 124.13702818642524, 126.71128842405703, 128.910997062438, 174.0147270872526, 178.09117046903782, 188.8260343905696, 190.53678510992424, 190.65677383263503, 193.1001713972747, 198.22317592100038, 207.04670203726, 208.94779497944447, 209.27748706229644, 229.96050252769555, 237.6942211677925, 238.82007890127716, 239.4618876904042, 242.0814312447955, 253.12768846669496, 266.59178710033495, 267.7141857523332, 270.55727288942325, 277.48565036652195]}, "task_id": "seed196_diff10", "truth_difficulty": 10}