{"config": {"engine": "rebound", "instruments": [{"gamma_ms": 0.0, "label": "instA", "sigma_jitter_ms": 0.08876005814068245, "sigma_white_ms": 2.603584887060027}], "integrator_preference": "whfast", "los_axis": "x", "metadata": {}, "noise": {"gp": {"Q0": 1.0, "dQ": 0.1, "f": 0.5, "period_days": 25.0, "sigma_ms": 0.0, "use_gp": false}, "sigma_jitter_ms": 0.08876005814068245, "sigma_white_ms": 2.603584887060027}, "planets": [{"Omega_rad": 6.0000408753696295, "P_days": 15.276509330622872, "e": 0.08390489158250537, "inc_rad": 0.9064632638554622, "l_rad": 5.903943627034251, "m_sin_i_mjup": 0.8676966011628677, "m_true_mjup": null, "omega_rad": 2.584907341708092}], "schedule": {"instruments": ["instA", "instA", "instA", "instA", "instA", "instA", "instA", "instA", "instA", "instA", "instA", "instA", "instA", "instA", "instA", "instA", "instA", "instA", "instA", "instA", "instA", "instA", "instA", "instA", "instA", "instA", "instA", "instA", "instA", "instA", "instA", "instA", "instA", "instA", "instA", "instA", "instA", "instA", "instA", "instA", "instA", "instA", "instA", "instA", "instA", "instA", "instA", "instA", "instA", "instA", "instA", "instA", "instA", "instA", "instA", "instA", "instA", "instA", "instA", "instA", "instA", "instA", "instA", "instA", "instA", "instA", "instA", "instA", "instA", "instA", "instA", "instA", "instA", "instA", "instA", "instA", "instA", "instA", "instA", "instA"], "times_days": [0.6675069020663289, 1.394113009876888, 1.6253994471919266, 2.9921745138360256, 3.916650712366635, 4.05260222041985, 5.02666503271897, 5.567114595777052, 5.592088385937614, 6.200803732103778, 6.762239564156386, 6.976984537739249, 7.060048713465408, 7.082464604897819, 7.258189743300653, 7.716684768585676, 8.015859716140888, 8.852701573088552, 9.28849863112599, 9.395917820208561, 9.487623128250636, 9.513998027844806, 9.873626880327835, 9.885722527001024, 10.333242218123557, 10.816348611725758, 10.98783434188645, 11.163603793108571, 11.413844689396228, 11.591339492927721, 13.140428295222558, 13.917029052703892, 14.11012728882743, 14.342185430152888, 14.533654758338171, 14.786922771771694, 15.0047294144148, 15.558130924212332, 16.352741361307004, 17.939922445617466, 17.967323866982706, 18.733659726681754, 19.416862766604257, 20.6355657315056, 20.936400718047004, 21.145744109520788, 22.166882621949256, 23.225958223225817, 23.244377902298954, 23.44286953380146, 23.453525585144945, 23.784378325334817, 23.90114526009968, 24.163286205949973, 24.542511421136037, 24.821438753422065, 24.842356998501366, 24.98330825064314, 26.012323439133173, 26.319596140657982, 26.48338246412778, 26.565009457450564, 27.12065092302664, 27.34901377698452, 28.99516378473419, 29.13808624257977, 29.20557035227463, 29.403256922091643, 30.668989203364823, 30.89388974505255, 31.05102716148269, 31.29479312121601, 31.785408846179934, 32.22761401902594, 32.75217611231252, 33.24084326182823, 33.51421457106286, 33.54143482668509, 33.736021955111696, 34.13950431570415]}, "star": {"M_star_sun": 0.8548678448636637, "gamma_ms": 0.0}}, "difficulty_details": {"coverage_inner_periods": 2.191076291659167, "gp_used": false, "minK_ms": 79.18554208817619, "n_obs": 80, "n_planets": 1, "raw_score": 2, "resonances_detected": 0, "snr_like": 29.411365816750145}, "meta": {"noise": {"gp": {"Q0": 1.0, "dQ": 0.1, "f": 0.5, "period_days": 25.0, "sigma_ms": 0.0, "use_gp": false}, "sigma_jitter_ms": 0.08876005814068245, "sigma_white_ms": 2.603584887060027}, "seed": 44, "source_generated_task_id": "3cb5d501-c710-55d0-b7bd-52a491d03e61", "source_seed": 44}, "observations": {"instruments": ["instA", "instA", "instA", "instA", "instA", "instA", "instA", "instA", "instA", "instA", "instA", "instA", "instA", "instA", "instA", "instA", "instA", "instA", "instA", "instA", "instA", "instA", "instA", "instA", "instA", "instA", "instA", "instA", "instA", "instA", "instA", "instA", "instA", "instA", "instA", "instA", "instA", "instA", "instA", "instA", "instA", "instA", "instA", "instA", "instA", "instA", "instA", "instA", "instA", "instA", "instA", "instA", "instA", "instA", "instA", "instA", "instA", "instA", "instA", "instA", "instA", "instA", "instA", "instA", "instA", "instA", "instA", "instA", "instA", "instA", "instA", "instA", "instA", "instA", "instA", "instA", "instA", "instA", "instA", "instA"], "rvs_ms": [-8.53615252963895, 15.435664359243702, 24.259127441553947, 66.01507149215928, 82.89124466224366, 86.23903173037823, 97.09674331443367, 88.15617065449233, 94.3291246084794, 79.62600961110527, 64.93283536837274, 62.41710845872336, 55.46660002648885, 54.017452402233125, 48.81966251079813, 28.94851909997429, 14.576691886073137, -19.266089358542445, -31.516732275676205, -38.62869636976064, -43.14417390924324, -44.53403359028329, -54.78382965068314, -55.59869834399577, -71.4089363628527, -77.4497810664303, -81.19819103194038, -79.03673487770655, -86.36523475484019, -83.64424815879691, -82.00002786699007, -64.35497009205673, -62.77711604098593, -57.73251527743628, -48.597309538179466, -46.48890875435302, -38.21406615601595, -23.213142704559584, 5.083083781640174, 55.54234769073234, 49.982621283579185, 77.68493294623156, 87.28363066935499, 99.61551115018449, 93.80038526545117, 90.9202144009709, 55.58188949395726, 23.682146522706958, 18.483130944124962, 6.21260464728266, 9.997455340707022, -1.935348771243032, -14.353291542523209, -18.533237038696768, -37.00843632561028, -47.65511529183377, -48.0027075754178, -53.71089620716258, -76.84319065335224, -81.37057780025904, -81.26004599715226, -81.14912177851359, -88.45674441478647, -84.864971722721, -72.12070528191701, -64.6597456193668, -67.65466392448629, -61.92505943536135, -24.865148454928065, -21.375277605426742, -13.325347235157022, -10.485277457570712, 7.419974823512001, 25.11783868941336, 44.48218618555569, 52.63798778049171, 67.31599450699468, 64.73060477414252, 74.937902668814, 78.01012193720884], "sigmas_ms": [2.603584887060027, 2.603584887060027, 2.603584887060027, 2.603584887060027, 2.603584887060027, 2.603584887060027, 2.603584887060027, 2.603584887060027, 2.603584887060027, 2.603584887060027, 2.603584887060027, 2.603584887060027, 2.603584887060027, 2.603584887060027, 2.603584887060027, 2.603584887060027, 2.603584887060027, 2.603584887060027, 2.603584887060027, 2.603584887060027, 2.603584887060027, 2.603584887060027, 2.603584887060027, 2.603584887060027, 2.603584887060027, 2.603584887060027, 2.603584887060027, 2.603584887060027, 2.603584887060027, 2.603584887060027, 2.603584887060027, 2.603584887060027, 2.603584887060027, 2.603584887060027, 2.603584887060027, 2.603584887060027, 2.603584887060027, 2.603584887060027, 2.603584887060027, 2.603584887060027, 2.603584887060027, 2.603584887060027, 2.603584887060027, 2.603584887060027, 2.603584887060027, 2.603584887060027, 2.603584887060027, 2.603584887060027, 2.603584887060027, 2.603584887060027, 2.603584887060027, 2.603584887060027, 2.603584887060027, 2.603584887060027, 2.603584887060027, 2.603584887060027, 2.603584887060027, 2.603584887060027, 2.603584887060027, 2.603584887060027, 2.603584887060027, 2.603584887060027, 2.603584887060027, 2.603584887060027, 2.603584887060027, 2.603584887060027, 2.603584887060027, 2.603584887060027, 2.603584887060027, 2.603584887060027, 2.603584887060027, 2.603584887060027, 2.603584887060027, 2.603584887060027, 2.603584887060027, 2.603584887060027, 2.603584887060027, 2.603584887060027, 2.603584887060027, 2.603584887060027],