{"config": {"engine": "rebound", "instruments": [{"gamma_ms": 0.0, "label": "instA", "sigma_jitter_ms": 0.736437367778889, "sigma_white_ms": 0.6954024438156946}], "integrator_preference": "whfast", "los_axis": "x", "metadata": {}, "noise": {"gp": {"Q0": 1.0, "dQ": 0.1, "f": 0.5, "period_days": 25.0, "sigma_ms": 0.0, "use_gp": false}, "sigma_jitter_ms": 0.736437367778889, "sigma_white_ms": 0.6954024438156946}, "planets": [{"Omega_rad": 2.113439358861675, "P_days": 5.2037668249649, "e": 0.41164196995999536, "inc_rad": 0.5390113486173187, "l_rad": 3.239747748958216, "m_sin_i_mjup": 0.12483603408589389, "m_true_mjup": null, "omega_rad": 4.131863574837326}], "schedule": {"instruments": ["instA", "instA", "instA", "instA", "instA", "instA", "instA", "instA", "instA", "instA", "instA", "instA", "instA", "instA", "instA", "instA", "instA", "instA", "instA", "instA", "instA", "instA", "instA", "instA", "instA", "instA", "instA", "instA", "instA", "instA", "instA", "instA", "instA", "instA", "instA", "instA", "instA", "instA", "instA", "instA", "instA", "instA", "instA", "instA", "instA", "instA", "instA", "instA", "instA", "instA", "instA", "instA", "instA", "instA", "instA", "instA", "instA", "instA", "instA", "instA", "instA", "instA", "instA", "instA", "instA", "instA", "instA", "instA", "instA", "instA", "instA", "instA", "instA", "instA", "instA", "instA", "instA", "instA", "instA", "instA"], "times_days": [0.07421382297985733, 0.2835209823562971, 0.2929459914818212, 0.7193595010589519, 0.9021264874360837, 1.0971730229601893, 1.419033542099646, 1.467668726125856, 1.592820659172497, 1.8197102285724516, 2.027395700243541, 2.03770230856246, 2.2740817987848527, 2.333416111376903, 2.3669212083445825, 2.734026126109168, 3.3464740155852555, 3.4874374363351897, 3.6083712735802425, 3.6368278438566035, 3.696220876554925, 3.732763840381268, 4.818817520638108, 5.059252929198536, 5.29924820015695, 5.52458864910684, 5.722044476751356, 6.3615813961364385, 6.468030481174913, 6.8308731361774475, 6.894192016735613, 6.945775908209467, 6.994913749600259, 7.025603033080316, 7.161844569166726, 7.196121978528919, 7.216154596744017, 7.230792453004328, 7.314175096794709, 7.3868943292209766, 7.471228527923383, 7.727227151750528, 7.813820639669022, 7.853184619733659, 7.912802674758925, 7.924915776101708, 8.070577132435352, 8.31337274379081, 8.477288933209016, 8.485216599114986, 8.768534799255141, 9.159858589111817, 9.204549462023316, 9.262883346243935, 9.396219851392765, 9.400858330293612, 9.420992612741285, 9.521512383389092, 9.554646525475603, 9.65724436368803, 9.714074358390787, 10.18781711398571, 10.420961991068625, 10.431424081636315, 11.034303493859719, 11.079244959995824, 11.34737406147282, 11.486685631521926, 11.772030257781854, 11.788168091452405, 12.170126173759357, 12.229277980748067, 12.294969338978417, 12.571392010117167, 12.997848033454106, 13.493068640348184, 13.66939145174173, 13.775619265004076, 14.006651284525084, 14.215213870031448]}, "star": {"M_star_sun": 0.9860862018967008, "gamma_ms": 0.0}}, "difficulty_details": {"coverage_inner_periods": 2.717454590626661, "gp_used": false, "minK_ms": 16.216565282683774, "n_obs": 80, "n_planets": 1, "raw_score": 2, "resonances_detected": 0, "snr_like": 11.32568402650016}, "meta": {"noise": {"gp": {"Q0": 1.0, "dQ": 0.1, "f": 0.5, "period_days": 25.0, "sigma_ms": 0.0, "use_gp": false}, "sigma_jitter_ms": 0.736437367778889, "sigma_white_ms": 0.6954024438156946}, "seed": 1560, "source_generated_task_id": "99ec1e01-e3ce-5572-aeea-13c532e29978", "source_seed": 1560}, "observations": {"instruments": ["instA", "instA", "instA", "instA", "instA", "instA", "instA", "instA", "instA", "instA", "instA", "instA", "instA", "instA", "instA", "instA", "instA", "instA", "instA", "instA", "instA", "instA", "instA", "instA", "instA", "instA", "instA", "instA", "instA", "instA", "instA", "instA", "instA", "instA", "instA", "instA", "instA", "instA", "instA", "instA", "instA", "instA", "instA", "instA", "instA", "instA", "instA", "instA", "instA", "instA", "instA", "instA", "instA", "instA", "instA", "instA", "instA", "instA", "instA", "instA", "instA", "instA", "instA", "instA", "instA", "instA", "instA", "instA", "instA", "instA", "instA", "instA", "instA", "instA", "instA", "instA", "instA", "instA", "instA", "instA"], "rvs_ms": [7.204424929622485, -3.7055146029265944, -3.1006626028654667, -37.06318500192611, -42.919429219260344, -38.89804029740471, -23.969029734686, -23.76423855860755, -19.77971740355286, -9.425863471181376, -5.256682845914701, -4.513679835475947, 0.2934757554981803, 2.5693471519141386, 1.619993207490682, 10.163111491167683, 14.890901050460332, 16.79616382365374, 20.78103162398078, 19.248715347450492, 19.426869862194852, 18.20922941745478, 18.78228423820338, 13.943295680439705, 4.633764433606748, -3.807788072928931, -23.279051159886176, -36.78928464694864, -32.07859664508386, -17.955535121996476, -16.730270939299373, -13.121996500921814, -11.3004604482814, -10.384183770148196, -4.559298425587862, -6.010583350242037, -6.970686208933831, -4.939024132274947, -2.1619527877178846, -1.5636837371988404, 0.04864960398354644, 5.591767308551084, 5.943248746098046, 6.799389941323211, 8.071238526125423, 8.049994348838231, 10.402349303102437, 13.281501114562532, 14.621940447994715, 14.526043130206952, 17.289622295185318, 18.35503216805282, 19.428304711359317, 20.266677515344142, 19.360902493361092, 20.70210249371379, 19.161685237985907, 21.31122956779438, 20.544110788919614, 19.969518721805645, 20.213210442384813, 16.779325543546452, 7.892020479437127, 8.771179791481417, -30.47248315318096, -33.57025951977843, -42.26524500098287, -39.66470057381879, -29.104528256807406, -28.387013599514567, -14.66387928757186, -10.993918184144617, -8.413742226860673, -3.7762146383009414, 5.2099992455935125, 11.989252148591625, 14.64336982333309, 15.921834833207889, 18.520837548126874, 18.649844420594004], "sigmas_ms": [0.6954024438156946, 0.6954024438156946, 0.6954024438156946, 0.6954024438156946, 0.6954024438156946, 0.6954024438156946, 0.6954024438156946, 0.6954024438156946, 0.6954024438156946, 0.6954024438156946, 0.6954024438156946, 0.6954024438156946, 0.6954024438156946, 0.6954024438156946, 0.6954024438156946, 0.6954024438156946, 0.6954024438156946, 0.6954024438156946, 0.6954024438156946, 0.6954024438156946, 0.6954024438156946, 0.6954024438156946, 0.6954024438156946, 0.6954024438156946, 0.6954024438156946, 0.6954024438156946, 0.6954024438156946, 0.6954024438156946, 0.6954024438156946, 0.6954024438156946, 0.6954024438156946, 0.6954024438156946, 0.6954024438156946, 0.6954024438156946, 0.6954024438156946, 0.6954024438156946, 0.6954024438156946, 0.6954024438156946, 0.6954024438156946, 0.6954024438156946, 0.6954024438156946, 0.6954024438156946, 0.6954024438156946, 0.6954024438156946, 0.6954024438156946, 0.6954024438156946, 0.6954024438156946, 0.6954024438156946, 0.6954024438156946, 0.6954024438156946, 0.6954024438156946, 0.6954024438156946, 0.6954024438156946, 0.6954024438156946, 0.6954024438156946, 0.6954024438156946, 0.6954024438156946, 0.6954024438156946, 0.6954024438156946, 0.6954024438156946, 0.6954024438156946, 0.6954024438156946, 0.6954024438156946, 0.6954024438156946, 0.6954024438156946, 0.6954024438156946, 0.6954024438156946, 0.6954024438156946, 0.6954024438156946, 0.6954024438156946, 0.6954024438156946, 0.6954024438156946, 0.6954024438156946, 0.6954024438156946, 0.6954024438156946, 0.6954024438156946, 0.6954024438156946, 0.6954024438156946, 0.6954024438156946, 0.6954024438156946],