{"config": {"engine": "rebound", "instruments": [{"gamma_ms": 0.0, "label": "instA", "sigma_jitter_ms": 0.8123935022557714, "sigma_white_ms": 4.309421924076696}], "integrator_preference": "whfast", "los_axis": "x", "metadata": {}, "noise": {"gp": {"Q0": 0.786905026625213, "dQ": 0.8277893978641461, "f": 0.8359502583423889, "period_days": 20.716660302543726, "sigma_ms": 0.09919349372326557, "use_gp": true}, "sigma_jitter_ms": 0.8123935022557714, "sigma_white_ms": 4.309421924076696}, "planets": [{"Omega_rad": 0.8931376269198791, "P_days": 176.2344778528466, "e": 0.2320374554205374, "inc_rad": 1.3221914728091597, "l_rad": 2.566649107022455, "m_sin_i_mjup": 0.06408730588794279, "m_true_mjup": null, "omega_rad": 2.064786232089055}], "schedule": {"instruments": ["instA", "instA", "instA", "instA", "instA", "instA", "instA", "instA", "instA", "instA", "instA", "instA", "instA", "instA", "instA", "instA", "instA", "instA", "instA", "instA", "instA", "instA", "instA", "instA", "instA", "instA", "instA", "instA", "instA", "instA", "instA", "instA", "instA", "instA", "instA", "instA", "instA", "instA", "instA", "instA"], "times_days": [8.875041270888437, 15.686078446208153, 35.498659912241024, 59.15266847764117, 68.78452419622104, 82.37935699142533, 82.53739886913375, 90.22951844186525, 102.39119818268667, 112.04797676123256, 114.11597569531196, 116.37019676244094, 117.79734025606916, 136.75117001303803, 141.15652727422096, 165.7208568555699, 166.01072357482406, 167.73873530216335, 167.86364645339614, 169.98964006221715, 176.89256874307338, 191.67287297111528, 197.87543048615507, 201.51511606494398, 212.67942978258526, 222.8105386255885, 233.15787544918737, 255.7057490765648, 263.4439496950199, 273.50612457321597, 284.2231620089943, 316.76307701894194, 330.27088076031146, 364.2669510685575, 366.59661916579165, 371.95629939144055, 373.86188696909943, 382.819717566618, 386.1667978862328, 388.84587108122207]}, "star": {"M_star_sun": 0.938942056441401, "gamma_ms": 0.0}}, "difficulty_details": {"coverage_inner_periods": 2.1560527454088985, "gp_used": true, "minK_ms": 2.4908741505084047, "n_obs": 40, "n_planets": 1, "raw_score": 8, "resonances_detected": 0, "snr_like": 0.48632641810992056}, "meta": {"noise": {"gp": {"Q0": 0.786905026625213, "dQ": 0.8277893978641461, "f": 0.8359502583423889, "period_days": 20.716660302543726, "sigma_ms": 0.09919349372326557, "use_gp": true}, "sigma_jitter_ms": 0.8123935022557714, "sigma_white_ms": 4.309421924076696}, "seed": 36, "source_generated_task_id": "481be533-4ddb-58a1-b5a4-bd035fed343a", "source_seed": 36}, "observations": {"instruments": ["instA", "instA", "instA", "instA", "instA", "instA", "instA", "instA", "instA", "instA", "instA", "instA", "instA", "instA", "instA", "instA", "instA", "instA", "instA", "instA", "instA", "instA", "instA", "instA", "instA", "instA", "instA", "instA", "instA", "instA", "instA", "instA", "instA", "instA", "instA", "instA", "instA", "instA", "instA", "instA"], "rvs_ms": [4.835524738408144, -3.242722829371889, -6.515076514367145, -5.097023777654844, -2.312697273080415, 5.0846922669560595, 1.6039448998792034, -5.327713896024321, -0.8532148144139704, -1.8872257948721858, 3.2180003844885046, 5.658564520133128, 1.7561925701520584, 1.2406863092056604, 0.7002124123110844, 1.7891552567168905, -0.8290478459757691, 1.7305117914560637, -4.441410648784384, 16.40177845416132, 0.5578262907532898, -4.816099829644365, 2.7023419670338202, 5.625055671073688, -1.6922232353254252, -0.4892244073738454, -0.5717718431218182, 3.1859394458817283, 4.103495832665294, -2.3375478043071594, -6.409193703685251, 12.145559814657453, 5.066522131809421, -2.898875421336908, -1.0033039210164227, 0.28295787630240543, -10.592091227865556, 8.581958473237433, -1.9412763003662852, 3.555459318242387], "sigmas_ms": [4.309421924076696, 4.309421924076696, 4.309421924076696, 4.309421924076696, 4.309421924076696, 4.309421924076696, 4.309421924076696, 4.309421924076696, 4.309421924076696, 4.309421924076696, 4.309421924076696, 4.309421924076696, 4.309421924076696, 4.309421924076696, 4.309421924076696, 4.309421924076696, 4.309421924076696, 4.309421924076696, 4.309421924076696, 4.309421924076696, 4.309421924076696, 4.309421924076696, 4.309421924076696, 4.309421924076696, 4.309421924076696, 4.309421924076696, 4.309421924076696, 4.309421924076696, 4.309421924076696, 4.309421924076696, 4.309421924076696, 4.309421924076696, 4.309421924076696, 4.309421924076696, 4.309421924076696, 4.309421924076696, 4.309421924076696, 4.309421924076696, 4.309421924076696, 4.309421924076696], "times_days": [8.875041270888437, 15.686078446208153, 35.498659912241024, 59.15266847764117, 68.78452419622104, 82.37935699142533, 82.53739886913375, 90.22951844186525, 102.39119818268667, 112.04797676123256, 114.11597569531196, 116.37019676244094, 117.79734025606916, 136.75117001303803, 141.15652727422096, 165.7208568555699, 166.01072357482406, 167.73873530216335, 167.86364645339614, 169.98964006221715, 176.89256874307338, 191.67287297111528, 197.87543048615507, 201.51511606494398, 212.67942978258526, 222.8105386255885, 233.15787544918737, 255.7057490765648, 263.4439496950199, 273.50612457321597, 284.2231620089943, 316.76307701894194, 330.27088076031146, 364.2669510685575, 366.59661916579165, 371.95629939144055, 373.86188696909943, 382.819717566618, 386.1667978862328, 388.84587108122207]}, "task_id": "seed36_diff8", "truth_difficulty": 8}