{"config": {"engine": "rebound", "instruments": [{"gamma_ms": 0.0, "label": "instA", "sigma_jitter_ms": 0.5427583973211892, "sigma_white_ms": 1.6587649277177852}], "integrator_preference": "whfast", "los_axis": "x", "metadata": {}, "noise": {"gp": {"Q0": 0.8742451234279602, "dQ": 1.402993175970973, "f": 0.292274127295039, "period_days": 35.815650871601704, "sigma_ms": 0.3346273200247021, "use_gp": true}, "sigma_jitter_ms": 0.5427583973211892, "sigma_white_ms": 1.6587649277177852}, "planets": [{"Omega_rad": 1.1046591672300596, "P_days": 2.806406950668355, "e": 0.3756423998078903, "inc_rad": 0.9832364747397768, "l_rad": 2.1488856372145, "m_sin_i_mjup": 0.266511778692318, "m_true_mjup": null, "omega_rad": 3.182863860462494}], "schedule": {"instruments": ["instA", "instA", "instA", "instA", "instA", "instA", "instA", "instA", "instA", "instA", "instA", "instA", "instA", "instA", "instA", "instA", "instA", "instA", "instA", "instA", "instA", "instA", "instA", "instA", "instA", "instA", "instA", "instA", "instA", "instA", "instA", "instA", "instA", "instA", "instA", "instA", "instA", "instA", "instA", "instA", "instA", "instA", "instA"], "times_days": [0.5180013184415322, 0.5430870861791682, 0.566016690767767, 0.8992724244723459, 1.340450641463847, 1.4165530548206644, 1.4719095908639488, 1.600465195208125, 1.6941813800366892, 1.9624085520646497, 2.007265118360176, 2.012164878737083, 2.1386802427615397, 2.1541680369908542, 2.3793042121800156, 2.8226480997480743, 2.8632952795901456, 3.2880684105421834, 3.8595184804327185, 3.935710265557416, 4.241025631803144, 4.351673614264602, 4.590711538643036, 4.607937703201037, 4.640902631812654, 5.139055349046477, 5.192426849029801, 5.2431945595400915, 5.310475896883343, 5.6588189907954725, 5.877768045058323, 5.9680967441663615, 5.969259289202151, 6.10299487489053, 6.634446482747871, 6.807455058380218, 7.101417969533503, 7.36220054013114, 7.571778932741343, 7.679491833513185, 7.802655403536078, 7.959413740027243, 8.057428348583908]}, "star": {"M_star_sun": 0.8406397143687498, "gamma_ms": 0.0}}, "difficulty_details": {"coverage_inner_periods": 2.6865052583862923, "gp_used": true, "minK_ms": 46.52017547420806, "n_obs": 43, "n_planets": 1, "raw_score": 5, "resonances_detected": 0, "snr_like": 21.130902836736695}, "meta": {"noise": {"gp": {"Q0": 0.8742451234279602, "dQ": 1.402993175970973, "f": 0.292274127295039, "period_days": 35.815650871601704, "sigma_ms": 0.3346273200247021, "use_gp": true}, "sigma_jitter_ms": 0.5427583973211892, "sigma_white_ms": 1.6587649277177852}, "seed": 26, "source_generated_task_id": "c9a31878-75cb-54a4-ae61-06aec304b0eb", "source_seed": 26}, "observations": {"instruments": ["instA", "instA", "instA", "instA", "instA", "instA", "instA", "instA", "instA", "instA", "instA", "instA", "instA", "instA", "instA", "instA", "instA", "instA", "instA", "instA", "instA", "instA", "instA", "instA", "instA", "instA", "instA", "instA", "instA", "instA", "instA", "instA", "instA", "instA", "instA", "instA", "instA", "instA", "instA", "instA", "instA", "instA", "instA"], "rvs_ms": [-16.472834024587385, -26.079901429610207, -25.021500702774407, -52.30249497500967, -30.440908694163838, -28.918267347334286, -28.848174132234337, -10.991479687666075, -11.389925880456731, 8.896626771370661, 8.730906937304233, 8.842028960823239, 14.919780727217455, 14.918650988181383, 29.074308713436274, 57.8651190169715, 57.13261914086327, -3.6325236686502134, -46.4352609619594, -43.811036218001384, -26.121917553324575, -21.85592211095424, -5.8058872557153265, -5.411395797117152, -0.08077460665528602, 25.72033266104337, 28.74206623082767, 39.12751464767949, 36.11357183018272, 56.18010614109063, 48.33908876484699, 29.888452736444556, 26.176463356992734, -9.349825322269607, -45.726282622243495, -37.23774461284203, -24.148309032050793, -8.703083094957794, 4.709342263311331, 9.770533084195437, 16.7864174689985, 28.66341441716366, 36.25518234901947], "sigmas_ms": [1.6587649277177852, 1.6587649277177852, 1.6587649277177852, 1.6587649277177852, 1.6587649277177852, 1.6587649277177852, 1.6587649277177852, 1.6587649277177852, 1.6587649277177852, 1.6587649277177852, 1.6587649277177852, 1.6587649277177852, 1.6587649277177852, 1.6587649277177852, 1.6587649277177852, 1.6587649277177852, 1.6587649277177852, 1.6587649277177852, 1.6587649277177852, 1.6587649277177852, 1.6587649277177852, 1.6587649277177852, 1.6587649277177852, 1.6587649277177852, 1.6587649277177852, 1.6587649277177852, 1.6587649277177852, 1.6587649277177852, 1.6587649277177852, 1.6587649277177852, 1.6587649277177852, 1.6587649277177852, 1.6587649277177852, 1.6587649277177852, 1.6587649277177852, 1.6587649277177852, 1.6587649277177852, 1.6587649277177852, 1.6587649277177852, 1.6587649277177852, 1.6587649277177852, 1.6587649277177852, 1.6587649277177852], "times_days": [0.5180013184415322, 0.5430870861791682, 0.566016690767767, 0.8992724244723459, 1.340450641463847, 1.4165530548206644, 1.4719095908639488, 1.600465195208125, 1.6941813800366892, 1.9624085520646497, 2.007265118360176, 2.012164878737083, 2.1386802427615397, 2.1541680369908542, 2.3793042121800156, 2.8226480997480743, 2.8632952795901456, 3.2880684105421834, 3.8595184804327185, 3.935710265557416, 4.241025631803144, 4.351673614264602, 4.590711538643036, 4.607937703201037, 4.640902631812654, 5.139055349046477, 5.192426849029801, 5.2431945595400915, 5.310475896883343, 5.6588189907954725, 5.877768045058323, 5.9680967441663615, 5.969259289202151, 6.10299487489053, 6.634446482747871, 6.807455058380218, 7.101417969533503, 7.36220054013114, 7.571778932741343, 7.679491833513185, 7.802655403536078, 7.959413740027243, 8.057428348583908]}, "task_id": "seed26_diff5", "truth_difficulty": 5}