{"config": {"engine": "rebound", "instruments": [{"gamma_ms": 0.0, "label": "instA", "sigma_jitter_ms": 0.24932975489777257, "sigma_white_ms": 0.5982959801096502}], "integrator_preference": "whfast", "los_axis": "x", "metadata": {}, "noise": {"gp": {"Q0": 1.0, "dQ": 0.1, "f": 0.5, "period_days": 25.0, "sigma_ms": 0.0, "use_gp": false}, "sigma_jitter_ms": 0.24932975489777257, "sigma_white_ms": 0.5982959801096502}, "planets": [{"Omega_rad": 3.8983910083973243, "P_days": 68.54561629263888, "e": 0.35518164664297874, "inc_rad": 0.11869689828888878, "l_rad": 4.030733721570113, "m_sin_i_mjup": 0.1068977207421565, "m_true_mjup": null, "omega_rad": 2.3188581842572766}], "schedule": {"instruments": ["instA", "instA", "instA", "instA", "instA", "instA", "instA", "instA", "instA", "instA", "instA", "instA", "instA", "instA", "instA", "instA", "instA", "instA", "instA", "instA", "instA", "instA", "instA", "instA", "instA", "instA", "instA", "instA", "instA", "instA", "instA", "instA", "instA", "instA", "instA", "instA", "instA", "instA", "instA", "instA", "instA", "instA", "instA", "instA", "instA", "instA", "instA", "instA", "instA", "instA", "instA", "instA", "instA", "instA", "instA", "instA", "instA", "instA", "instA", "instA", "instA", "instA", "instA", "instA", "instA", "instA", "instA", "instA", "instA", "instA", "instA", "instA", "instA", "instA", "instA", "instA", "instA", "instA", "instA", "instA"], "times_days": [0.07151676635279756, 7.0068088869523555, 13.000049230134286, 14.884731223142797, 17.53625756826122, 19.924665388163472, 21.956941677488622, 23.10632851191764, 24.38759444461258, 26.17340419162794, 29.336100171034616, 30.069046916409814, 30.069846307524312, 31.14629558839744, 33.84631234390869, 33.88632510598679, 45.94015801201647, 47.918278333903636, 51.72100813347484, 51.85700146794252, 57.94805821587901, 60.864161206567665, 61.50692720368873, 70.68913295438514, 70.7558866264641, 71.41972072506249, 71.94464624890253, 73.0979885499396, 73.34677827725326, 74.21561097062097, 75.55296958197393, 80.21795771895093, 94.34007223429154, 94.6804639925137, 97.13778074683083, 99.5625217515096, 103.24010245259453, 103.26330790949758, 103.74897725424167, 105.03203233424783, 106.72651032576285, 114.60967313441374, 114.78012469392183, 115.17276563461532, 116.59399957257949, 117.96866353143116, 118.77429292512417, 119.53818704196941, 120.06857469207819, 121.28065700721893, 122.80822255351495, 124.1446668304273, 124.44401141929508, 127.5265351249643, 128.12153372564129, 129.23757942846868, 129.7291598728008, 129.94460025087068, 132.81880154987965, 136.50258249523432, 140.0670506529497, 141.39071313696311, 150.85276662781615, 154.35682353057354, 156.07888262782606, 159.26852385647385, 159.62088215972034, 159.66229590210443, 160.75945895609763, 163.95091523832428, 167.40384527051813, 171.15261418322905, 174.3988398880191, 174.66184678156296, 177.1880526686174, 177.5046249451294, 188.40549663096525, 189.66505050654504, 191.01212906372743, 192.15745515583671]}, "star": {"M_star_sun": 0.8485691467833877, "gamma_ms": 0.0}}, "difficulty_details": {"coverage_inner_periods": 2.802308138414273, "gp_used": false, "minK_ms": 6.336034117083676, "n_obs": 80, "n_planets": 1, "raw_score": 2, "resonances_detected": 0, "snr_like": 7.475037455095898}, "meta": {"noise": {"gp": {"Q0": 1.0, "dQ": 0.1, "f": 0.5, "period_days": 25.0, "sigma_ms": 0.0, "use_gp": false}, "sigma_jitter_ms": 0.24932975489777257, "sigma_white_ms": 0.5982959801096502}, "seed": 503, "source_generated_task_id": "694d9afa-46b0-585b-b7fa-4c948c619a6e", "source_seed": 503}, "observations": {"instruments": ["instA", "instA", "instA", "instA", "instA", "instA", "instA", "instA", "instA", "instA", "instA", "instA", "instA", "instA", "instA", "instA", "instA", "instA", "instA", "instA", "instA", "instA", "instA", "instA", "instA", "instA", "instA", "instA", "instA", "instA", "instA", "instA", "instA", "instA", "instA", "instA", "instA", "instA", "instA", "instA", "instA", "instA", "instA", "instA", "instA", "instA", "instA", "instA", "instA", "instA", "instA", "instA", "instA", "instA", "instA", "instA", "instA", "instA", "instA", "instA", "instA", "instA", "instA", "instA", "instA", "instA", "instA", "instA", "instA", "instA", "instA", "instA", "instA", "instA", "instA", "instA", "instA", "instA", "instA", "instA"], "rvs_ms": [-39.47312242530034, -36.60985840332441, -29.14449081966495, -26.867632877272193, -23.258144105164792, -17.144424005096557, -13.013711273398325, -10.947238424714925, -6.942339915523568, -2.2165652381990384, 7.233587240017985, 9.189071543879935, 9.89716523038392, 12.492018150889226, 23.10675227706259, 23.80852756818375, 66.97991730681152, 63.516849418945164, 36.89366267502396, 35.90815890768583, -15.980917820219094, -26.631776388459677, -29.403754309126924, -39.7607892972127, -38.70059777891219, -39.26781978063208, -39.3212565416495, -38.3857917421756, -38.47482507620657, -37.827898996060284, -36.05913745141932, -31.56644461340607, -3.300541647097901, -3.5601671891433275, 4.181790062820608, 13.47799759033691, 26.02090097625788, 26.463798463581185, 28.237088881260483, 32.61534283600142, 40.976144388018874, 67.20976802724093, 66.68889377702098, 66.45251246224264, 64.66242061206547, 55.684267402045045, 50.58198463492129, 44.30112435323576, 39.40758792674277, 26.52497513192784, 12.45647584170113, 1.1079793602962753, -1.4933287220338265, -21.364873919849302, -23.243213849142922, -27.591000618705618, -29.447756691008838, -29.467540862767052, -36.93108862139651, -38.853388503225204, -40.31951760213914, -38.927291146351045, -26.5196765401738, -21.981264688524817, -19.543833641728718, -11.538481067302438, -11.44284754555466, -12.407197399960626, -9.553624066983827, 0.17037064267306984, 9.471803729088624, 23.199567937020444, 36.20868291521035, 36.819434817565174, 49.4806469424938, 52.97484451175576, 39.9017915614125, 28.13520546958349, 15.765020897776749, 4.650047596391539], "sigmas_ms": [0.5982959801096502, 0.5982959801096502, 0.5982959801096502, 0.5982959801096502, 0.5982959801096502, 0.5982959801096502, 0.5982959801096502, 0.5982959801096502, 0.5982959801096502, 0.5982959801096502, 0.5982959801096502, 0.5982959801096502, 0.5982959801096502, 0.5982959801096502, 0.5982959801096502, 0.5982959801096502, 0.5982959801096502, 0.5982959801096502, 0.5982959801096502, 0.5982959801096502, 0.5982959801096502, 0.5982959801096502, 0.5982959801096502, 0.5982959801096502, 0.5982959801096502, 0.5982959801096502, 0.5982959801096502, 0.5982959801096502, 0.5982959801096502, 0.5982959801096502, 0.5982959801096502, 0.5982959801096502, 0.5982959801096502, 0.5982959801096502, 0.5982959801096502, 0.5982959801096502, 0.5982959801096502, 0.5982959801096502, 0.5982959801096502, 0.5982959801096502, 0.5982959801096502, 0.5982959801096502, 0.5982959801096502, 0.5982959801096502, 0.5982959801096502, 0.5982959801096502, 0.5982959801096502, 0.5982959801096502, 0.5982959801096502, 0.5982959801096502, 0.5982959801096502, 0.5982959801096502, 0.5982959801096502, 0.5982959801096502, 0.5982959801096502, 0.5982959801096502, 0.5982959801096502, 0.5982959801096502, 0.5982959801096502, 0.5982959801096502, 0.5982959801096502, 0.5982959801096502, 0.5982959801096502, 0.5982959801096502, 0.5982959801096502, 0.5982959801096502, 0.5982959801096502, 0.5982959801096502, 0.5982959801096502, 0.5982959801096502, 0.5982959801096502, 0.5982959801096502, 0.5982959801096502, 0.5982959801096502, 0.5982959801096502, 0.5982959801096502, 0.5982959801096502, 0.5982959801096502, 0.5982959801096502, 0.5982959801096502],