{"config": {"engine": "rebound", "instruments": [{"gamma_ms": 0.0, "label": "instA", "sigma_jitter_ms": 0.1783580894492425, "sigma_white_ms": 1.2002360922722426}], "integrator_preference": "whfast", "los_axis": "x", "metadata": {}, "noise": {"gp": {"Q0": 1.0, "dQ": 0.1, "f": 0.5, "period_days": 25.0, "sigma_ms": 0.0, "use_gp": false}, "sigma_jitter_ms": 0.1783580894492425, "sigma_white_ms": 1.2002360922722426}, "planets": [{"Omega_rad": 3.90371731412521, "P_days": 3.52060017387746, "e": 0.06104776182218792, "inc_rad": 1.3413013161058038, "l_rad": 5.95072547639303, "m_sin_i_mjup": 0.5496362316701378, "m_true_mjup": null, "omega_rad": 6.224339606950003}], "schedule": {"instruments": ["instA", "instA", "instA", "instA", "instA", "instA", "instA", "instA", "instA", "instA", "instA", "instA", "instA", "instA", "instA", "instA", "instA", "instA", "instA", "instA", "instA", "instA", "instA", "instA", "instA", "instA", "instA", "instA", "instA", "instA", "instA", "instA", "instA", "instA", "instA", "instA", "instA", "instA", "instA", "instA", "instA", "instA", "instA", "instA", "instA", "instA", "instA", "instA", "instA", "instA", "instA", "instA", "instA", "instA", "instA", "instA", "instA", "instA", "instA", "instA", "instA", "instA", "instA", "instA", "instA", "instA", "instA", "instA", "instA", "instA", "instA", "instA", "instA", "instA", "instA", "instA", "instA", "instA", "instA", "instA", "instA", "instA", "instA", "instA", "instA", "instA", "instA", "instA", "instA", "instA", "instA", "instA", "instA", "instA", "instA", "instA", "instA", "instA", "instA", "instA", "instA"], "times_days": [0.16198657920322912, 0.18212171906355737, 0.1975202377127631, 0.4498699281686577, 0.6142386638231401, 0.6175329315866439, 0.8258214654713416, 0.8292557760242819, 0.982762709233845, 1.2298921485810952, 1.3991517301188297, 1.4360255326348312, 1.4403286180136265, 1.7113557367137715, 1.8202703739448487, 1.8763240703311224, 1.998932615531605, 2.022745251872352, 2.0262504405680355, 2.400791634173057, 2.6312148728325964, 2.633395527969935, 2.7040411541010894, 2.704651297916544, 2.816379136398171, 2.894600970128739, 3.3377775810212698, 3.7223927896481435, 3.7355517477740294, 3.80484735350647, 3.810032611513445, 3.929021773723992, 4.058417303364958, 4.132766972099348, 4.202932253083914, 4.205411544168683, 4.344166090752778, 4.791896360271893, 4.801086826587122, 4.825908651181443, 4.888261782045798, 4.988188006862519, 5.005621377767829, 5.248521928915351, 5.262310093629671, 5.267464114422613, 5.370351832686064, 5.420837358875167, 5.469321151293176, 5.688420650767159, 5.76933145784134, 5.799093312851985, 5.979656641043388, 6.073066398409542, 6.217800785230419, 6.34122839257768, 6.398346105413955, 6.603472862844589, 6.7346107230644385, 6.827958303699396, 6.832443548624682, 6.963162157771344, 6.965243950182803, 7.133574577252882, 7.18234423358395, 7.905564692236255, 7.929058837574353, 7.973887573772817, 8.231697519753126, 8.935421323237238, 8.985167147426552, 9.197620786841316, 9.230185449591742, 9.843632344013871, 9.861058588752504, 10.23327980965521, 10.347045220188964, 10.490983498425143, 10.618772612586838, 10.703710239407057, 10.801157676725246, 10.836758007796522, 10.889352299093483, 10.942861002326302, 10.96982084344697, 11.065937940943055, 11.070633269337648, 11.117384964381339, 11.139109258066169, 11.635030000442798, 11.851482188664784, 11.91694933065248, 11.917121111106646, 12.051037878470366, 12.240660504822312, 12.329121276954263, 12.41905286582072, 12.432216906663012, 12.460872388945146, 12.55042315563013, 12.605144140724873]}, "star": {"M_star_sun": 0.9863682565143139, "gamma_ms": 0.0}}, "difficulty_details": {"coverage_inner_periods": 3.5343853169833843, "gp_used": false, "minK_ms": 74.24588838232803, "n_obs": 101, "n_planets": 1, "raw_score": 1, "resonances_detected": 0, "snr_like": 53.856232215934156}, "meta": {"noise": {"gp": {"Q0": 1.0, "dQ": 0.1, "f": 0.5, "period_days": 25.0, "sigma_ms": 0.0, "use_gp": false}, "sigma_jitter_ms": 0.1783580894492425, "sigma_white_ms": 1.2002360922722426}, "patch_profile": "easy_bias_for_diff1", "seed": 300016, "source_generated_task_id": "ff7f6660-55e1-515f-8485-b2278c49fec2", "source_seed": 300016}, "observations": {"instruments": ["instA", "instA", "instA", "instA", "instA", "instA", "instA", "instA", "instA", "instA", "instA", "instA", "instA", "instA", "instA", "instA", "instA", "instA", "instA", "instA", "instA", "instA", "instA", "instA", "instA", "instA", "instA", "instA", "instA", "instA", "instA", "instA", "instA", "instA", "instA", "instA", "instA", "instA", "instA", "instA", "instA", "instA", "instA", "instA", "instA", "instA", "instA", "instA", "instA", "instA", "instA", "instA", "instA", "instA", "instA", "instA", "instA", "instA", "instA", "instA", "instA", "instA", "instA", "instA", "instA", "instA", "instA", "instA", "instA", "instA", "instA", "instA", "instA", "instA", "instA", "instA", "instA", "instA", "instA", "instA", "instA", "instA", "instA", "instA", "instA", "instA", "instA", "instA", "instA", "instA", "instA", "instA", "instA", "instA", "instA", "instA", "instA", "instA", "instA", "instA", "instA"], "rvs_ms": [-11.100983475328622, -8.409237244286677, -4.54137553068871, 27.195383240929477, 46.107053761595665, 45.22915143014682, 61.81100876145914, 61.311193753545226, 68.9676626838507, 66.09106548148421, 58.52783396467817, 53.76682542713488, 53.60743167458009, 28.685675268385786, 21.42984356989772, 17.569225702705765, -0.9226904924145443, 2.0867788635765434, -3.926905623226512, -41.416919008488044, -56.61618399090612, -58.596959358100484, -62.696098040496494, -63.845943028318246, -69.45239063906257, -66.87335745753228, -49.276653275844424, -5.050821571759216, -3.5416812791122148, 7.1082977468474775, 7.208851568747709, 22.78134283696533, 39.2696371529022, 45.052901265985014, 53.41158811420584, 54.930109788073516, 64.23717724897895, 62.90751250557533, 62.78705012147686, 60.5608780225643, 59.90434219004167, 51.62033839946704, 49.39070483589698, 30.513457468381993, 27.429398656955406, 27.818238321385195, 18.331178712693525, 11.620394805062313, 5.506969454077478, -17.238918939535495, -23.79724079259392, -27.255187650643173, -48.530715789092525, -53.329437540922385, -63.59076929836927, -70.00673755039855, -67.9547711794448, -68.17153459119926, -61.43884579584961, -53.08096620334956, -54.95417262027287, -41.40271269033383, -40.2176349059656, -18.74112650601259, -15.064223207465432, 63.225827664634046, 65.46935795915823, 65.59340439359113, 66.7166257747801, 12.624238109420789, 6.843581655778611, -15.220461729555703, -20.08147149699627, -66.21150088802892, -66.39882000473497, -62.79105833660949, -54.84244965390076, -42.93994304003768, -24.538212150088786, -13.947928380319846, -1.7593345660452302, 4.928350364804827, 11.605718382795324, 18.571314553578446, 24.142412422908436, 36.02479180378854, 35.82906394028798, 41.15201193571185, 43.22370471304115, 66.72885654073956, 62.25065522442347, 60.888508660422005, 57.62571096420679, 50.3194768042093, 36.313780420286115, 26.80488215643211, 19.083494576216417, 13.498157794927813, 11.804757091973862, 2.0527282950154784, -4.627276930299221],