{"config": {"engine": "rebound", "instruments": [{"gamma_ms": 0.0, "label": "instA", "sigma_jitter_ms": 0.05561813445876396, "sigma_white_ms": 0.8278741432771779}], "integrator_preference": "whfast", "los_axis": "x", "metadata": {}, "noise": {"gp": {"Q0": 1.0, "dQ": 0.1, "f": 0.5, "period_days": 25.0, "sigma_ms": 0.0, "use_gp": false}, "sigma_jitter_ms": 0.05561813445876396, "sigma_white_ms": 0.8278741432771779}, "planets": [{"Omega_rad": 5.893450751562106, "P_days": 15.997192445697292, "e": 0.16495413927323374, "inc_rad": 1.2623832070452985, "l_rad": 5.472546538444476, "m_sin_i_mjup": 0.13562812462439788, "m_true_mjup": null, "omega_rad": 5.791701526563831}, {"Omega_rad": 5.995296984759062, "P_days": 21.677879347852112, "e": 0.012055013816505361, "inc_rad": 1.479193219804636, "l_rad": 1.0657326988001237, "m_sin_i_mjup": 0.2577946463053301, "m_true_mjup": null, "omega_rad": 3.010272251432373}], "schedule": {"instruments": ["instA", "instA", "instA", "instA", "instA", "instA", "instA", "instA", "instA", "instA", "instA", "instA", "instA", "instA", "instA", "instA", "instA", "instA", "instA", "instA", "instA", "instA", "instA", "instA", "instA", "instA", "instA", "instA", "instA", "instA", "instA", "instA", "instA", "instA", "instA", "instA", "instA", "instA", "instA", "instA", "instA", "instA", "instA", "instA", "instA", "instA", "instA", "instA", "instA", "instA", "instA", "instA", "instA", "instA", "instA", "instA", "instA", "instA", "instA", "instA", "instA", "instA", "instA", "instA", "instA", "instA", "instA", "instA", "instA", "instA", "instA", "instA", "instA", "instA", "instA", "instA", "instA", "instA", "instA", "instA"], "times_days": [0.8569008361130022, 0.9213426446464945, 1.2971931223584088, 2.0993026795948158, 2.6050202366737527, 3.5543620114471306, 3.624052762777905, 4.349158990837918, 4.4085245151493275, 5.039402793457992, 5.585887696534931, 6.326269848102271, 6.680809876540961, 7.787773526436266, 8.031145210183123, 8.276410855085352, 8.40492257551164, 9.34425821189768, 11.585005789469626, 12.007754840485244, 12.373008671191002, 12.5928222352057, 12.632073748949558, 13.127255168863005, 15.987280307949236, 16.212644595229804, 16.578357144628615, 16.72254498069601, 17.65768450113437, 18.629596533756057, 19.15967666598137, 21.235072800965753, 22.00917541521817, 22.67196069142238, 22.860918661510624, 24.123259164947136, 24.209805358430234, 25.41508709755843, 26.393823927110425, 26.839220886178722, 26.846927268399053, 29.787968201883803, 31.190835172718455, 33.9773513329254, 34.37684030820615, 35.131492442835246, 36.24424678695011, 37.66752584104221, 37.839963881645396, 38.02979372051784, 38.873864856891764, 39.00539380179034, 39.65336228431962, 40.00425111668705, 40.513057787617775, 40.844366500080504, 44.168550318225435, 44.50456113946523, 44.608014532646536, 44.68879807047794, 44.82853054523223, 45.04285415058067, 46.233617775001036, 47.70608830136495, 47.85437204373855, 47.98284597012506, 48.56125253503423, 48.598138904811236, 49.47681827976166, 50.781171124227996, 51.6733001095869, 52.22669421652611, 52.48460079035091, 52.56627965499538, 53.06502103897976, 53.617364333018635, 53.88531638744539, 54.090414857501244, 54.1010927246519, 54.99889226761082]}, "star": {"M_star_sun": 1.1102437156673997, "gamma_ms": 0.0}}, "difficulty_details": {"coverage_inner_periods": 3.38446834438503, "gp_used": false, "minK_ms": 10.345018509560067, "n_obs": 80, "n_planets": 2, "raw_score": 2, "resonances_detected": 0, "snr_like": 11.709234783659292}, "meta": {"noise": {"gp": {"Q0": 1.0, "dQ": 0.1, "f": 0.5, "period_days": 25.0, "sigma_ms": 0.0, "use_gp": false}, "sigma_jitter_ms": 0.05561813445876396, "sigma_white_ms": 0.8278741432771779}, "seed": 210, "source_generated_task_id": "9a0fcb50-3fbc-5cbd-aff7-19c7008d80b8", "source_seed": 210}, "observations": {"instruments": ["instA", "instA", "instA", "instA", "instA", "instA", "instA", "instA", "instA", "instA", "instA", "instA", "instA", "instA", "instA", "instA", "instA", "instA", "instA", "instA", "instA", "instA", "instA", "instA", "instA", "instA", "instA", "instA", "instA", "instA", "instA", "instA", "instA", "instA", "instA", "instA", "instA", "instA", "instA", "instA", "instA", "instA", "instA", "instA", "instA", "instA", "instA", "instA", "instA", "instA", "instA", "instA", "instA", "instA", "instA", "instA", "instA", "instA", "instA", "instA", "instA", "instA", "instA", "instA", "instA", "instA", "instA", "instA", "instA", "instA", "instA", "instA", "instA", "instA", "instA", "instA", "instA", "instA", "instA", "instA"], "rvs_ms": [8.798257584918261, 10.079332195674509, 10.774431741273629, 16.136994733007654, 17.011479137411957, 19.305240646755273, 19.126889560790225, 19.071812166255267, 17.056893426410305, 16.74158269159208, 12.698525650187838, 10.293068392585049, 8.598452730509901, 1.3868927063608778, 0.6381610079292219, -2.2400949647907247, -2.68469809417858, -6.952577549442859, -17.487875566421003, -19.64391442337823, -20.578743832410737, -20.185064414633064, -20.675287558915567, -19.597936810144162, -14.482695060913894, -13.712448172582958, -9.817364313666419, -7.389040129433833, 0.3850218459079211, 8.63629157216736, 10.360870757413585, 22.161883853885552, 21.776959099981795, 20.387517597948957, 20.583445079932478, 16.538019112373405, 18.968898336113437, 12.671917975634452, 6.684300337983537, 5.052082208202888, 3.7602308651046057, -14.894865202236158, -18.355395330884974, -11.573941427756912, -8.994312749703674, -6.539278351082164, -2.246325675481269, 0.8520128032079769, 0.7782436071004777, 1.8049519434656487, 5.290291911241239, 5.313878909056214, 5.0275702204226445, 7.302612633718846, 7.530725524807395, 7.675288325666747, 8.157738614854157, 7.127648709941951, 7.378371207080536, 6.300426862319557, 7.60057145849567, 4.8115817877461815, 5.06368668594554, 0.19944700172139274, 1.1110786482251032, 1.6789624633905986, -0.269948647867432, 1.3438495160325534, 2.9151022162618334, 2.9035113041017397, 0.25208416836793535, 1.620004026787665, 0.020345637669123402, -0.5176717561345234, -2.2924406879287353, -2.72861989997349, -4.5404176029561905, -5.412390714950688, -4.19176193011213, -6.540689173647568], "sigmas_ms": [0.8278741432771779, 0.8278741432771779, 0.8278741432771779, 0.8278741432771779, 0.8278741432771779, 0.8278741432771779, 0.8278741432771779, 0.8278741432771779, 0.8278741432771779, 0.8278741432771779, 0.8278741432771779, 0.8278741432771779, 0.8278741432771779, 0.8278741432771779, 0.8278741432771779, 0.8278741432771779, 0.8278741432771779, 0.8278741432771779, 0.8278741432771779, 0.8278741432771779, 0.8278741432771779, 0.8278741432771779, 0.8278741432771779, 0.8278741432771779, 0.8278741432771779, 0.8278741432771779, 0.8278741432771779, 0.8278741432771779, 0.8278741432771779, 0.8278741432771779, 0.8278741432771779, 0.8278741432771779, 0.8278741432771779, 0.8278741432771779, 0.8278741432771779, 0.8278741432771779, 0.8278741432771779, 0.8278741432771779, 0.8278741432771779, 0.8278741432771779, 0.8278741432771779, 0.8278741432771779, 0.8278741432771779, 0.8278741432771779, 0.8278741432771779, 0.8278741432771779, 0.8278741432771779, 0.8278741432771779, 0.8278741432771779, 0.8278741432771779, 0.8278741432771779, 0.8278741432771779, 0.8278741432771779, 0.8278741432771779, 0.8278741432771779, 0.8278741432771779, 0.8278741432771779, 0.8278741432771779, 0.8278741432771779, 0.8278741432771779, 0.8278741432771779, 0.8278741432771779, 0.8278741432771779, 0.8278741432771779, 0.8278741432771779, 0.8278741432771779, 0.8278741432771779, 0.8278741432771779, 0.8278741432771779, 0.8278741432771779, 0.8278741432771779, 0.8278741432771779, 0.8278741432771779, 0.8278741432771779, 0.8278741432771779, 0.8278741432771779, 0.8278741432771779, 0.8278741432771779, 0.8278741432771779, 0.8278741432771779],