{"config": {"engine": "rebound", "instruments": [{"gamma_ms": 0.0, "label": "instA", "sigma_jitter_ms": 0.011558106832780411, "sigma_white_ms": 1.8970370004048394}], "integrator_preference": "whfast", "los_axis": "x", "metadata": {}, "noise": {"gp": {"Q0": 1.0, "dQ": 0.1, "f": 0.5, "period_days": 25.0, "sigma_ms": 0.0, "use_gp": false}, "sigma_jitter_ms": 0.011558106832780411, "sigma_white_ms": 1.8970370004048394}, "planets": [{"Omega_rad": 5.755738546127659, "P_days": 47.59328201435763, "e": 0.0083095703231757, "inc_rad": 1.2978431147979057, "l_rad": 4.236063326989363, "m_sin_i_mjup": 0.9524371717028225, "m_true_mjup": null, "omega_rad": 0.3003946593338256}], "schedule": {"instruments": ["instA", "instA", "instA", "instA", "instA", "instA", "instA", "instA", "instA", "instA", "instA", "instA", "instA", "instA", "instA", "instA", "instA", "instA", "instA", "instA", "instA", "instA", "instA", "instA", "instA", "instA", "instA", "instA", "instA", "instA", "instA", "instA", "instA", "instA", "instA", "instA", "instA", "instA", "instA", "instA", "instA", "instA", "instA", "instA", "instA", "instA", "instA", "instA", "instA", "instA", "instA", "instA", "instA", "instA", "instA", "instA", "instA", "instA", "instA", "instA", "instA", "instA", "instA", "instA", "instA", "instA", "instA", "instA", "instA", "instA", "instA", "instA", "instA", "instA", "instA", "instA", "instA", "instA", "instA", "instA"], "times_days": [0.27857915929733373, 3.6842304474819088, 5.349817862396456, 7.880496921706777, 8.019326095837307, 15.907682487516261, 16.781095800015045, 16.960609959691794, 19.005162036829415, 21.2579761899272, 22.70365787194056, 23.277299114771754, 25.843095347700952, 28.68016171904582, 30.165370976112442, 30.619981047575187, 30.77985543654366, 31.165991402288416, 33.69850712710667, 34.73528846810398, 35.80857133574824, 36.948587912054656, 39.47600677783902, 41.753436369935464, 43.819436827437755, 45.24028045690822, 45.824025319311694, 47.17546289754125, 48.143326514776454, 48.3438410853503, 48.65400040673268, 52.016987948165855, 53.41650736394582, 54.90053422148347, 56.67450069544185, 57.26745619636998, 59.136421326059505, 64.68617148364228, 65.7487284616797, 66.04217350847442, 66.3277679570899, 70.03731641628148, 70.14207887073606, 70.37722364616704, 70.78328424038493, 74.31027458753863, 75.44131211662459, 76.62227533116332, 77.71289805698163, 78.01515667607903, 78.28771272113, 79.92098761249635, 81.42209975929448, 83.42881126828414, 85.64949472228933, 86.66372700244973, 89.36975858144284, 89.74699119987557, 89.92158925270023, 91.79743408721713, 93.11836684475963, 94.39446466520145, 95.89308443106032, 97.55909242455746, 97.68173299211955, 98.93900725973874, 101.31916918248567, 102.50566023258936, 102.60611121795888, 103.27243381974192, 103.58652571181936, 105.03978121798963, 105.187601967167, 105.427773498151, 105.85878755949912, 109.80668813505206, 110.71501891492426, 111.2308924353326, 111.59110219775651, 111.60565263681235]}, "star": {"M_star_sun": 1.2305082488398822, "gamma_ms": 0.0}}, "difficulty_details": {"coverage_inner_periods": 2.339134196375249, "gp_used": false, "minK_ms": 46.51906663057411, "n_obs": 80, "n_planets": 1, "raw_score": 2, "resonances_detected": 0, "snr_like": 24.373460067129102}, "meta": {"noise": {"gp": {"Q0": 1.0, "dQ": 0.1, "f": 0.5, "period_days": 25.0, "sigma_ms": 0.0, "use_gp": false}, "sigma_jitter_ms": 0.011558106832780411, "sigma_white_ms": 1.8970370004048394}, "seed": 1206, "source_generated_task_id": "fed173f6-0cbe-5dbb-8436-cb50e4bd66fb", "source_seed": 1206}, "observations": {"instruments": ["instA", "instA", "instA", "instA", "instA", "instA", "instA", "instA", "instA", "instA", "instA", "instA", "instA", "instA", "instA", "instA", "instA", "instA", "instA", "instA", "instA", "instA", "instA", "instA", "instA", "instA", "instA", "instA", "instA", "instA", "instA", "instA", "instA", "instA", "instA", "instA", "instA", "instA", "instA", "instA", "instA", "instA", "instA", "instA", "instA", "instA", "instA", "instA", "instA", "instA", "instA", "instA", "instA", "instA", "instA", "instA", "instA", "instA", "instA", "instA", "instA", "instA", "instA", "instA", "instA", "instA", "instA", "instA", "instA", "instA", "instA", "instA", "instA", "instA", "instA", "instA", "instA", "instA", "instA", "instA"], "rvs_ms": [-37.027302124953216, -40.05869611552948, -38.60844620831434, -36.075309847129674, -33.966535241282706, 3.406544854633307, 14.469183388089167, 13.59610184372199, 22.63083822947549, 28.403060941851535, 38.9509132116585, 38.27628659205067, 41.83226742646548, 41.05965242087537, 39.50927208226641, 33.46894757395781, 34.53889703977638, 33.55733495180398, 25.8207717397272, 22.158805200561, 12.438848027157777, 10.487918067086017, -6.587610880430691, -15.819550242977042, -27.61852623320476, -30.904357762757304, -30.969354177896346, -35.41017269983996, -37.622909770867686, -37.55437955279329, -40.21987571248386, -41.017885783655245, -37.79910905603703, -37.079799517628764, -28.529695189925853, -29.17317587062373, -18.222371822403463, 11.603558166650863, 17.193036661448176, 16.435025092667335, 18.386005425845628, 39.640903645415875, 36.580030487356495, 36.754955826379, 39.54201968822867, 41.703859479807306, 43.69577942643161, 38.60366144272148, 38.33987981959695, 35.14979508980574, 34.86393538378036, 31.157492725465215, 28.455722007588847, 15.55221698676457, 2.2823359488940818, -1.403079762031256, -18.21747958032194, -15.774397554135085, -20.49936903268219, -30.58288681277255, -30.87281414692248, -35.221539930904335, -40.23567787135442, -40.67746672081571, -40.46685183845563, -42.68645178340862, -41.17539210177371, -35.2364186015643, -34.50802728266087, -32.70400927229337, -31.38578476064253, -26.80375215894022, -22.951929871153865, -21.05807662540254, -25.137555829590198, 0.9365246723869807, 6.904535983160274, 8.468009266389533, 8.199756378970584, 10.003044995165089], "sigmas_ms": [1.8970370004048394, 1.8970370004048394, 1.8970370004048394, 1.8970370004048394, 1.8970370004048394, 1.8970370004048394, 1.8970370004048394, 1.8970370004048394, 1.8970370004048394, 1.8970370004048394, 1.8970370004048394, 1.8970370004048394, 1.8970370004048394, 1.8970370004048394, 1.8970370004048394, 1.8970370004048394, 1.8970370004048394, 1.8970370004048394, 1.8970370004048394, 1.8970370004048394, 1.8970370004048394, 1.8970370004048394, 1.8970370004048394, 1.8970370004048394, 1.8970370004048394, 1.8970370004048394, 1.8970370004048394, 1.8970370004048394, 1.8970370004048394, 1.8970370004048394, 1.8970370004048394, 1.8970370004048394, 1.8970370004048394, 1.8970370004048394, 1.8970370004048394, 1.8970370004048394, 1.8970370004048394, 1.8970370004048394, 1.8970370004048394, 1.8970370004048394, 1.8970370004048394, 1.8970370004048394, 1.8970370004048394, 1.8970370004048394, 1.8970370004048394, 1.8970370004048394, 1.8970370004048394, 1.8970370004048394, 1.8970370004048394, 1.8970370004048394, 1.8970370004048394, 1.8970370004048394, 1.8970370004048394, 1.8970370004048394, 1.8970370004048394, 1.8970370004048394, 1.8970370004048394, 1.8970370004048394, 1.8970370004048394, 1.8970370004048394, 1.8970370004048394, 1.8970370004048394, 1.8970370004048394, 1.8970370004048394, 1.8970370004048394, 1.8970370004048394, 1.8970370004048394, 1.8970370004048394, 1.8970370004048394, 1.8970370004048394, 1.8970370004048394, 1.8970370004048394, 1.8970370004048394, 1.8970370004048394, 1.8970370004048394, 1.8970370004048394, 1.8970370004048394, 1.8970370004048394, 1.8970370004048394, 1.8970370004048394],