{"config": {"engine": "rebound", "instruments": [{"gamma_ms": 0.0, "label": "instA", "sigma_jitter_ms": 0.3775685120662498, "sigma_white_ms": 0.7700024321544642}], "integrator_preference": "whfast", "los_axis": "x", "metadata": {}, "noise": {"gp": {"Q0": 1.0, "dQ": 0.1, "f": 0.5, "period_days": 25.0, "sigma_ms": 0.0, "use_gp": false}, "sigma_jitter_ms": 0.3775685120662498, "sigma_white_ms": 0.7700024321544642}, "planets": [{"Omega_rad": 3.880466228894136, "P_days": 26.97308549504165, "e": 0.09468098782783206, "inc_rad": 0.6630697548881425, "l_rad": 5.410525506880313, "m_sin_i_mjup": 0.03391614067043423, "m_true_mjup": null, "omega_rad": 6.175072588726728}], "schedule": {"instruments": ["instA", "instA", "instA", "instA", "instA", "instA", "instA", "instA", "instA", "instA", "instA", "instA", "instA", "instA", "instA", "instA", "instA", "instA", "instA", "instA", "instA", "instA", "instA", "instA", "instA", "instA", "instA", "instA", "instA", "instA", "instA", "instA", "instA", "instA", "instA", "instA", "instA", "instA", "instA", "instA", "instA", "instA", "instA", "instA", "instA", "instA", "instA", "instA", "instA", "instA", "instA", "instA", "instA", "instA", "instA", "instA", "instA", "instA", "instA", "instA", "instA", "instA", "instA", "instA", "instA", "instA", "instA", "instA", "instA", "instA", "instA", "instA", "instA", "instA", "instA", "instA", "instA", "instA", "instA", "instA"], "times_days": [1.1743303493593331, 1.3284596633963819, 1.6091158240015595, 2.449239846876242, 2.5027197193298187, 2.6688133698260557, 3.955734288265706, 4.212230806156049, 5.798233759889125, 6.537255593798981, 7.319891027183125, 8.062428601901084, 9.112986243583718, 9.268211578002148, 9.485763168504683, 10.276741060621145, 10.334959378336759, 10.564033824818674, 11.352974816428992, 12.395428435765181, 13.11014498896352, 13.390529877436734, 13.493745341799192, 13.900068204765068, 15.0227048131524, 15.18645379907052, 15.451537467373694, 16.170429830625796, 17.176336617228547, 17.824644937981915, 18.226945313487267, 21.53843448089538, 21.604469726715646, 22.30878395584822, 23.653684501451565, 23.862312509634148, 25.702382832825837, 26.162125580540504, 27.781401270769024, 27.790223730321134, 27.951033371075876, 28.68113971483226, 28.73334100440737, 29.338956415434886, 29.412537805509274, 30.847182513588535, 31.768458598461677, 31.804664414645075, 32.22356774790871, 32.714310057655716, 34.48062180745121, 34.541058480780144, 34.76333107353841, 34.984316281287136, 35.76794672311828, 36.41982644840638, 37.29745278814136, 37.75993684102432, 41.49415010858824, 41.61970865543462, 43.0895056888251, 43.09458525952238, 44.643085351882945, 44.91453348690202, 47.274369631725186, 47.6899536171786, 48.77855505383813, 49.40185731902037, 49.47679215838278, 51.36504289109849, 53.464414859214905, 53.488099517951355, 53.53962813554676, 53.940622962806884, 54.54130116601838, 54.72677122108977, 55.0389771533892, 55.31497661081494, 55.67132394951606, 56.28453803146349]}, "star": {"M_star_sun": 1.0037933791428697, "gamma_ms": 0.0}}, "difficulty_details": {"coverage_inner_periods": 2.043155488912636, "gp_used": false, "minK_ms": 2.3030672767368747, "n_obs": 80, "n_planets": 1, "raw_score": 3, "resonances_detected": 0, "snr_like": 2.006906229488782}, "meta": {"noise": {"gp": {"Q0": 1.0, "dQ": 0.1, "f": 0.5, "period_days": 25.0, "sigma_ms": 0.0, "use_gp": false}, "sigma_jitter_ms": 0.3775685120662498, "sigma_white_ms": 0.7700024321544642}, "seed": 29, "source_generated_task_id": "185d8c1e-beb8-587c-bf90-703e83c3caab", "source_seed": 29}, "observations": {"instruments": ["instA", "instA", "instA", "instA", "instA", "instA", "instA", "instA", "instA", "instA", "instA", "instA", "instA", "instA", "instA", "instA", "instA", "instA", "instA", "instA", "instA", "instA", "instA", "instA", "instA", "instA", "instA", "instA", "instA", "instA", "instA", "instA", "instA", "instA", "instA", "instA", "instA", "instA", "instA", "instA", "instA", "instA", "instA", "instA", "instA", "instA", "instA", "instA", "instA", "instA", "instA", "instA", "instA", "instA", "instA", "instA", "instA", "instA", "instA", "instA", "instA", "instA", "instA", "instA", "instA", "instA", "instA", "instA", "instA", "instA", "instA", "instA", "instA", "instA", "instA", "instA", "instA", "instA", "instA", "instA"], "rvs_ms": [-2.1001744331355927, -1.8539887075433348, -1.5270082560814513, -0.5693633828677002, 1.2465005054185692, -0.8976286512305901, 0.2862254726900797, -1.4561675123111888, 0.4605078559897706, 4.350921181761378, 5.304142044391758, 3.6633161426120036, 3.47314472286624, 4.038452477872796, 1.833191727829361, 3.1109099613364806, 3.2127349510904595, 5.0211777040195855, 2.520928943967922, 3.3284929527672773, 3.318480177482859, 3.483995266900692, 2.1361906285643943, 1.695521908991327, -0.2527345811893664, 2.493800467105293, 2.3516066223262957, 0.436403949992956, 0.35652157144007846, -1.4956059114961697, -0.7607794394458953, -2.067926913570465, -3.140919551101776, -3.0105031132172173, -2.5844512877386756, -3.0589291164865093, -4.13343079307368, -2.114713981329104, -1.1959548722699354, -1.8513486746730679, -2.085985140496539, -1.4185562225119899, -1.2316874401656315, -2.524435515856146, -0.44598863343837003, -0.6505769245568402, 1.1667351101231918, 0.9454103760628969, 1.8320877128548865, 3.3651733898295753, 3.5015821084146603, 2.97192465536039, 3.7475520999227445, 3.361010951560346, 2.0696758129412913, 2.022892936387538, 3.104066742269906, 5.20474284275474, 1.68323100946472, 2.4101245321513196, 1.988816520319471, -0.2509680429175405, 0.9665294718592823, 0.3491620001268142, -1.5169197806501589, -1.4073201427621713, -4.604764739800466, -2.9790848110357606, -4.488393419306318, -3.3723827029865694, -3.5543994068348845, -3.7661297792031783, -2.8758151580226823, -4.722217171015151, -2.7984528288040935, -0.8724777795675331, -1.6372494417328949, -3.1389958288581985, -1.662100258600266, -1.62202609303836], "sigmas_ms": [0.7700024321544642, 0.7700024321544642, 0.7700024321544642, 0.7700024321544642, 0.7700024321544642, 0.7700024321544642, 0.7700024321544642, 0.7700024321544642, 0.7700024321544642, 0.7700024321544642, 0.7700024321544642, 0.7700024321544642, 0.7700024321544642, 0.7700024321544642, 0.7700024321544642, 0.7700024321544642, 0.7700024321544642, 0.7700024321544642, 0.7700024321544642, 0.7700024321544642, 0.7700024321544642, 0.7700024321544642, 0.7700024321544642, 0.7700024321544642, 0.7700024321544642, 0.7700024321544642, 0.7700024321544642, 0.7700024321544642, 0.7700024321544642, 0.7700024321544642, 0.7700024321544642, 0.7700024321544642, 0.7700024321544642, 0.7700024321544642, 0.7700024321544642, 0.7700024321544642, 0.7700024321544642, 0.7700024321544642, 0.7700024321544642, 0.7700024321544642, 0.7700024321544642, 0.7700024321544642, 0.7700024321544642, 0.7700024321544642, 0.7700024321544642, 0.7700024321544642, 0.7700024321544642, 0.7700024321544642, 0.7700024321544642, 0.7700024321544642, 0.7700024321544642, 0.7700024321544642, 0.7700024321544642, 0.7700024321544642, 0.7700024321544642, 0.7700024321544642, 0.7700024321544642, 0.7700024321544642, 0.7700024321544642, 0.7700024321544642, 0.7700024321544642, 0.7700024321544642, 0.7700024321544642, 0.7700024321544642, 0.7700024321544642, 0.7700024321544642, 0.7700024321544642, 0.7700024321544642, 0.7700024321544642, 0.7700024321544642, 0.7700024321544642, 0.7700024321544642, 0.7700024321544642, 0.7700024321544642, 0.7700024321544642, 0.7700024321544642, 0.7700024321544642, 0.7700024321544642, 0.7700024321544642, 0.7700024321544642],