{"config": {"engine": "rebound", "instruments": [{"gamma_ms": 0.0, "label": "instA", "sigma_jitter_ms": 0.11238302393471507, "sigma_white_ms": 3.059900035311465}], "integrator_preference": "whfast", "los_axis": "x", "metadata": {}, "noise": {"gp": {"Q0": 1.0, "dQ": 0.1, "f": 0.5, "period_days": 25.0, "sigma_ms": 0.0, "use_gp": false}, "sigma_jitter_ms": 0.11238302393471507, "sigma_white_ms": 3.059900035311465}, "planets": [{"Omega_rad": 1.4185630105109275, "P_days": 5.920631356367038, "e": 0.00016306137078328297, "inc_rad": 1.4492158910634276, "l_rad": 5.76066451694359, "m_sin_i_mjup": 0.05445761208034519, "m_true_mjup": null, "omega_rad": 4.818113324019795}], "schedule": {"instruments": ["instA", "instA", "instA", "instA", "instA", "instA", "instA", "instA", "instA", "instA", "instA", "instA", "instA", "instA", "instA", "instA", "instA", "instA", "instA", "instA", "instA", "instA", "instA", "instA", "instA", "instA", "instA", "instA", "instA", "instA", "instA", "instA", "instA", "instA", "instA", "instA", "instA", "instA", "instA", "instA", "instA", "instA", "instA", "instA", "instA", "instA", "instA", "instA", "instA", "instA", "instA", "instA"], "times_days": [0.004288737782912466, 0.027849023682257935, 0.2221619243598034, 0.4061095744600185, 1.0054879962769985, 1.065114675380816, 1.1393752433624074, 1.3390112125255125, 1.666936940595224, 1.7000355957903093, 1.8954691112799826, 2.0165690482944267, 2.5502150858708648, 2.5883489197610796, 2.6538093177208797, 2.9770170307233017, 3.103092406939715, 3.35383403761064, 3.829634852295185, 4.058825573281744, 4.119983008023488, 4.863068959234701, 5.05834373139303, 5.168870181469619, 5.295142882640057, 5.543642029305267, 5.685146525909523, 6.520212346362257, 6.957161201909676, 7.442459192747037, 7.445736719621085, 7.578058695617705, 7.660574412328654, 8.029154492593708, 8.203501559797434, 8.318921178428436, 8.609661501739225, 8.687259006725869, 9.266399552991151, 9.290528482896645, 9.906604088421991, 10.478374071137448, 10.539574739197478, 10.541453869731738, 10.799078545497228, 10.81594352419515, 10.856717203237856, 11.8236220564719, 12.60139605290871, 12.745220893980278, 12.886217970287145, 13.618811144520821]}, "star": {"M_star_sun": 0.7001872211026021, "gamma_ms": 0.0}}, "difficulty_details": {"coverage_inner_periods": 2.2995051688359, "gp_used": false, "minK_ms": 7.759094448027308, "n_obs": 52, "n_planets": 1, "raw_score": 4, "resonances_detected": 0, "snr_like": 2.4459023054112574}, "meta": {"noise": {"gp": {"Q0": 1.0, "dQ": 0.1, "f": 0.5, "period_days": 25.0, "sigma_ms": 0.0, "use_gp": false}, "sigma_jitter_ms": 0.11238302393471507, "sigma_white_ms": 3.059900035311465}, "seed": 25, "source_generated_task_id": "a43188cd-fcb4-57e6-b902-7ff3c8f86e40", "source_seed": 25}, "observations": {"instruments": ["instA", "instA", "instA", "instA", "instA", "instA", "instA", "instA", "instA", "instA", "instA", "instA", "instA", "instA", "instA", "instA", "instA", "instA", "instA", "instA", "instA", "instA", "instA", "instA", "instA", "instA", "instA", "instA", "instA", "instA", "instA", "instA", "instA", "instA", "instA", "instA", "instA", "instA", "instA", "instA", "instA", "instA", "instA", "instA", "instA", "instA", "instA", "instA", "instA", "instA", "instA", "instA"], "rvs_ms": [-0.4305609685026921, -5.528610050794466, -3.840532335608699, -2.6471517868033048, 3.7656984451520703, 4.459743221734875, 3.541042891752854, 8.295969486380345, 7.440219974108512, 7.42026672274186, 1.7001075734648667, 3.5385297539219653, 4.379134277912845, 7.4338446650244805, 3.3488665498310293, 8.761169282898365, 3.5120978338514073, 1.8586961746909492, -2.423200995720518, -2.949586477365335, -2.03313862304896, -9.424299535817255, -2.9403627961891026, -9.984482041793445, -5.722108105546914, -6.986925718561924, -6.1211038535197435, 2.680408735503518, 4.648341818616344, 11.706713975166362, 5.243059737323833, 8.841407057805856, 9.264791935184508, 14.198690749741456, 12.36843832641275, 9.265035563416983, 10.933060478739273, 7.9688399379967025, -1.2565440198999025, 1.9540464981271315, -0.19344990226060155, -8.668168613963502, -2.5913275443305217, -6.182640168107129, -9.67563618348964, -6.34384838282989, -12.585416459706558, -6.336014910139989, -1.2663004205193096, 4.585494766971166, 0.9566041184483809, 2.7667211217959826], "sigmas_ms": [3.059900035311465, 3.059900035311465, 3.059900035311465, 3.059900035311465, 3.059900035311465, 3.059900035311465, 3.059900035311465, 3.059900035311465, 3.059900035311465, 3.059900035311465, 3.059900035311465, 3.059900035311465, 3.059900035311465, 3.059900035311465, 3.059900035311465, 3.059900035311465, 3.059900035311465, 3.059900035311465, 3.059900035311465, 3.059900035311465, 3.059900035311465, 3.059900035311465, 3.059900035311465, 3.059900035311465, 3.059900035311465, 3.059900035311465, 3.059900035311465, 3.059900035311465, 3.059900035311465, 3.059900035311465, 3.059900035311465, 3.059900035311465, 3.059900035311465, 3.059900035311465, 3.059900035311465, 3.059900035311465, 3.059900035311465, 3.059900035311465, 3.059900035311465, 3.059900035311465, 3.059900035311465, 3.059900035311465, 3.059900035311465, 3.059900035311465, 3.059900035311465, 3.059900035311465, 3.059900035311465, 3.059900035311465, 3.059900035311465, 3.059900035311465, 3.059900035311465, 3.059900035311465], "times_days": [0.004288737782912466, 0.027849023682257935, 0.2221619243598034, 0.4061095744600185, 1.0054879962769985, 1.065114675380816, 1.1393752433624074, 1.3390112125255125, 1.666936940595224, 1.7000355957903093, 1.8954691112799826, 2.0165690482944267, 2.5502150858708648, 2.5883489197610796, 2.6538093177208797, 2.9770170307233017, 3.103092406939715, 3.35383403761064, 3.829634852295185, 4.058825573281744, 4.119983008023488, 4.863068959234701, 5.05834373139303, 5.168870181469619, 5.295142882640057, 5.543642029305267, 5.685146525909523, 6.520212346362257, 6.957161201909676, 7.442459192747037, 7.445736719621085, 7.578058695617705, 7.660574412328654, 8.029154492593708, 8.203501559797434, 8.318921178428436, 8.609661501739225, 8.687259006725869, 9.266399552991151, 9.290528482896645, 9.906604088421991, 10.478374071137448, 10.539574739197478, 10.541453869731738, 10.799078545497228, 10.81594352419515, 10.856717203237856, 11.8236220564719, 12.60139605290871, 12.745220893980278, 12.886217970287145, 13.618811144520821]}, "task_id": "seed25_diff4", "truth_difficulty": 4}