{"config": {"engine": "rebound", "instruments": [{"gamma_ms": 0.0, "label": "instA", "sigma_jitter_ms": 0.11108531672536776, "sigma_white_ms": 1.782033914129293}], "integrator_preference": "whfast", "los_axis": "x", "metadata": {}, "noise": {"gp": {"Q0": 1.5795261372796456, "dQ": 1.405155556358953, "f": 0.10694740409661235, "period_days": 14.200966955722377, "sigma_ms": 0.057515258835801976, "use_gp": true}, "sigma_jitter_ms": 0.11108531672536776, "sigma_white_ms": 1.782033914129293}, "planets": [{"Omega_rad": 3.408981322081524, "P_days": 13.23461701400677, "e": 0.6585262728443377, "inc_rad": 1.2481498767253152, "l_rad": 5.736719025089875, "m_sin_i_mjup": 0.04424562760354837, "m_true_mjup": null, "omega_rad": 3.777597882457557}], "schedule": {"instruments": ["instA", "instA", "instA", "instA", "instA", "instA", "instA", "instA", "instA", "instA", "instA", "instA", "instA", "instA", "instA", "instA", "instA", "instA", "instA", "instA", "instA", "instA", "instA", "instA", "instA", "instA", "instA", "instA", "instA", "instA", "instA", "instA", "instA", "instA", "instA", "instA", "instA", "instA", "instA", "instA", "instA", "instA", "instA", "instA", "instA", "instA", "instA", "instA", "instA", "instA", "instA", "instA", "instA", "instA", "instA", "instA"], "times_days": [0.2666998924798145, 1.2450763009901262, 1.4312537437033235, 2.0473522209167294, 3.6596600096332303, 4.585285792830468, 4.680005866154529, 4.950507419519101, 7.161215825163339, 7.860196739163993, 8.35768683790182, 9.170776266655743, 9.737686197907903, 9.917578025105906, 10.037658392414452, 10.417132065397139, 11.22296320127792, 11.58211156778799, 11.795374020109465, 12.544027423951844, 12.606306925878256, 13.233662443836701, 14.102587414565228, 14.118090326027588, 15.184313105823453, 15.283623560919235, 15.937401054103809, 16.45081281161068, 16.662302724209034, 16.91903641246578, 17.57359068727267, 18.163581569849182, 18.464014185154156, 18.665502333246106, 19.09389265377796, 20.387750179418017, 20.6160706432333, 21.086419917724122, 22.021924106302844, 22.999783279619027, 24.838947276929225, 24.954436594985456, 25.039513714462668, 25.49303253682663, 26.572339624607572, 27.787928972926604, 28.03973973709291, 28.39300482285717, 28.571703061212773, 28.58862367039208, 28.891177018728175, 29.53726507278483, 29.692071351636258, 29.857964229939963, 30.319947764859982, 30.43360849870865]}, "star": {"M_star_sun": 1.0433376972832504, "gamma_ms": 0.0}}, "difficulty_details": {"coverage_inner_periods": 2.2793941505297726, "gp_used": true, "minK_ms": 4.91090321111816, "n_obs": 56, "n_planets": 1, "raw_score": 5, "resonances_detected": 0, "snr_like": 2.5940802518292}, "meta": {"noise": {"gp": {"Q0": 1.5795261372796456, "dQ": 1.405155556358953, "f": 0.10694740409661235, "period_days": 14.200966955722377, "sigma_ms": 0.057515258835801976, "use_gp": true}, "sigma_jitter_ms": 0.11108531672536776, "sigma_white_ms": 1.782033914129293}, "seed": 32, "source_generated_task_id": "d445bf79-2b8d-547d-9f1f-ac8d35fd8c33", "source_seed": 32}, "observations": {"instruments": ["instA", "instA", "instA", "instA", "instA", "instA", "instA", "instA", "instA", "instA", "instA", "instA", "instA", "instA", "instA", "instA", "instA", "instA", "instA", "instA", "instA", "instA", "instA", "instA", "instA", "instA", "instA", "instA", "instA", "instA", "instA", "instA", "instA", "instA", "instA", "instA", "instA", "instA", "instA", "instA", "instA", "instA", "instA", "instA", "instA", "instA", "instA", "instA", "instA", "instA", "instA", "instA", "instA", "instA", "instA", "instA"], "rvs_ms": [0.36963789753910836, -2.3317123667353163, -1.6907982503286276, -0.9045520539286303, 2.2017022634806445, 1.3703866284958346, 2.430522984383132, 7.686509919967938, 4.636903260377876, 3.8185454946768047, 2.3967613066427513, -1.4365352827490234, -4.43283049214155, -10.927324136412128, -5.671729606294596, -5.231397568143483, 0.3702075563832796, 0.27529174730188066, -2.8672840131304316, -3.899651875397505, 1.9599102266409452, -1.8230755376182495, -2.5478946833239124, 4.0558080818655995, -0.1259624138371947, -0.5616530260801863, -2.7853334617570455, -0.3792427093863089, 1.971786515477054, 3.1539061902884784, 0.621130883200752, -0.47293226286489776, 2.7126114318130297, 2.53753285902684, 1.6571244806610248, 4.925637355431125, 9.073276783680836, 4.969537652803018, 1.5720884074868677, -2.8729137984678292, -3.75543096079325, -2.9190172378184185, -6.887934921646709, -5.353481043352662, -1.2683246492229396, 0.5910957467994198, 0.050615080103204146, -0.2504924344146129, -1.268297887048065, -0.9823446112861292, 1.4197414615671093, 4.820058825803115, -0.8307153945202195, 2.3124474766837912, -1.7435014263226432, 0.5099141914015262], "sigmas_ms": [1.782033914129293, 1.782033914129293, 1.782033914129293, 1.782033914129293, 1.782033914129293, 1.782033914129293, 1.782033914129293, 1.782033914129293, 1.782033914129293, 1.782033914129293, 1.782033914129293, 1.782033914129293, 1.782033914129293, 1.782033914129293, 1.782033914129293, 1.782033914129293, 1.782033914129293, 1.782033914129293, 1.782033914129293, 1.782033914129293, 1.782033914129293, 1.782033914129293, 1.782033914129293, 1.782033914129293, 1.782033914129293, 1.782033914129293, 1.782033914129293, 1.782033914129293, 1.782033914129293, 1.782033914129293, 1.782033914129293, 1.782033914129293, 1.782033914129293, 1.782033914129293, 1.782033914129293, 1.782033914129293, 1.782033914129293, 1.782033914129293, 1.782033914129293, 1.782033914129293, 1.782033914129293, 1.782033914129293, 1.782033914129293, 1.782033914129293, 1.782033914129293, 1.782033914129293, 1.782033914129293, 1.782033914129293, 1.782033914129293, 1.782033914129293, 1.782033914129293, 1.782033914129293, 1.782033914129293, 1.782033914129293, 1.782033914129293, 1.782033914129293], "times_days": [0.2666998924798145, 1.2450763009901262, 1.4312537437033235, 2.0473522209167294, 3.6596600096332303, 4.585285792830468, 4.680005866154529, 4.950507419519101, 7.161215825163339, 7.860196739163993, 8.35768683790182, 9.170776266655743, 9.737686197907903, 9.917578025105906, 10.037658392414452, 10.417132065397139, 11.22296320127792, 11.58211156778799, 11.795374020109465, 12.544027423951844, 12.606306925878256, 13.233662443836701, 14.102587414565228, 14.118090326027588, 15.184313105823453, 15.283623560919235, 15.937401054103809, 16.45081281161068, 16.662302724209034, 16.91903641246578, 17.57359068727267, 18.163581569849182, 18.464014185154156, 18.665502333246106, 19.09389265377796, 20.387750179418017, 20.6160706432333, 21.086419917724122, 22.021924106302844, 22.999783279619027, 24.838947276929225, 24.954436594985456, 25.039513714462668, 25.49303253682663, 26.572339624607572, 27.787928972926604, 28.03973973709291, 28.39300482285717, 28.571703061212773, 28.58862367039208, 28.891177018728175, 29.53726507278483, 29.692071351636258, 29.857964229939963, 30.319947764859982, 30.43360849870865]}, "task_id": "seed32_diff5", "truth_difficulty": 5}