{"config": {"engine": "rebound", "instruments": [{"gamma_ms": 0.0, "label": "instA", "sigma_jitter_ms": 0.44626755580741106, "sigma_white_ms": 0.9125483210055356}], "integrator_preference": "whfast", "los_axis": "x", "metadata": {}, "noise": {"gp": {"Q0": 1.0, "dQ": 0.1, "f": 0.5, "period_days": 25.0, "sigma_ms": 0.0, "use_gp": false}, "sigma_jitter_ms": 0.44626755580741106, "sigma_white_ms": 0.9125483210055356}, "planets": [{"Omega_rad": 6.237579609220107, "P_days": 70.08452944366505, "e": 0.018305179001352884, "inc_rad": 0.8338101263292992, "l_rad": 5.364959340405272, "m_sin_i_mjup": 0.07027653570443189, "m_true_mjup": null, "omega_rad": 1.3162360523451617}, {"Omega_rad": 4.122318408706803, "P_days": 137.92641398129243, "e": 0.11865163033117627, "inc_rad": 1.1136441634512166, "l_rad": 0.0016619275236656298, "m_sin_i_mjup": 0.24993183077735517, "m_true_mjup": null, "omega_rad": 2.7664984520607443}], "schedule": {"instruments": ["instA", "instA", "instA", "instA", "instA", "instA", "instA", "instA", "instA", "instA", "instA", "instA", "instA", "instA", "instA", "instA", "instA", "instA", "instA", "instA", "instA", "instA", "instA", "instA", "instA", "instA", "instA", "instA", "instA", "instA", "instA", "instA", "instA", "instA", "instA", "instA", "instA", "instA", "instA", "instA", "instA", "instA", "instA", "instA", "instA", "instA", "instA", "instA", "instA", "instA", "instA", "instA", "instA", "instA", "instA", "instA", "instA", "instA", "instA", "instA", "instA", "instA", "instA", "instA", "instA"], "times_days": [0.06603542265280397, 2.965137973684698, 2.9969285896143947, 3.5496860675999296, 4.521334715051348, 11.070402964573345, 19.158278832705573, 22.24395899764071, 24.01774815619753, 28.06228134502905, 42.37993032529734, 43.643659967839426, 46.129662823685514, 46.71679482560258, 47.69170316465183, 48.092529287672185, 49.23066049872667, 50.67823276904296, 52.299635687938945, 55.3428500871627, 64.97484978844525, 65.70613256692806, 68.93945213476479, 79.09013333991194, 84.70886116146197, 84.99280798648637, 95.86590337202449, 100.26956553922392, 105.70630907858391, 107.40144829869398, 109.92470607094582, 110.19748076977397, 117.89716900181548, 124.18172568021869, 137.86284591034322, 140.96799667314517, 144.86618159449182, 147.67526789335923, 151.25430094594137, 151.38894404651455, 157.46263233656794, 158.05103678458786, 160.1523569480815, 161.19987926045442, 163.79717800687735, 165.36432973327572, 167.78468504202, 168.7640738366713, 174.48837261445829, 176.85249970866224, 177.20724477571665, 177.68305310590586, 180.69692686438412, 190.05643457183174, 195.89520224965716, 204.20079212591267, 213.17256770461253, 220.29961806014092, 229.60901320963947, 229.98474517304635, 238.21253196094466, 239.23847809636626, 242.80669858988657, 244.86682262074166, 247.84546856583245]}, "star": {"M_star_sun": 1.0635082177425808, "gamma_ms": 0.0}}, "difficulty_details": {"coverage_inner_periods": 3.535436923242073, "gp_used": false, "minK_ms": 3.3255723224384273, "n_obs": 65, "n_planets": 2, "raw_score": 5, "resonances_detected": 1, "snr_like": 2.447404669894229}, "meta": {"noise": {"gp": {"Q0": 1.0, "dQ": 0.1, "f": 0.5, "period_days": 25.0, "sigma_ms": 0.0, "use_gp": false}, "sigma_jitter_ms": 0.44626755580741106, "sigma_white_ms": 0.9125483210055356}, "seed": 21, "source_generated_task_id": "92a85716-d8aa-5d00-b2a2-8efb3e22412c", "source_seed": 21}, "observations": {"instruments": ["instA", "instA", "instA", "instA", "instA", "instA", "instA", "instA", "instA", "instA", "instA", "instA", "instA", "instA", "instA", "instA", "instA", "instA", "instA", "instA", "instA", "instA", "instA", "instA", "instA", "instA", "instA", "instA", "instA", "instA", "instA", "instA", "instA", "instA", "instA", "instA", "instA", "instA", "instA", "instA", "instA", "instA", "instA", "instA", "instA", "instA", "instA", "instA", "instA", "instA", "instA", "instA", "instA", "instA", "instA", "instA", "instA", "instA", "instA", "instA", "instA", "instA", "instA", "instA", "instA"], "rvs_ms": [-2.539105928865321, -3.1345483244971497, -1.84832698681347, -1.4527190353827193, -2.1758468472194865, 2.296780870841438, 10.211400452633283, 11.444271277024814, 11.585204492434894, 13.514945592444468, 10.90638664472396, 11.285040556290141, 9.205348367230895, 9.698750711892426, 9.970953900085068, 8.397180670026852, 8.943535150921619, 6.156431915918286, 5.903541339523967, 2.863087792953837, -1.6138443622579048, -1.7981984235787007, -3.51469745218985, -5.909817513821108, -4.357108807296214, -4.262898690956016, -6.577950508860219, -4.367471988621405, -7.995081336529058, -7.274830536382917, -7.158014748750752, -6.918876583097382, -9.311732454455475, -9.208515875273616, -4.5576568220971945, -3.588947459410421, -0.9799710686435856, 2.3647096170619353, 5.298393603384047, 4.391365185992124, 8.791162925987523, 9.132795042074655, 9.96287325725493, 10.482545283845202, 11.190537557808462, 13.508529982495343, 13.464466064462348, 13.60893502043746, 14.107085808855011, 14.015369121391096, 14.832313553371604, 12.984274422227585, 11.817881022905711, 7.203376803044119, 2.108746693182637, -1.022352985029891, -4.885403925528037, -5.8767072615014175, -6.040348928226167, -5.131075526052651, -4.381314971387019, -4.958520737729384, -5.956012920069316, -7.593232273978423, -5.312124203669946], "sigmas_ms": [0.9125483210055356, 0.9125483210055356, 0.9125483210055356, 0.9125483210055356, 0.9125483210055356, 0.9125483210055356, 0.9125483210055356, 0.9125483210055356, 0.9125483210055356, 0.9125483210055356, 0.9125483210055356, 0.9125483210055356, 0.9125483210055356, 0.9125483210055356, 0.9125483210055356, 0.9125483210055356, 0.9125483210055356, 0.9125483210055356, 0.9125483210055356, 0.9125483210055356, 0.9125483210055356, 0.9125483210055356, 0.9125483210055356, 0.9125483210055356, 0.9125483210055356, 0.9125483210055356, 0.9125483210055356, 0.9125483210055356, 0.9125483210055356, 0.9125483210055356, 0.9125483210055356, 0.9125483210055356, 0.9125483210055356, 0.9125483210055356, 0.9125483210055356, 0.9125483210055356, 0.9125483210055356, 0.9125483210055356, 0.9125483210055356, 0.9125483210055356, 0.9125483210055356, 0.9125483210055356, 0.9125483210055356, 0.9125483210055356, 0.9125483210055356, 0.9125483210055356, 0.9125483210055356, 0.9125483210055356, 0.9125483210055356, 0.9125483210055356, 0.9125483210055356, 0.9125483210055356, 0.9125483210055356, 0.9125483210055356, 0.9125483210055356, 0.9125483210055356, 0.9125483210055356, 0.9125483210055356, 0.9125483210055356, 0.9125483210055356, 0.9125483210055356, 0.9125483210055356, 0.9125483210055356, 0.9125483210055356, 0.9125483210055356], "times_days": [0.06603542265280397, 2.965137973684698, 2.9969285896143947, 3.5496860675999296, 4.521334715051348, 11.070402964573345, 19.158278832705573, 22.24395899764071, 24.01774815619753, 28.06228134502905, 42.37993032529734, 43.643659967839426, 46.129662823685514, 46.71679482560258, 47.69170316465183, 48.092529287672185, 49.23066049872667, 50.67823276904296, 52.299635687938945, 55.3428500871627, 64.97484978844525, 65.70613256692806, 68.93945213476479, 79.09013333991194, 84.70886116146197, 84.99280798648637, 95.86590337202449, 100.26956553922392, 105.70630907858391, 107.40144829869398, 109.92470607094582, 110.19748076977397, 117.89716900181548, 124.18172568021869, 137.86284591034322, 140.96799667314517, 144.86618159449182, 147.67526789335923, 151.25430094594137, 151.38894404651455, 157.46263233656794, 158.05103678458786, 160.1523569480815, 161.19987926045442, 163.79717800687735, 165.36432973327572, 167.78468504202, 168.7640738366713, 174.48837261445829, 176.85249970866224, 177.20724477571665, 177.68305310590586, 180.69692686438412, 190.05643457183174, 195.89520224965716, 204.20079212591267, 213.17256770461253, 220.29961806014092, 229.60901320963947, 229.98474517304635, 238.21253196094466, 239.23847809636626, 242.80669858988657, 244.86682262074166, 247.84546856583245]}, "task_id": "seed21_diff5", "truth_difficulty": 5}