{"config": {"engine": "rebound", "instruments": [{"gamma_ms": 0.0, "label": "instA", "sigma_jitter_ms": 0.37218384775336383, "sigma_white_ms": 1.1933870598861729}], "integrator_preference": "whfast", "los_axis": "x", "metadata": {}, "noise": {"gp": {"Q0": 2.311165492866415, "dQ": 0.15412361005704064, "f": 0.11665337445988753, "period_days": 29.09178689135202, "sigma_ms": 0.5041706090686118, "use_gp": true}, "sigma_jitter_ms": 0.37218384775336383, "sigma_white_ms": 1.1933870598861729}, "planets": [{"Omega_rad": 1.3228710162962003, "P_days": 26.248643873296803, "e": 0.17306789636461944, "inc_rad": 0.6892547271077217, "l_rad": 0.5373049121855563, "m_sin_i_mjup": 0.24489719340842867, "m_true_mjup": null, "omega_rad": 0.6602126877041741}], "schedule": {"instruments": ["instA", "instA", "instA", "instA", "instA", "instA", "instA", "instA", "instA", "instA", "instA", "instA", "instA", "instA", "instA", "instA", "instA", "instA", "instA", "instA", "instA", "instA", "instA", "instA", "instA", "instA", "instA", "instA", "instA", "instA", "instA", "instA", "instA", "instA", "instA", "instA", "instA", "instA", "instA", "instA", "instA", "instA", "instA", "instA", "instA", "instA", "instA", "instA", "instA", "instA", "instA", "instA", "instA", "instA", "instA"], "times_days": [1.5165078933966378, 1.8735892717312301, 4.329163431470307, 5.263398980611435, 6.22978928321403, 6.626824778577125, 7.654845197248058, 8.754573889326213, 11.167244470853822, 13.087430816460776, 13.47376719161302, 15.338046411811792, 18.277011071103985, 20.560713272409814, 20.71767451827127, 22.21343949162893, 24.764756288996942, 25.415207921122168, 25.42090149433466, 27.137378380940106, 27.448700149614393, 27.751095637572107, 27.876019831604122, 30.766245052557956, 33.790725641773776, 33.817088940926034, 34.62821247415521, 37.43061607520779, 38.46310994274184, 42.94628281533531, 42.97034529280121, 43.402384422793276, 43.54981046981632, 43.89085241489844, 44.17157593630407, 47.09664854582466, 47.534701092566415, 48.74219272243535, 50.59406821670178, 51.40404194553504, 51.722670840562, 53.90756078996019, 55.51400971279692, 56.22018622274096, 59.086015942432205, 62.33636332530641, 62.87847312268681, 64.04000647167675, 64.49574360674661, 66.03218743045852, 68.79285314992158, 69.3379031438713, 69.75046375478811, 72.03387020723368, 72.20372667246798]}, "star": {"M_star_sun": 1.057464094017604, "gamma_ms": 0.0}}, "difficulty_details": {"coverage_inner_periods": 2.692985554616887, "gp_used": true, "minK_ms": 16.3829647152915, "n_obs": 55, "n_planets": 1, "raw_score": 4, "resonances_detected": 0, "snr_like": 10.464530629272257}, "meta": {"noise": {"gp": {"Q0": 2.311165492866415, "dQ": 0.15412361005704064, "f": 0.11665337445988753, "period_days": 29.09178689135202, "sigma_ms": 0.5041706090686118, "use_gp": true}, "sigma_jitter_ms": 0.37218384775336383, "sigma_white_ms": 1.1933870598861729}, "seed": 48, "source_generated_task_id": "5c365ed2-c5d0-5c2a-ba2d-df2d074957d2", "source_seed": 48}, "observations": {"instruments": ["instA", "instA", "instA", "instA", "instA", "instA", "instA", "instA", "instA", "instA", "instA", "instA", "instA", "instA", "instA", "instA", "instA", "instA", "instA", "instA", "instA", "instA", "instA", "instA", "instA", "instA", "instA", "instA", "instA", "instA", "instA", "instA", "instA", "instA", "instA", "instA", "instA", "instA", "instA", "instA", "instA", "instA", "instA", "instA", "instA", "instA", "instA", "instA", "instA", "instA", "instA", "instA", "instA", "instA", "instA"], "rvs_ms": [22.080834157055637, 25.394475302433833, 26.06514202271968, 23.04997607812779, 18.802897139813403, 17.04315050020238, 11.46619593105502, 8.350318650167251, -0.1696100823480693, -12.309508122807214, -10.675746782799772, -18.461076371677226, -21.58451030848402, -19.769826209357614, -18.10462140547334, -13.884488442273245, 4.1327245565400705, 10.997063869806192, 9.307018369163238, 18.697216693023005, 23.65841083796378, 24.13343554617221, 26.36707836148384, 27.11368938963447, 15.781777907164276, 14.932777546128134, 9.99194535204084, -4.9666518107129445, -10.693515143815693, -23.471496350898494, -18.915412817300513, -19.08492617285213, -21.121961279448033, -20.961110282940368, -23.198732115588022, -19.15070774039498, -18.912905739670187, -13.432857980304927, 1.1352031831946707, 2.790585931398695, 4.392833373522946, 22.72619109982195, 29.059280164457203, 26.541302723724808, 19.577257244744505, 3.7382021871894686, 0.4690362972192278, -5.6004751231933945, -9.365421874940228, -13.07683011898893, -19.459842509310963, -20.86499812599213, -20.668991713923152, -20.779820330546364, -21.993276604517806], "sigmas_ms": [1.1933870598861729, 1.1933870598861729, 1.1933870598861729, 1.1933870598861729, 1.1933870598861729, 1.1933870598861729, 1.1933870598861729, 1.1933870598861729, 1.1933870598861729, 1.1933870598861729, 1.1933870598861729, 1.1933870598861729, 1.1933870598861729, 1.1933870598861729, 1.1933870598861729, 1.1933870598861729, 1.1933870598861729, 1.1933870598861729, 1.1933870598861729, 1.1933870598861729, 1.1933870598861729, 1.1933870598861729, 1.1933870598861729, 1.1933870598861729, 1.1933870598861729, 1.1933870598861729, 1.1933870598861729, 1.1933870598861729, 1.1933870598861729, 1.1933870598861729, 1.1933870598861729, 1.1933870598861729, 1.1933870598861729, 1.1933870598861729, 1.1933870598861729, 1.1933870598861729, 1.1933870598861729, 1.1933870598861729, 1.1933870598861729, 1.1933870598861729, 1.1933870598861729, 1.1933870598861729, 1.1933870598861729, 1.1933870598861729, 1.1933870598861729, 1.1933870598861729, 1.1933870598861729, 1.1933870598861729, 1.1933870598861729, 1.1933870598861729, 1.1933870598861729, 1.1933870598861729, 1.1933870598861729, 1.1933870598861729, 1.1933870598861729], "times_days": [1.5165078933966378, 1.8735892717312301, 4.329163431470307, 5.263398980611435, 6.22978928321403, 6.626824778577125, 7.654845197248058, 8.754573889326213, 11.167244470853822, 13.087430816460776, 13.47376719161302, 15.338046411811792, 18.277011071103985, 20.560713272409814, 20.71767451827127, 22.21343949162893, 24.764756288996942, 25.415207921122168, 25.42090149433466, 27.137378380940106, 27.448700149614393, 27.751095637572107, 27.876019831604122, 30.766245052557956, 33.790725641773776, 33.817088940926034, 34.62821247415521, 37.43061607520779, 38.46310994274184, 42.94628281533531, 42.97034529280121, 43.402384422793276, 43.54981046981632, 43.89085241489844, 44.17157593630407, 47.09664854582466, 47.534701092566415, 48.74219272243535, 50.59406821670178, 51.40404194553504, 51.722670840562, 53.90756078996019, 55.51400971279692, 56.22018622274096, 59.086015942432205, 62.33636332530641, 62.87847312268681, 64.04000647167675, 64.49574360674661, 66.03218743045852, 68.79285314992158, 69.3379031438713, 69.75046375478811, 72.03387020723368, 72.20372667246798]}, "task_id": "seed48_diff4", "truth_difficulty": 4}