{"config": {"engine": "rebound", "instruments": [{"gamma_ms": 0.0, "label": "instA", "sigma_jitter_ms": 0.04047297246935081, "sigma_white_ms": 3.8759545797480177}], "integrator_preference": "whfast", "los_axis": "x", "metadata": {}, "noise": {"gp": {"Q0": 1.0, "dQ": 0.1, "f": 0.5, "period_days": 25.0, "sigma_ms": 0.0, "use_gp": false}, "sigma_jitter_ms": 0.04047297246935081, "sigma_white_ms": 3.8759545797480177}, "planets": [{"Omega_rad": 6.130365259023156, "P_days": 3.7597055773535977, "e": 0.20934326660000838, "inc_rad": 0.934548874410006, "l_rad": 0.3674562355769379, "m_sin_i_mjup": 0.1752317514957523, "m_true_mjup": null, "omega_rad": 5.829973961364936}, {"Omega_rad": 5.82253462883019, "P_days": 161.16045684369004, "e": 0.026247746634449672, "inc_rad": 1.396509256546815, "l_rad": 5.261951018640548, "m_sin_i_mjup": 0.3388782065969065, "m_true_mjup": null, "omega_rad": 2.1891565195369345}, {"Omega_rad": 6.2473346311842475, "P_days": 251.73318438226818, "e": 0.0636970931091683, "inc_rad": 0.6606505786881367, "l_rad": 3.5603104213296524, "m_sin_i_mjup": 0.6223348378794725, "m_true_mjup": null, "omega_rad": 0.5122885193457257}, {"Omega_rad": 5.347153079539811, "P_days": 300.0, "e": 0.5017880080296516, "inc_rad": 1.3178209638891618, "l_rad": 5.414061589932244, "m_sin_i_mjup": 0.05056474977023254, "m_true_mjup": null, "omega_rad": 4.805830527564833}], "schedule": {"instruments": ["instA", "instA", "instA", "instA", "instA", "instA", "instA", "instA", "instA", "instA", "instA", "instA", "instA", "instA", "instA", "instA", "instA", "instA", "instA", "instA", "instA", "instA", "instA", "instA", "instA", "instA", "instA", "instA", "instA", "instA", "instA", "instA", "instA", "instA", "instA", "instA", "instA", "instA", "instA", "instA", "instA", "instA", "instA", "instA", "instA", "instA"], "times_days": [0.8593453427377427, 1.1980549263140416, 1.851022417187863, 2.1520186667884897, 2.314978053699316, 2.4050093021145282, 2.548039912017343, 3.3489137637859376, 3.677714876594317, 4.0782241771221175, 4.733041475489403, 4.817563344590515, 4.964013794941854, 4.978877137290356, 5.119634061004081, 5.1397319482615345, 5.171193331743139, 6.308004322056401, 7.514680844170902, 8.18704687440937, 8.326260063233251, 8.576049125515658, 8.730939606400677, 8.853173180405177, 9.13686404697227, 10.420663968565648, 10.763177853066258, 11.239074703319321, 11.241280810251421, 11.284044517370159, 11.452509053648232, 11.60233403817287, 12.151817186404564, 12.305773215368651, 12.47632074748101, 12.505029581532856, 12.652887681130524, 12.661504043600376, 12.90643845836237, 12.929423364945606, 13.053894590376094, 13.180754004909243, 13.616772643301106, 13.634170513163824, 14.336675567231655, 14.610224021380953]}, "star": {"M_star_sun": 1.1607592543813596, "gamma_ms": 0.0}}, "difficulty_details": {"coverage_inner_periods": 3.6574349761510456, "gp_used": false, "minK_ms": 1.606888843914262, "n_obs": 46, "n_planets": 4, "raw_score": 9, "resonances_detected": 0, "snr_like": 0.41029454074912936}, "meta": {"noise": {"gp": {"Q0": 1.0, "dQ": 0.1, "f": 0.5, "period_days": 25.0, "sigma_ms": 0.0, "use_gp": false}, "sigma_jitter_ms": 0.04047297246935081, "sigma_white_ms": 3.8759545797480177}, "seed": 41, "source_generated_task_id": "40b639c0-3752-5984-bb89-8b1f3a36e694", "source_seed": 41}, "observations": {"instruments": ["instA", "instA", "instA", "instA", "instA", "instA", "instA", "instA", "instA", "instA", "instA", "instA", "instA", "instA", "instA", "instA", "instA", "instA", "instA", "instA", "instA", "instA", "instA", "instA", "instA", "instA", "instA", "instA", "instA", "instA", "instA", "instA", "instA", "instA", "instA", "instA", "instA", "instA", "instA", "instA", "instA", "instA", "instA", "instA", "instA", "instA"], "rvs_ms": [3.1713137235709152, -4.736283423953888, -25.84122806111447, -37.69870723736228, -39.208144405347305, -39.50459374186572, -44.80865550493795, -33.1519701877004, -15.94719871660329, 4.182221192294838, -2.47975204943216, -7.294819407456597, -6.3163604080711195, -6.432808083982406, -12.406333402165611, -13.717458764039224, -8.37512952342443, -40.22961969605766, -1.2472072269845214, 3.8471786530868277, -0.6350403332179115, -7.478105895742295, -10.23742554863823, -13.98298261509141, -18.577158703736885, -45.63391111170298, -30.201819725617334, -3.5196823444781247, -8.725046527344826, -5.532098777467414, -6.9401476828112365, -2.8985147743712054, -7.330475021363956, -5.219731803380733, -11.214139877964804, -12.751994914717109, -13.262580631532991, -20.623708819782358, -19.98024119169392, -18.461967205818134, -18.8654179144821, -31.810702047348517, -41.37067267431431, -48.120928998070795, -38.31762491733784, -30.97115540878021], "sigmas_ms": [3.8759545797480177, 3.8759545797480177, 3.8759545797480177, 3.8759545797480177, 3.8759545797480177, 3.8759545797480177, 3.8759545797480177, 3.8759545797480177, 3.8759545797480177, 3.8759545797480177, 3.8759545797480177, 3.8759545797480177, 3.8759545797480177, 3.8759545797480177, 3.8759545797480177, 3.8759545797480177, 3.8759545797480177, 3.8759545797480177, 3.8759545797480177, 3.8759545797480177, 3.8759545797480177, 3.8759545797480177, 3.8759545797480177, 3.8759545797480177, 3.8759545797480177, 3.8759545797480177, 3.8759545797480177, 3.8759545797480177, 3.8759545797480177, 3.8759545797480177, 3.8759545797480177, 3.8759545797480177, 3.8759545797480177, 3.8759545797480177, 3.8759545797480177, 3.8759545797480177, 3.8759545797480177, 3.8759545797480177, 3.8759545797480177, 3.8759545797480177, 3.8759545797480177, 3.8759545797480177, 3.8759545797480177, 3.8759545797480177, 3.8759545797480177, 3.8759545797480177], "times_days": [0.8593453427377427, 1.1980549263140416, 1.851022417187863, 2.1520186667884897, 2.314978053699316, 2.4050093021145282, 2.548039912017343, 3.3489137637859376, 3.677714876594317, 4.0782241771221175, 4.733041475489403, 4.817563344590515, 4.964013794941854, 4.978877137290356, 5.119634061004081, 5.1397319482615345, 5.171193331743139, 6.308004322056401, 7.514680844170902, 8.18704687440937, 8.326260063233251, 8.576049125515658, 8.730939606400677, 8.853173180405177, 9.13686404697227, 10.420663968565648, 10.763177853066258, 11.239074703319321, 11.241280810251421, 11.284044517370159, 11.452509053648232, 11.60233403817287, 12.151817186404564, 12.305773215368651, 12.47632074748101, 12.505029581532856, 12.652887681130524, 12.661504043600376, 12.90643845836237, 12.929423364945606, 13.053894590376094, 13.180754004909243, 13.616772643301106, 13.634170513163824, 14.336675567231655, 14.610224021380953]}, "task_id": "seed41_diff9", "truth_difficulty": 9}