{"config": {"engine": "rebound", "instruments": [{"gamma_ms": 0.0, "label": "instA", "sigma_jitter_ms": 0.8501338081602747, "sigma_white_ms": 1.329199400803158}], "integrator_preference": "whfast", "los_axis": "x", "metadata": {}, "noise": {"gp": {"Q0": 1.0, "dQ": 0.1, "f": 0.5, "period_days": 25.0, "sigma_ms": 0.0, "use_gp": false}, "sigma_jitter_ms": 0.8501338081602747, "sigma_white_ms": 1.329199400803158}, "planets": [{"Omega_rad": 6.03169507675933, "P_days": 2.7798604340135746, "e": 0.013882523880623563, "inc_rad": 1.5235370754649216, "l_rad": 3.1727114807639465, "m_sin_i_mjup": 0.020002347014226353, "m_true_mjup": null, "omega_rad": 3.5121580103795966}, {"Omega_rad": 0.18594803351031064, "P_days": 160.47314618777474, "e": 0.4644438762272476, "inc_rad": 0.5937768211801238, "l_rad": 0.1918464814642426, "m_sin_i_mjup": 0.37030041055509605, "m_true_mjup": null, "omega_rad": 5.596461767234033}, {"Omega_rad": 3.5777370994820203, "P_days": 240.69041691963224, "e": 0.004957877039145507, "inc_rad": 1.5264962679628489, "l_rad": 5.793294614868667, "m_sin_i_mjup": 0.0932410743583564, "m_true_mjup": null, "omega_rad": 3.0024800732863235}], "schedule": {"instruments": ["instA", "instA", "instA", "instA", "instA", "instA", "instA", "instA", "instA", "instA", "instA", "instA", "instA", "instA", "instA", "instA", "instA", "instA", "instA", "instA", "instA", "instA", "instA", "instA", "instA", "instA", "instA", "instA", "instA", "instA", "instA", "instA", "instA", "instA", "instA", "instA", "instA", "instA", "instA", "instA", "instA", "instA", "instA", "instA", "instA", "instA", "instA", "instA", "instA", "instA", "instA", "instA", "instA", "instA", "instA", "instA", "instA", "instA", "instA", "instA", "instA", "instA", "instA", "instA", "instA", "instA", "instA", "instA", "instA", "instA", "instA", "instA", "instA", "instA", "instA", "instA", "instA", "instA", "instA", "instA"], "times_days": [0.22457963279616247, 0.24817208457562692, 0.31977741781781976, 0.3299210607498466, 0.3653558617537542, 0.47851803796011444, 0.5104594328099782, 0.5833386757915028, 0.7100251506645228, 0.7949032785403107, 0.9136805456763354, 1.4259554885417836, 1.6266321904138408, 2.4105617407367017, 2.433925273997411, 2.5973408984594775, 2.6892247602793318, 2.984367369109618, 3.014399263076522, 3.0720389413683855, 3.2374241082274824, 3.4421171467849594, 3.676978284043951, 4.255170089658427, 4.517960361129905, 4.57701050219601, 4.88451701657753, 4.9985848260060735, 5.163406715090217, 5.238439551911281, 5.29379294684028, 5.364865202374913, 5.45615603266592, 5.478234176139613, 5.654831806814743, 5.793963326571944, 5.932487814869018, 6.0034772633077, 6.039906947792936, 6.108682800058102, 6.129779884142403, 6.152684218840843, 6.154886478769399, 6.242960298647362, 6.7574223845858565, 6.96766796998164, 7.011499566833229, 7.118374417183503, 7.426132713976726, 7.496656963020299, 7.519794667213798, 7.9872743453125885, 8.034357874863181, 8.123492471615185, 8.167521862020667, 8.17063304012284, 8.257096074001586, 8.474334495740248, 8.49392566263125, 8.640180394877897, 8.67565261520257, 8.719421725423445, 8.955778758615699, 9.160267039067023, 9.167091279155306, 9.275441620818407, 9.320653773414508, 9.322122952701601, 9.47276925081974, 9.496983578929925, 9.527327524381898, 9.599173977146533, 9.624313089296631, 9.826362173608937, 9.962809273257841, 10.011892944106764, 10.372789861225417, 10.588693461778503, 10.647148518667553, 10.791376728063666]}, "star": {"M_star_sun": 1.0140037774844457, "gamma_ms": 0.0}}, "difficulty_details": {"coverage_inner_periods": 3.8011969831201617, "gp_used": false, "minK_ms": 2.8648815081620733, "n_obs": 80, "n_planets": 3, "raw_score": 6, "resonances_detected": 1, "snr_like": 1.3145679129648609}, "meta": {"noise": {"gp": {"Q0": 1.0, "dQ": 0.1, "f": 0.5, "period_days": 25.0, "sigma_ms": 0.0, "use_gp": false}, "sigma_jitter_ms": 0.8501338081602747, "sigma_white_ms": 1.329199400803158}, "seed": 64, "source_generated_task_id": "9a70b15c-4f1a-565a-8ada-bb363def1ff8", "source_seed": 64}, "observations": {"instruments": ["instA", "instA", "instA", "instA", "instA", "instA", "instA", "instA", "instA", "instA", "instA", "instA", "instA", "instA", "instA", "instA", "instA", "instA", "instA", "instA", "instA", "instA", "instA", "instA", "instA", "instA", "instA", "instA", "instA", "instA", "instA", "instA", "instA", "instA", "instA", "instA", "instA", "instA", "instA", "instA", "instA", "instA", "instA", "instA", "instA", "instA", "instA", "instA", "instA", "instA", "instA", "instA", "instA", "instA", "instA", "instA", "instA", "instA", "instA", "instA", "instA", "instA", "instA", "instA", "instA", "instA", "instA", "instA", "instA", "instA", "instA", "instA", "instA", "instA", "instA", "instA", "instA", "instA", "instA", "instA"], "rvs_ms": [13.617426042456179, 15.47007935351796, 13.615312630502945, 11.030726370298357, 15.221425021372148, 13.354804248446367, 12.99307097878829, 13.301455435658713, 12.242760945906362, 16.18474106708698, 18.06846267041429, 18.15908450643822, 16.615905497447827, 15.15006004135206, 18.677045758561786, 15.56606466949317, 16.194156459926372, 16.30613366599352, 14.330886832896855, 14.687740362228505, 13.75867253338353, 13.119340050469727, 15.858887382484212, 17.081693445088277, 20.630850141583267, 18.364389661353837, 19.85990600212009, 19.258578586516812, 16.310845074545274, 19.93489113517652, 18.57345094651115, 20.624247883012124, 19.964943920056555, 16.036507219331707, 17.25200252056692, 15.7511629052913, 17.355170334436163, 14.883051517613367, 15.549024468163122, 14.660948996790301, 15.23824392008639, 15.267709176046617, 14.896067685011866, 15.79372371673444, 16.097470433283807, 17.388387285679055, 16.339113762064144, 17.87674067146797, 21.07703954753197, 18.57251060509519, 19.641411290856087, 17.74615713305365, 19.47537591184914, 20.361844909892117, 19.357726174934342, 18.399919673586233, 19.42511289781499, 16.784102433889338, 18.03209983494036, 15.211791600320065, 14.890125084723074, 20.338936260467197, 15.644234285469064, 17.09344836485252, 15.528868244015674, 16.74097672846615, 13.244039979366075, 14.818757920318482, 16.453292734871336, 19.011219003848545, 17.82484593432332, 15.63841780037433, 17.453431659710766, 19.312819140534934, 17.570776697299, 20.2495984640322, 24.175829327111284, 21.482395792770063, 19.73107821514566, 18.292197548373675], "sigmas_ms": [1.329199400803158, 1.329199400803158, 1.329199400803158, 1.329199400803158, 1.329199400803158, 1.329199400803158, 1.329199400803158, 1.329199400803158, 1.329199400803158, 1.329199400803158, 1.329199400803158, 1.329199400803158, 1.329199400803158, 1.329199400803158, 1.329199400803158, 1.329199400803158, 1.329199400803158, 1.329199400803158, 1.329199400803158, 1.329199400803158, 1.329199400803158, 1.329199400803158, 1.329199400803158, 1.329199400803158, 1.329199400803158, 1.329199400803158, 1.329199400803158, 1.329199400803158, 1.329199400803158, 1.329199400803158, 1.329199400803158, 1.329199400803158, 1.329199400803158, 1.329199400803158, 1.329199400803158, 1.329199400803158, 1.329199400803158, 1.329199400803158, 1.329199400803158, 1.329199400803158, 1.329199400803158, 1.329199400803158, 1.329199400803158, 1.329199400803158, 1.329199400803158, 1.329199400803158, 1.329199400803158, 1.329199400803158, 1.329199400803158, 1.329199400803158, 1.329199400803158, 1.329199400803158, 1.329199400803158, 1.329199400803158, 1.329199400803158, 1.329199400803158, 1.329199400803158, 1.329199400803158, 1.329199400803158, 1.329199400803158, 1.329199400803158, 1.329199400803158, 1.329199400803158, 1.329199400803158, 1.329199400803158, 1.329199400803158, 1.329199400803158, 1.329199400803158, 1.329199400803158, 1.329199400803158, 1.329199400803158, 1.329199400803158, 1.329199400803158, 1.329199400803158, 1.329199400803158, 1.329199400803158, 1.329199400803158, 1.329199400803158, 1.329199400803158, 1.329199400803158],