{"config": {"engine": "rebound", "instruments": [{"gamma_ms": 0.0, "label": "instA", "sigma_jitter_ms": 0.12192763037103851, "sigma_white_ms": 1.4788484345440662}], "integrator_preference": "whfast", "los_axis": "x", "metadata": {}, "noise": {"gp": {"Q0": 1.0, "dQ": 0.1, "f": 0.5, "period_days": 25.0, "sigma_ms": 0.0, "use_gp": false}, "sigma_jitter_ms": 0.12192763037103851, "sigma_white_ms": 1.4788484345440662}, "planets": [{"Omega_rad": 0.19355647994685748, "P_days": 102.0559177978518, "e": 0.7126506987886859, "inc_rad": 1.080303666704523, "l_rad": 3.6042394453527087, "m_sin_i_mjup": 0.05349052403214857, "m_true_mjup": null, "omega_rad": 5.622182922500525}, {"Omega_rad": 0.34684976083549135, "P_days": 168.68398099480538, "e": 0.2248947578400635, "inc_rad": 1.1907799232982539, "l_rad": 5.28392660554869, "m_sin_i_mjup": 0.0603415574409052, "m_true_mjup": null, "omega_rad": 1.573367408294163}, {"Omega_rad": 3.566003533170216, "P_days": 287.9630384430318, "e": 0.13856908326408518, "inc_rad": 1.3232070517537549, "l_rad": 4.93618073891715, "m_sin_i_mjup": 0.43282150343566095, "m_true_mjup": null, "omega_rad": 6.006418831208309}], "schedule": {"instruments": ["instA", "instA", "instA", "instA", "instA", "instA", "instA", "instA", "instA", "instA", "instA", "instA", "instA", "instA", "instA", "instA", "instA", "instA", "instA", "instA", "instA", "instA", "instA", "instA", "instA", "instA", "instA", "instA", "instA", "instA", "instA", "instA", "instA", "instA", "instA", "instA", "instA", "instA", "instA", "instA", "instA", "instA", "instA", "instA", "instA", "instA", "instA", "instA"], "times_days": [12.220468164185434, 21.898861051870828, 36.20933084284997, 36.619114272759056, 36.94528803931464, 71.08162467687431, 85.61752539390562, 89.06835009354472, 90.85271076359219, 97.21776862222498, 99.33682576220014, 116.75954781997885, 137.66547756588747, 140.70046018649762, 142.5816005055428, 144.45298079350607, 146.52051256359104, 147.1494466680865, 154.83450022200702, 157.9405129096815, 183.29087344453296, 186.41777244481213, 186.68115021818286, 186.8687606479228, 195.18927742214933, 201.3559279364357, 205.4208601331764, 225.14478803522445, 227.5588676242056, 234.55886599130474, 258.63638456782445, 264.7266534352491, 270.1101644820898, 277.3420321397193, 283.3596052539366, 311.33072731931355, 311.6529066304801, 319.53858955340314, 324.5602095498283, 333.329749877351, 333.6083446171834, 344.86207403569114, 354.9646461668884, 357.7792971757183, 366.0434225971526, 379.22393570960753, 384.7353582155767, 386.0572836130521]}, "star": {"M_star_sun": 0.9156526200049439, "gamma_ms": 0.0}}, "difficulty_details": {"coverage_inner_periods": 3.6630586791581, "gp_used": false, "minK_ms": 2.4157922320809013, "n_obs": 48, "n_planets": 3, "raw_score": 9, "resonances_detected": 2, "snr_like": 1.509138151818268}, "meta": {"noise": {"gp": {"Q0": 1.0, "dQ": 0.1, "f": 0.5, "period_days": 25.0, "sigma_ms": 0.0, "use_gp": false}, "sigma_jitter_ms": 0.12192763037103851, "sigma_white_ms": 1.4788484345440662}, "seed": 101, "source_generated_task_id": "ec5d8eb4-7f68-5c81-8cbe-5735f7c37007", "source_seed": 101}, "observations": {"instruments": ["instA", "instA", "instA", "instA", "instA", "instA", "instA", "instA", "instA", "instA", "instA", "instA", "instA", "instA", "instA", "instA", "instA", "instA", "instA", "instA", "instA", "instA", "instA", "instA", "instA", "instA", "instA", "instA", "instA", "instA", "instA", "instA", "instA", "instA", "instA", "instA", "instA", "instA", "instA", "instA", "instA", "instA", "instA", "instA", "instA", "instA", "instA", "instA"], "rvs_ms": [-14.131205055473062, -14.63896530820468, -10.320869602424569, -4.200863814013479, -5.3891186431759, 8.830450849041881, 8.393117649036464, 7.132731213746215, 7.791190396110447, 8.809861098699534, 11.732914458646553, 10.940097147960008, 12.229777326044216, 14.372307009803743, 12.05516641746655, 11.73231440476493, 10.48895670266744, 10.461924956920825, 8.216832715820939, 10.218560201298411, 5.615367121076588, 3.984595055436548, 3.3360514418149307, 5.183421797127325, 4.958298983128806, 2.041734129319373, 1.613827195427097, -3.8582117176310886, -4.227545710794633, -7.678820082710909, -6.823311723042359, -9.071722491543113, -9.050584528284448, -9.400519511491193, -13.868299877362695, -11.731556120428191, -14.382346792646702, -13.539596462051158, -15.56388705278134, -15.305270117891727, -10.629016421115427, -3.8179088446100966, 3.304881763311852, 3.2118932329307635, 6.3821045525569415, 12.028603649371737, 11.364093687842507, 6.936184990103839], "sigmas_ms": [1.4788484345440662, 1.4788484345440662, 1.4788484345440662, 1.4788484345440662, 1.4788484345440662, 1.4788484345440662, 1.4788484345440662, 1.4788484345440662, 1.4788484345440662, 1.4788484345440662, 1.4788484345440662, 1.4788484345440662, 1.4788484345440662, 1.4788484345440662, 1.4788484345440662, 1.4788484345440662, 1.4788484345440662, 1.4788484345440662, 1.4788484345440662, 1.4788484345440662, 1.4788484345440662, 1.4788484345440662, 1.4788484345440662, 1.4788484345440662, 1.4788484345440662, 1.4788484345440662, 1.4788484345440662, 1.4788484345440662, 1.4788484345440662, 1.4788484345440662, 1.4788484345440662, 1.4788484345440662, 1.4788484345440662, 1.4788484345440662, 1.4788484345440662, 1.4788484345440662, 1.4788484345440662, 1.4788484345440662, 1.4788484345440662, 1.4788484345440662, 1.4788484345440662, 1.4788484345440662, 1.4788484345440662, 1.4788484345440662, 1.4788484345440662, 1.4788484345440662, 1.4788484345440662, 1.4788484345440662], "times_days": [12.220468164185434, 21.898861051870828, 36.20933084284997, 36.619114272759056, 36.94528803931464, 71.08162467687431, 85.61752539390562, 89.06835009354472, 90.85271076359219, 97.21776862222498, 99.33682576220014, 116.75954781997885, 137.66547756588747, 140.70046018649762, 142.5816005055428, 144.45298079350607, 146.52051256359104, 147.1494466680865, 154.83450022200702, 157.9405129096815, 183.29087344453296, 186.41777244481213, 186.68115021818286, 186.8687606479228, 195.18927742214933, 201.3559279364357, 205.4208601331764, 225.14478803522445, 227.5588676242056, 234.55886599130474, 258.63638456782445, 264.7266534352491, 270.1101644820898, 277.3420321397193, 283.3596052539366, 311.33072731931355, 311.6529066304801, 319.53858955340314, 324.5602095498283, 333.329749877351, 333.6083446171834, 344.86207403569114, 354.9646461668884, 357.7792971757183, 366.0434225971526, 379.22393570960753, 384.7353582155767, 386.0572836130521]}, "task_id": "seed101_diff9", "truth_difficulty": 9}