{
  "config": {
    "engine": "rebound",
    "instruments": [
      {
        "gamma_ms": 0.0,
        "label": "instA",
        "sigma_jitter_ms": 0.0715674512007405,
        "sigma_white_ms": 0.5901156555528737
      }
    ],
    "integrator_preference": "whfast",
    "los_axis": "x",
    "metadata": {},
    "noise": {
      "gp": {
        "Q0": 1.0,
        "dQ": 0.1,
        "f": 0.5,
        "period_days": 25.0,
        "sigma_ms": 0.0,
        "use_gp": false
      },
      "sigma_jitter_ms": 0.0715674512007405,
      "sigma_white_ms": 0.5901156555528737
    },
    "planets": [
      {
        "Omega_rad": 4.3979045800406125,
        "P_days": 3.2393451707397083,
        "e": 0.4895039994360363,
        "inc_rad": 1.5285844240168927,
        "l_rad": 1.308859110854246,
        "m_sin_i_mjup": 0.36371441362256246,
        "m_true_mjup": null,
        "omega_rad": 0.08907573479187615
      },
      {
        "Omega_rad": 6.224963402755131,
        "P_days": 6.513553287561652,
        "e": 0.20517979472002418,
        "inc_rad": 1.5218990451953884,
        "l_rad": 1.5777610828230646,
        "m_sin_i_mjup": 0.7086654360995871,
        "m_true_mjup": null,
        "omega_rad": 4.859193498432991
      },
      {
        "Omega_rad": 1.5708897718319792,
        "P_days": 71.2507592028536,
        "e": 0.18901874573917218,
        "inc_rad": 0.9445539443295257,
        "l_rad": 0.03314676493840533,
        "m_sin_i_mjup": 0.017533611794323573,
        "m_true_mjup": null,
        "omega_rad": 3.23654174740737
      },
      {
        "Omega_rad": 0.38604086157760986,
        "P_days": 108.16416923226808,
        "e": 0.1293709253567064,
        "inc_rad": 0.895356227327294,
        "l_rad": 3.4017646842456584,
        "m_sin_i_mjup": 0.017129963554961207,
        "m_true_mjup": null,
        "omega_rad": 2.6969364997991367
      }
    ],
    "schedule": {
      "instruments": [
        "instA",
        "instA",
        "instA",
        "instA",
        "instA",
        "instA",
        "instA",
        "instA",
        "instA",
        "instA",
        "instA",
        "instA",
        "instA",
        "instA",
        "instA",
        "instA",
        "instA",
        "instA",
        "instA",
        "instA",
        "instA",
        "instA",
        "instA",
        "instA",
        "instA",
        "instA",
        "instA",
        "instA",
        "instA",
        "instA",
        "instA",
        "instA",
        "instA",
        "instA",
        "instA",
        "instA",
        "instA",
        "instA",
        "instA",
        "instA",
        "instA",
        "instA",
        "instA",
        "instA",
        "instA",
        "instA",
        "instA",
        "instA",
        "instA",
        "instA",
        "instA",
        "instA",
        "instA",
        "instA",
        "instA",
        "instA",
        "instA",
        "instA",
        "instA",
        "instA",
        "instA",
        "instA",
        "instA",
        "instA",
        "instA",
        "instA",
        "instA",
        "instA",
        "instA"
      ],
      "times_days": [
        0.0018982490373512925,
        0.06690961163791316,
        0.1798070741552408,
        0.5352210384305941,
        0.5777051247923809,
        0.6199245971388101,
        0.6738591130276117,
        0.6814520506636059,
        0.7792568648108296,
        0.899706550007138,
        1.0450692084293074,
        1.1236403881338322,
        1.2206278535062,
        1.2269061709967546,
        1.321311846305883,
        1.4311315109200642,
        1.4345628866482116,
        1.4823843316298297,
        1.5465290464092916,
        1.7497686950445945,
        2.205465776905939,
        2.533106206234246,
        2.5350336965285947,
        2.6055759856898675,
        2.642045308455828,
        3.170976858663674,
        3.184847194146222,
        3.3750593546252117,
        3.6350006079317705,
        4.065162603928161,
        4.460365923514828,
        4.7161098495041065,
        5.443999562219554,
        5.665323228360979,
        5.749643347775545,
        6.175021244772528,
        6.533239420840395,
        6.759310380936889,
        6.866756207714414,
        6.961982678877338,
        7.297164478825973,
        7.433651070429625,
        7.472238737415673,
        7.552928663770158,
        7.572335868781716,
        7.678647183221911,
        7.930025252297488,
        7.997870989273311,
        8.031214027735015,
        8.053586666217443,
        8.588482033557268,
        8.675828319948067,
        8.877550735884084,
        8.980896876329698,
        9.08276921735465,
        9.22529046312237,
        9.416574802811901,
        9.53986014853527,
        9.690671931176917,
        9.808702311003437,
        9.89768212834498,
        10.540728170519815,
        11.253051101118137,
        11.734714686645193,
        11.849879179029392,
        11.913272869769246,
        12.01715487091083,
        12.366002916519214,
        12.565626977852707
      ]
    },
    "star": {
      "M_star_sun": 0.8923100333470956,
      "gamma_ms": 0.0
    }
  },
  "difficulty_details": {
    "coverage_inner_periods": 3.8784779227298007,
    "gp_used": false,
    "minK_ms": 0.7950622429906543,
    "n_obs": 69,
    "n_planets": 4,
    "raw_score": 9,
    "resonances_detected": 2,
    "snr_like": 1.2015755501019696
  },
  "meta": {
    "noise": {
      "gp": {
        "Q0": 1.0,
        "dQ": 0.1,
        "f": 0.5,
        "period_days": 25.0,
        "sigma_ms": 0.0,
        "use_gp": false
      },
      "sigma_jitter_ms": 0.0715674512007405,
      "sigma_white_ms": 0.5901156555528737
    },
    "seed": 500060,
    "source_generated_task_id": "d93c7a19-ceb8-5255-a708-c9ff87d550bf",
    "source_seed": 500060
  },
  "observations": {
    "instruments": [
      "instA",
      "instA",
      "instA",
      "instA",
      "instA",
      "instA",
      "instA",
      "instA",
      "instA",
      "instA",
      "instA",
      "instA",
      "instA",
      "instA",
      "instA",
      "instA",
      "instA",
      "instA",
      "instA",
      "instA",
      "instA",
      "instA",
      "instA",
      "instA",
      "instA",
      "instA",
      "instA",
      "instA",
      "instA",
      "instA",
      "instA",
      "instA",
      "instA",
      "instA",
      "instA",
      "instA",
      "instA",
      "instA",
      "instA",
      "instA",
      "instA",
      "instA",
      "instA",
      "instA",
      "instA",
      "instA",
      "instA",
      "instA",
      "instA",
      "instA",
      "instA",
      "instA",
      "instA",
      "instA",
      "instA",
      "instA",
      "instA",
      "instA",
      "instA",
      "instA",
      "instA",
      "instA",
      "instA",
      "instA",
      "instA",
      "instA",
      "instA",
      "instA",
      "instA"
    ],