{
  "config": {
    "engine": "rebound",
    "instruments": [
      {
        "gamma_ms": 0.0,
        "label": "instA",
        "sigma_jitter_ms": 0.6221867545398087,
        "sigma_white_ms": 1.2449204597227472
      }
    ],
    "integrator_preference": "whfast",
    "los_axis": "x",
    "metadata": {},
    "noise": {
      "gp": {
        "Q0": 0.8503012098960775,
        "dQ": 0.2029656605200567,
        "f": 0.29252184206628706,
        "period_days": 18.179478579370965,
        "sigma_ms": 0.5942071022221023,
        "use_gp": true
      },
      "sigma_jitter_ms": 0.6221867545398087,
      "sigma_white_ms": 1.2449204597227472
    },
    "planets": [
      {
        "Omega_rad": 6.169215615211711,
        "P_days": 17.580971904104455,
        "e": 0.23354278683982913,
        "inc_rad": 1.1802913965311885,
        "l_rad": 1.562349191017586,
        "m_sin_i_mjup": 0.028329261290344004,
        "m_true_mjup": null,
        "omega_rad": 6.184957283334783
      },
      {
        "Omega_rad": 4.98959618288664,
        "P_days": 29.755307688641317,
        "e": 0.17535527690551694,
        "inc_rad": 1.1524223163088498,
        "l_rad": 0.9563102360689116,
        "m_sin_i_mjup": 0.03882054536574073,
        "m_true_mjup": null,
        "omega_rad": 5.066174019148159
      }
    ],
    "schedule": {
      "instruments": [
        "instA",
        "instA",
        "instA",
        "instA",
        "instA",
        "instA",
        "instA",
        "instA",
        "instA",
        "instA",
        "instA",
        "instA",
        "instA",
        "instA",
        "instA",
        "instA",
        "instA",
        "instA",
        "instA",
        "instA",
        "instA",
        "instA",
        "instA",
        "instA",
        "instA",
        "instA",
        "instA",
        "instA",
        "instA",
        "instA",
        "instA",
        "instA",
        "instA",
        "instA",
        "instA",
        "instA",
        "instA",
        "instA",
        "instA",
        "instA",
        "instA",
        "instA",
        "instA",
        "instA",
        "instA",
        "instA",
        "instA",
        "instA"
      ],
      "times_days": [
        1.0497486960841287,
        2.3822791158923384,
        3.685535447806593,
        3.746602807910109,
        6.3268694775475405,
        8.086514462976927,
        8.116540688632377,
        11.113463158061839,
        12.013701775356875,
        12.785933844575332,
        13.21115141600723,
        13.212750339359395,
        14.754597344977892,
        15.648516509542109,
        15.667607590716138,
        16.09821267564549,
        17.01550494775073,
        17.714681291489104,
        18.181774057610305,
        18.71994428774229,
        20.170347080893773,
        20.22434221297658,
        20.243920764953817,
        20.993999888475024,
        21.113563753242772,
        21.58553359599622,
        22.583216031375148,
        23.04853089817998,
        23.24232196920124,
        23.714805224917182,
        25.21588426518123,
        26.286026995243912,
        26.45543035898303,
        27.584573024550846,
        30.188114679684496,
        32.13824652374039,
        36.924466517345124,
        37.202007317883336,
        38.07559000699117,
        41.61640546872248,
        42.19179108987366,
        42.83932967841558,
        43.69908483780797,
        49.9007832508922,
        50.10608288652719,
        52.16659763332044,
        52.29970843998908,
        53.12066891449617
      ]
    },
    "star": {
      "M_star_sun": 0.9114040828850063,
      "gamma_ms": 0.0
    }
  },
  "difficulty_details": {
    "coverage_inner_periods": 2.9617771134857205,
    "gp_used": true,
    "minK_ms": 2.4225745052700707,
    "n_obs": 48,
    "n_planets": 2,
    "raw_score": 9,
    "resonances_detected": 1,
    "snr_like": 1.2975015504007388
  },
  "meta": {
    "noise": {
      "gp": {
        "Q0": 0.8503012098960775,
        "dQ": 0.2029656605200567,
        "f": 0.29252184206628706,
        "period_days": 18.179478579370965,
        "sigma_ms": 0.5942071022221023,
        "use_gp": true
      },
      "sigma_jitter_ms": 0.6221867545398087,
      "sigma_white_ms": 1.2449204597227472
    },
    "seed": 500065,
    "source_generated_task_id": "eba710ba-6fba-5be4-959f-91e843a22b99",
    "source_seed": 500065
  },
  "observations": {
    "instruments": [
      "instA",
      "instA",
      "instA",
      "instA",
      "instA",
      "instA",
      "instA",
      "instA",
      "instA",
      "instA",
      "instA",
      "instA",
      "instA",
      "instA",
      "instA",
      "instA",
      "instA",
      "instA",
      "instA",
      "instA",
      "instA",
      "instA",
      "instA",
      "instA",
      "instA",
      "instA",
      "instA",
      "instA",
      "instA",
      "instA",
      "instA",
      "instA",
      "instA",
      "instA",
      "instA",
      "instA",
      "instA",
      "instA",
      "instA",
      "instA",
      "instA",
      "instA",
      "instA",
      "instA",
      "instA",
      "instA",
      "instA",
      "instA"
    ],
    "rvs_ms": [
      4.75183329624161,
      1.8086816308320073,
      4.882570580243143,
      2.2423494008334455,
      0.23051091640495064,
      -1.1291309470583668,
      0.8818777887275817,
      -4.6399252836106895,
      -2.169085984040244,
      -5.417975930188618,
      -4.962209265980923,
      -2.260795618273862,
      0.501731245991248,
      1.8436924079127197,
      -1.2571430076587664,
      1.9073946157656196,
      -3.4722691788520073,
      0.5285060008966923,
      -0.3124383918900039,
      -3.3308524789567358,
      -1.8651892597816688,
      -0.7346474656371509,
      -5.827360832014672,
      1.3520321738807755,
      -4.229704518563024,
      -2.3361614158460386,
      -2.2270148456319765,
      -1.3958941701085876,
      -4.763735433298815,
      -3.4405853359240135,
      -2.028875885318376,
      1.7216156666095217,
      1.7774324378044992,
      -0.43357076910146,
      -0.5425122906650302,
      2.1259603844163424,
      3.078413467948221,
      0.6854087903776791,
      2.0148256883311912,
      -4.4853342059377095,
      -1.8895090818241547,
      -1.2579290441140465,
      -1.389365706548012,
      -0.15033109302182635,
      -0.8214755590229916,
      0.2929037852871965,
      -0.4447860847163466,
      5.9590614423036365
    ],
    "sigmas_ms": [
      1.2449204597227472,
      1.2449204597227472,
      1.2449204597227472,
      1.2449204597227472,
      1.2449204597227472,
      1.2449204597227472,
      1.2449204597227472,
      1.2449204597227472,
      1.2449204597227472,
      1.2449204597227472,
      1.2449204597227472,
      1.2449204597227472,
      1.2449204597227472,
      1.2449204597227472,
      1.2449204597227472,
      1.2449204597227472,
      1.2449204597227472,
      1.2449204597227472,
      1.2449204597227472,
      1.2449204597227472,
      1.2449204597227472,
      1.2449204597227472,
      1.2449204597227472,
      1.2449204597227472,
      1.2449204597227472,
      1.2449204597227472,
      1.2449204597227472,
      1.2449204597227472,
      1.2449204597227472,
      1.2449204597227472,
      1.2449204597227472,
      1.2449204597227472,
      1.2449204597227472,
      1.2449204597227472,
      1.2449204597227472,
      1.2449204597227472,
      1.2449204597227472,
      1.2449204597227472,
      1.2449204597227472,
      1.2449204597227472,
      1.2449204597227472,
      1.2449204597227472,
      1.2449204597227472,
      1.2449204597227472,
      1.2449204597227472,
      1.2449204597227472,
      1.2449204597227472,
      1.2449204597227472
    ],