{"config": {"engine": "rebound", "instruments": [{"gamma_ms": 0.0, "label": "instA", "sigma_jitter_ms": 1.0692196621760421, "sigma_white_ms": 3.92927308295583}], "integrator_preference": "whfast", "los_axis": "x", "metadata": {}, "noise": {"gp": {"Q0": 1.0, "dQ": 0.1, "f": 0.5, "period_days": 25.0, "sigma_ms": 0.0, "use_gp": false}, "sigma_jitter_ms": 1.0692196621760421, "sigma_white_ms": 3.92927308295583}, "planets": [{"Omega_rad": 1.3908225080243768, "P_days": 109.8886532715084, "e": 0.005238358309163948, "inc_rad": 1.534562404017057, "l_rad": 4.150683567478648, "m_sin_i_mjup": 0.011069851025544787, "m_true_mjup": null, "omega_rad": 4.840118910538714}, {"Omega_rad": 4.257769456944406, "P_days": 181.3311772267369, "e": 0.028405472609168755, "inc_rad": 0.3772371497116181, "l_rad": 1.4000683828978546, "m_sin_i_mjup": 0.39022548602490736, "m_true_mjup": null, "omega_rad": 4.976264537495184}, {"Omega_rad": 6.279816844426616, "P_days": 298.7596697353347, "e": 0.6181488986932285, "inc_rad": 1.5079142910364132, "l_rad": 2.333699204630485, "m_sin_i_mjup": 0.035978403396089154, "m_true_mjup": null, "omega_rad": 4.219308923252636}], "schedule": {"instruments": ["instA", "instA", "instA", "instA", "instA", "instA", "instA", "instA", "instA", "instA", "instA", "instA", "instA", "instA", "instA", "instA", "instA", "instA", "instA", "instA", "instA", "instA", "instA", "instA", "instA", "instA", "instA", "instA", "instA", "instA", "instA", "instA", "instA", "instA", "instA", "instA", "instA", "instA", "instA", "instA", "instA", "instA", "instA"], "times_days": [3.382383151328405, 9.383961959143996, 15.402341490522412, 18.035958032015024, 26.71817394797915, 34.950810679249805, 51.38496124605665, 54.35682579123268, 55.91592708441896, 73.4598872619755, 94.11487515213024, 94.74052965108255, 118.20720298484494, 136.66818488065735, 157.91792843388052, 210.68832743025555, 225.18753457716977, 229.93929354063047, 236.8484149153723, 239.13747529684528, 242.87536843543282, 243.28129400354592, 253.52134849833254, 256.4911136229602, 280.87053775405593, 285.51431275314894, 288.1168794399844, 327.52359439011303, 333.9431858761437, 336.73636496981675, 338.2928051907137, 339.9533435366359, 360.1098503364321, 362.99986122475923, 367.8212299981279, 375.06994553272074, 376.3335713600252, 380.2380641075434, 385.9007278519038, 395.2780213948865, 401.92448501189847, 417.8674438195381, 424.94579637698575]}, "star": {"M_star_sun": 1.171256559226122, "gamma_ms": 0.0}}, "difficulty_details": {"coverage_inner_periods": 3.836277911096751, "gp_used": false, "minK_ms": 0.42274647320627645, "n_obs": 43, "n_planets": 3, "raw_score": 10, "resonances_detected": 2, "snr_like": 0.08457478979398286}, "meta": {"noise": {"gp": {"Q0": 1.0, "dQ": 0.1, "f": 0.5, "period_days": 25.0, "sigma_ms": 0.0, "use_gp": false}, "sigma_jitter_ms": 1.0692196621760421, "sigma_white_ms": 3.92927308295583}, "seed": 197, "source_generated_task_id": "7ae240f0-4c2e-5769-9337-670e1a6bf4c8", "source_seed": 197}, "observations": {"instruments": ["instA", "instA", "instA", "instA", "instA", "instA", "instA", "instA", "instA", "instA", "instA", "instA", "instA", "instA", "instA", "instA", "instA", "instA", "instA", "instA", "instA", "instA", "instA", "instA", "instA", "instA", "instA", "instA", "instA", "instA", "instA", "instA", "instA", "instA", "instA", "instA", "instA", "instA", "instA", "instA", "instA", "instA", "instA"], "rvs_ms": [27.110620781421524, 27.22543439048444, 35.23436971949879, 32.09801341584228, 23.063854727375812, 25.24943850533593, 5.293191001049317, 0.6968095999159232, -12.639130279509128, -18.790450149030356, -44.495846096411, -36.19442322093525, -20.528468720989345, -7.623909324994138, 15.241598525613732, 17.195185587293622, 11.304416151094763, 9.97094156432056, -4.587396356325377, -17.330460018432817, -12.945482330756729, -9.327256530819453, -22.965709843538914, -29.520719197055403, -29.344617180092882, -30.101455544714113, -29.309535105774994, 4.625463149824721, 15.695912719478828, 11.887776460720648, 19.847446819430292, 21.817472988419343, 31.749149224040373, 32.56125175531096, 33.53848659789029, 31.488411167515917, 27.471526836535457, 27.8443305402144, 28.29797475323046, 18.74936271678061, 12.467012627269952, 0.9204041748190592, -15.347527652691806], "sigmas_ms": [3.92927308295583, 3.92927308295583, 3.92927308295583, 3.92927308295583, 3.92927308295583, 3.92927308295583, 3.92927308295583, 3.92927308295583, 3.92927308295583, 3.92927308295583, 3.92927308295583, 3.92927308295583, 3.92927308295583, 3.92927308295583, 3.92927308295583, 3.92927308295583, 3.92927308295583, 3.92927308295583, 3.92927308295583, 3.92927308295583, 3.92927308295583, 3.92927308295583, 3.92927308295583, 3.92927308295583, 3.92927308295583, 3.92927308295583, 3.92927308295583, 3.92927308295583, 3.92927308295583, 3.92927308295583, 3.92927308295583, 3.92927308295583, 3.92927308295583, 3.92927308295583, 3.92927308295583, 3.92927308295583, 3.92927308295583, 3.92927308295583, 3.92927308295583, 3.92927308295583, 3.92927308295583, 3.92927308295583, 3.92927308295583], "times_days": [3.382383151328405, 9.383961959143996, 15.402341490522412, 18.035958032015024, 26.71817394797915, 34.950810679249805, 51.38496124605665, 54.35682579123268, 55.91592708441896, 73.4598872619755, 94.11487515213024, 94.74052965108255, 118.20720298484494, 136.66818488065735, 157.91792843388052, 210.68832743025555, 225.18753457716977, 229.93929354063047, 236.8484149153723, 239.13747529684528, 242.87536843543282, 243.28129400354592, 253.52134849833254, 256.4911136229602, 280.87053775405593, 285.51431275314894, 288.1168794399844, 327.52359439011303, 333.9431858761437, 336.73636496981675, 338.2928051907137, 339.9533435366359, 360.1098503364321, 362.99986122475923, 367.8212299981279, 375.06994553272074, 376.3335713600252, 380.2380641075434, 385.9007278519038, 395.2780213948865, 401.92448501189847, 417.8674438195381, 424.94579637698575]}, "task_id": "seed197_diff10", "truth_difficulty": 10}