{
  "config": {
    "engine": "rebound",
    "instruments": [
      {
        "gamma_ms": 0.0,
        "label": "instA",
        "sigma_jitter_ms": 0.15266764866518767,
        "sigma_white_ms": 0.6529837108916349
      }
    ],
    "integrator_preference": "whfast",
    "los_axis": "x",
    "metadata": {},
    "noise": {
      "gp": {
        "Q0": 0.966052406015917,
        "dQ": 0.45400385591714776,
        "f": 0.7112546202729549,
        "period_days": 20.887516396749717,
        "sigma_ms": 1.1129663732679083,
        "use_gp": true
      },
      "sigma_jitter_ms": 0.15266764866518767,
      "sigma_white_ms": 0.6529837108916349
    },
    "planets": [
      {
        "Omega_rad": 6.049771444311487,
        "P_days": 57.93818085125994,
        "e": 0.022923101538159865,
        "inc_rad": 0.7191190951710509,
        "l_rad": 1.9922352592357846,
        "m_sin_i_mjup": 0.014145698037779384,
        "m_true_mjup": null,
        "omega_rad": 5.506234941164205
      },
      {
        "Omega_rad": 3.5629872880390425,
        "P_days": 225.26631137276954,
        "e": 0.09062997315225683,
        "inc_rad": 1.2773975803741342,
        "l_rad": 2.327481599222164,
        "m_sin_i_mjup": 0.38246330402106365,
        "m_true_mjup": null,
        "omega_rad": 3.6934380182353745
      }
    ],
    "schedule": {
      "instruments": [
        "instA",
        "instA",
        "instA",
        "instA",
        "instA",
        "instA",
        "instA",
        "instA",
        "instA",
        "instA",
        "instA",
        "instA",
        "instA",
        "instA",
        "instA",
        "instA",
        "instA",
        "instA",
        "instA",
        "instA",
        "instA",
        "instA",
        "instA",
        "instA",
        "instA",
        "instA",
        "instA",
        "instA",
        "instA",
        "instA",
        "instA",
        "instA",
        "instA",
        "instA",
        "instA",
        "instA",
        "instA",
        "instA",
        "instA",
        "instA",
        "instA",
        "instA",
        "instA",
        "instA",
        "instA",
        "instA",
        "instA",
        "instA",
        "instA",
        "instA",
        "instA",
        "instA",
        "instA",
        "instA",
        "instA",
        "instA",
        "instA",
        "instA",
        "instA",
        "instA",
        "instA",
        "instA",
        "instA",
        "instA",
        "instA",
        "instA",
        "instA",
        "instA",
        "instA",
        "instA",
        "instA",
        "instA",
        "instA",
        "instA",
        "instA",
        "instA",
        "instA",
        "instA"
      ],
      "times_days": [
        1.553545444750258,
        2.558596513845489,
        12.888280480926483,
        14.636489177458023,
        15.628518551438107,
        20.558022879968796,
        21.051296535266953,
        21.410671068440948,
        21.59824457581525,
        23.84412715036932,
        24.676726834246924,
        30.204844719231165,
        34.36896090902201,
        37.84259398968262,
        39.57511243118071,
        39.69311971929137,
        43.075164224842624,
        43.87013104412624,
        45.392852106972164,
        57.54166137079131,
        60.01529163617909,
        60.192284852400455,
        60.534704083931544,
        65.11913587766043,
        65.79808904082188,
        72.98047741381232,
        76.87035996202574,
        81.59482736914326,
        100.7416665371092,
        101.62354849093023,
        105.15659251127848,
        106.8062206323875,
        115.77064425782734,
        117.25229502677242,
        117.67573821559559,
        119.32704210473791,
        120.51842214867094,
        121.32960528937411,
        121.98416952214271,
        122.1412238787431,
        123.14927454083154,
        123.43215197658488,
        124.12849836468428,
        126.83211567798992,
        132.08625528051726,
        135.94228067878916,
        139.3725278776786,
        139.41305505115966,
        145.6193021745693,
        146.45202573367268,
        149.65702314009,
        150.57393479175192,
        155.86747814429432,
        156.1196363253218,
        156.13253159682347,
        156.88507011383882,
        157.8201611255153,
        158.55673518979768,
        163.7122300328933,
        164.20670479966213,
        164.49799781444068,
        174.57883744060553,
        175.26941427626645,
        177.242496203216,
        181.82380839355727,
        181.85590043084775,
        182.78568151525687,
        184.27596927071687,
        185.3181305669813,
        185.99917428570868,
        186.42060870176132,
        186.92338522683747,
        187.52396102694183,
        192.87933484554807,
        194.0884565874856,
        195.4880844482843,
        199.8074265195591,
        202.09127201362946
      ]
    },
    "star": {
      "M_star_sun": 1.2284950157377363,
      "gamma_ms": 0.0
    }
  },
  "difficulty_details": {
    "coverage_inner_periods": 3.461236159342035,
    "gp_used": true,
    "minK_ms": 0.6479167369767,
    "n_obs": 78,
    "n_planets": 2,
    "raw_score": 9,
    "resonances_detected": 0,
    "snr_like": 0.8042147875640773
  },
  "meta": {
    "noise": {
      "gp": {
        "Q0": 0.966052406015917,
        "dQ": 0.45400385591714776,
        "f": 0.7112546202729549,
        "period_days": 20.887516396749717,
        "sigma_ms": 1.1129663732679083,
        "use_gp": true
      },
      "sigma_jitter_ms": 0.15266764866518767,
      "sigma_white_ms": 0.6529837108916349
    },
    "seed": 500008,
    "source_generated_task_id": "c2b17187-1b5a-51c8-94d5-868152b5aa10",
    "source_seed": 500008
  },
  "observations": {
    "instruments": [
      "instA",
      "instA",
      "instA",
      "instA",
      "instA",
      "instA",
      "instA",
      "instA",
      "instA",
      "instA",
      "instA",
      "instA",
      "instA",
      "instA",
      "instA",
      "instA",
      "instA",
      "instA",
      "instA",
      "instA",
      "instA",
      "instA",
      "instA",
      "instA",
      "instA",
      "instA",
      "instA",
      "instA",
      "instA",
      "instA",
      "instA",
      "instA",
      "instA",
      "instA",
      "instA",
      "instA",
      "instA",
      "instA",
      "instA",
      "instA",
      "instA",
      "instA",
      "instA",
      "instA",
      "instA",
      "instA",
      "instA",
      "instA",
      "instA",
      "instA",
      "instA",
      "instA",
      "instA",
      "instA",
      "instA",
      "instA",
      "instA",
      "instA",
      "instA",
      "instA",
      "instA",
      "instA",
      "instA",
      "instA",
      "instA",
      "instA",
      "instA",
      "instA",
      "instA",
      "instA",
      "instA",
      "instA",
      "instA",
      "instA",
      "instA",
      "instA",
      "instA",
      "instA"
    ],