{"config": {"engine": "rebound", "instruments": [{"gamma_ms": 0.0, "label": "instA", "sigma_jitter_ms": 0.006190654718626742, "sigma_white_ms": 2.0836029950977615}], "integrator_preference": "whfast", "los_axis": "x", "metadata": {}, "noise": {"gp": {"Q0": 0.8744428183348497, "dQ": 0.11721228787604007, "f": 0.45266185623833366, "period_days": 43.72642189069607, "sigma_ms": 0.7276948980227332, "use_gp": true}, "sigma_jitter_ms": 0.006190654718626742, "sigma_white_ms": 2.0836029950977615}, "planets": [{"Omega_rad": 1.5629896811589987, "P_days": 13.264418742884791, "e": 0.26347989508560926, "inc_rad": 1.042659903920677, "l_rad": 0.6379731557468479, "m_sin_i_mjup": 0.6509889080751444, "m_true_mjup": null, "omega_rad": 3.6350570670020534}, {"Omega_rad": 5.245100541637465, "P_days": 26.47513028879955, "e": 0.13133435359027434, "inc_rad": 1.2755368382445256, "l_rad": 5.211918065144937, "m_sin_i_mjup": 0.01463926881573987, "m_true_mjup": null, "omega_rad": 1.784278928891045}, {"Omega_rad": 2.4296239331249283, "P_days": 40.503381093208404, "e": 0.30797078574532377, "inc_rad": 1.19799088917225, "l_rad": 2.0588133423431243, "m_sin_i_mjup": 0.011722278628496242, "m_true_mjup": null, "omega_rad": 2.072379159656799}], "schedule": {"instruments": ["instA", "instA", "instA", "instA", "instA", "instA", "instA", "instA", "instA", "instA", "instA", "instA", "instA", "instA", "instA", "instA", "instA", "instA", "instA", "instA", "instA", "instA", "instA", "instA", "instA", "instA", "instA", "instA", "instA", "instA", "instA", "instA", "instA", "instA", "instA", "instA", "instA", "instA", "instA", "instA", "instA", "instA", "instA", "instA", "instA", "instA", "instA", "instA", "instA", "instA", "instA", "instA", "instA", "instA", "instA", "instA", "instA", "instA", "instA", "instA", "instA", "instA", "instA", "instA", "instA", "instA", "instA", "instA", "instA", "instA", "instA", "instA", "instA"], "times_days": [1.050455122759113, 1.3675295396747595, 1.5499353803506217, 1.6709361392714355, 3.6413288107749713, 3.8868675811534965, 4.007595244848132, 4.916856340093011, 5.032608496193354, 5.217402190228541, 6.840444935728707, 7.647097864315328, 8.504501257728615, 8.870100945303212, 10.135840588159075, 11.167083297615841, 12.045954683328455, 12.865706392595005, 13.589347139410457, 13.751429954356112, 14.090948918535632, 15.867265486300031, 15.971817181408897, 16.332880006278014, 16.726267700712746, 17.22537380486971, 17.63762925971326, 18.22999716214883, 18.28433150337542, 18.725101098716635, 19.733702848818123, 20.12333768193569, 21.346834579273693, 21.893750163283947, 22.901209265906033, 24.375404822728953, 24.40228556315366, 24.475853183980913, 25.20269309897541, 25.319746313129315, 26.596159868238004, 28.015369025309116, 28.060211827576218, 28.737537035073796, 29.781949829909845, 29.965794442565695, 30.322381271026146, 30.692571860451967, 30.782358007816907, 33.20822751677254, 34.83746952424206, 35.27083839881451, 35.3528116714664, 37.40868485359841, 37.54444751428228, 37.78767452014102, 38.225829944253555, 39.3379248929087, 39.42999649006906, 39.484458713877764, 39.77865105346797, 39.83117860553806, 40.16822988837772, 40.423967090566535, 40.85772446219187, 41.39683098789595, 42.263542880274116, 43.283674410970946, 43.59886902481286, 43.91068068649639, 44.76277346737698, 44.78032167151985, 47.50015146042167]}, "star": {"M_star_sun": 0.8053744006679512, "gamma_ms": 0.0}}, "difficulty_details": {"coverage_inner_periods": 3.5018267470317, "gp_used": true, "minK_ms": 0.8423767972038746, "n_obs": 73, "n_planets": 3, "raw_score": 10, "resonances_detected": 2, "snr_like": 0.40309089716962576}, "meta": {"noise": {"gp": {"Q0": 0.8744428183348497, "dQ": 0.11721228787604007, "f": 0.45266185623833366, "period_days": 43.72642189069607, "sigma_ms": 0.7276948980227332, "use_gp": true}, "sigma_jitter_ms": 0.006190654718626742, "sigma_white_ms": 2.0836029950977615}, "seed": 122, "source_generated_task_id": "57545410-8271-5604-9131-0d570483f68c", "source_seed": 122}, "observations": {"instruments": ["instA", "instA", "instA", "instA", "instA", "instA", "instA", "instA", "instA", "instA", "instA", "instA", "instA", "instA", "instA", "instA", "instA", "instA", "instA", "instA", "instA", "instA", "instA", "instA", "instA", "instA", "instA", "instA", "instA", "instA", "instA", "instA", "instA", "instA", "instA", "instA", "instA", "instA", "instA", "instA", "instA", "instA", "instA", "instA", "instA", "instA", "instA", "instA", "instA", "instA", "instA", "instA", "instA", "instA", "instA", "instA", "instA", "instA", "instA", "instA", "instA", "instA", "instA", "instA", "instA", "instA", "instA", "instA", "instA", "instA", "instA", "instA", "instA"], "rvs_ms": [47.32587992111442, 53.141773243377536, 58.32319687579221, 54.87283046873651, 66.028880264409, 62.44763501474861, 60.24656581263777, 29.12867926606561, 29.10129834549987, 25.46346889857544, -70.35221377472531, -84.06174941564181, -73.8705534284453, -73.36746889643129, -38.685338354416096, -11.267563749965268, 11.028048881685026, 23.11366922024873, 41.805072397599076, 43.0961401525251, 50.777495575620826, 62.1062377416418, 62.930881402393254, 64.71709112883758, 62.02690138910417, 63.339619941897155, 50.77428559838123, 29.365427702897264, 30.767355717470387, 7.615998130969421, -54.74914574554554, -73.63523261840815, -83.37885663430578, -73.87619547427376, -51.963560202396096, -21.940839645318487, -5.622725128604159, -13.623670214579608, 9.927978910721174, 7.912526741147655, 30.339061981302606, 58.62664845242949, 58.264509626738665, 61.33183836317176, 74.38351169210414, 67.71722577195288, 62.96743025262273, 58.65534596884678, 57.031645825151664, -68.16573428743507, -82.56693100746759, -69.56871050536175, -73.1184625106362, -14.780415459345365, -15.566029770656836, -6.046562652107817, 2.9393486204172756, 24.53935922168025, 30.88826958762105, 26.844755547458746, 30.858468845283433, 32.18380562435212, 39.05671993740879, 44.10209205270513, 50.431302904050064, 63.56248109583156, 69.15391330087868, 66.20810389733764, 65.07538669553978, 57.13279774748601, 32.5527671585025, 35.96195038326919, -83.34281714855283], "sigmas_ms": [2.0836029950977615, 2.0836029950977615, 2.0836029950977615, 2.0836029950977615, 2.0836029950977615, 2.0836029950977615, 2.0836029950977615, 2.0836029950977615, 2.0836029950977615, 2.0836029950977615, 2.0836029950977615, 2.0836029950977615, 2.0836029950977615, 2.0836029950977615, 2.0836029950977615, 2.0836029950977615, 2.0836029950977615, 2.0836029950977615, 2.0836029950977615, 2.0836029950977615, 2.0836029950977615, 2.0836029950977615, 2.0836029950977615, 2.0836029950977615, 2.0836029950977615, 2.0836029950977615, 2.0836029950977615, 2.0836029950977615, 2.0836029950977615, 2.0836029950977615, 2.0836029950977615, 2.0836029950977615, 2.0836029950977615, 2.0836029950977615, 2.0836029950977615, 2.0836029950977615, 2.0836029950977615, 2.0836029950977615, 2.0836029950977615, 2.0836029950977615, 2.0836029950977615, 2.0836029950977615, 2.0836029950977615, 2.0836029950977615, 2.0836029950977615, 2.0836029950977615, 2.0836029950977615, 2.0836029950977615, 2.0836029950977615, 2.0836029950977615, 2.0836029950977615, 2.0836029950977615, 2.0836029950977615, 2.0836029950977615, 2.0836029950977615, 2.0836029950977615, 2.0836029950977615, 2.0836029950977615, 2.0836029950977615, 2.0836029950977615, 2.0836029950977615, 2.0836029950977615, 2.0836029950977615, 2.0836029950977615, 2.0836029950977615, 2.0836029950977615, 2.0836029950977615, 2.0836029950977615, 2.0836029950977615, 2.0836029950977615, 2.0836029950977615, 2.0836029950977615, 2.0836029950977615],