{"config": {"engine": "rebound", "instruments": [{"gamma_ms": 0.0, "label": "instA", "sigma_jitter_ms": 0.3188506654115649, "sigma_white_ms": 0.5541532999881089}], "integrator_preference": "whfast", "los_axis": "x", "metadata": {}, "noise": {"gp": {"Q0": 1.0, "dQ": 0.1, "f": 0.5, "period_days": 25.0, "sigma_ms": 0.0, "use_gp": false}, "sigma_jitter_ms": 0.3188506654115649, "sigma_white_ms": 0.5541532999881089}, "planets": [{"Omega_rad": 1.0226204883592533, "P_days": 216.6158498696455, "e": 0.20787222301249828, "inc_rad": 0.6216055026228785, "l_rad": 2.2488163393790725, "m_sin_i_mjup": 0.7828010355301258, "m_true_mjup": null, "omega_rad": 6.151129296253753}], "schedule": {"instruments": ["instA", "instA", "instA", "instA", "instA", "instA", "instA", "instA", "instA", "instA", "instA", "instA", "instA", "instA", "instA", "instA", "instA", "instA", "instA", "instA", "instA", "instA", "instA", "instA", "instA", "instA", "instA", "instA", "instA", "instA", "instA", "instA", "instA", "instA", "instA", "instA", "instA", "instA", "instA", "instA", "instA", "instA", "instA", "instA", "instA", "instA", "instA", "instA", "instA", "instA", "instA", "instA", "instA", "instA", "instA", "instA", "instA", "instA", "instA", "instA", "instA", "instA", "instA", "instA", "instA", "instA", "instA"], "times_days": [0.517053317604584, 0.5946672709129643, 16.735153679390038, 25.289743343813043, 30.340093542861652, 39.159987728401525, 45.14120572563376, 56.100848433427025, 58.98115442026246, 64.94594608000389, 65.98319664278606, 67.72581800545706, 69.96510364638287, 84.06361406250168, 86.62458349209264, 89.68812555240432, 92.66169726282564, 94.33972123206763, 97.83013808198642, 112.78682065238652, 117.04784356940003, 124.27851405691177, 124.92147382508868, 150.7813435211744, 160.52814615577654, 191.6143209329272, 193.52320356421998, 200.76619160412534, 201.86706833397855, 207.4598631399705, 224.52503435004084, 237.47874162986722, 262.7447993766806, 265.7633552056909, 273.5801908806845, 284.03927400900477, 305.6857088499437, 310.2267717897054, 314.28633566343257, 326.00840987015994, 333.5744743091684, 336.9595176414019, 350.573101200403, 367.43238856866856, 391.6146970993385, 393.31843677280256, 405.6084025680433, 436.5284974205185, 465.39720227516807, 469.04475773458154, 469.8326386206428, 471.21693888453115, 475.1477070926542, 482.0520623854861, 489.19119162075975, 493.15688739490713, 495.31972700097367, 496.4437730424878, 524.2104121387903, 526.5040271774582, 541.9693921005837, 544.2122521286902, 548.8200929038766, 553.7655526757393, 556.5389276126717, 559.6715757864347, 567.4596095781739]}, "star": {"M_star_sun": 0.9750973336620118, "gamma_ms": 0.0}}, "difficulty_details": {"coverage_inner_periods": 2.617271804448947, "gp_used": false, "minK_ms": 27.542230973156922, "n_obs": 67, "n_planets": 1, "raw_score": 3, "resonances_detected": 0, "snr_like": 31.548803974272545}, "meta": {"noise": {"gp": {"Q0": 1.0, "dQ": 0.1, "f": 0.5, "period_days": 25.0, "sigma_ms": 0.0, "use_gp": false}, "sigma_jitter_ms": 0.3188506654115649, "sigma_white_ms": 0.5541532999881089}, "seed": 35, "source_generated_task_id": "3cb6efe2-9b85-5db6-8cb9-f86f59115813", "source_seed": 35}, "observations": {"instruments": ["instA", "instA", "instA", "instA", "instA", "instA", "instA", "instA", "instA", "instA", "instA", "instA", "instA", "instA", "instA", "instA", "instA", "instA", "instA", "instA", "instA", "instA", "instA", "instA", "instA", "instA", "instA", "instA", "instA", "instA", "instA", "instA", "instA", "instA", "instA", "instA", "instA", "instA", "instA", "instA", "instA", "instA", "instA", "instA", "instA", "instA", "instA", "instA", "instA", "instA", "instA", "instA", "instA", "instA", "instA", "instA", "instA", "instA", "instA", "instA", "instA", "instA", "instA", "instA", "instA", "instA", "instA"], "rvs_ms": [27.699242872002692, 27.836779362293797, 13.40201232014088, 6.116740494283637, 1.4782012955616417, -6.825781152787938, -12.155114218393255, -21.666176153334458, -25.267955010823595, -27.94735207392365, -31.108818358021377, -31.891935643246132, -32.32052295292721, -43.57519165993043, -44.635885519948, -45.64581170910824, -46.00432992980432, -48.11063964476782, -47.11032237115441, -43.53026539839367, -37.32789480314167, -27.53036115159315, -26.822119886195395, 23.12731399625441, 37.33685336573846, 43.31187540641469, 42.76937927051284, 37.51274664440314, 37.723604069740595, 34.43533088068379, 21.827860682442207, 9.360431784734173, -13.556187682104712, -14.95095429978703, -22.60560202133084, -31.233325391538898, -46.497142521769746, -47.27200224171484, -48.63441029842312, -46.03287308668629, -39.39147455566532, -34.09163827148798, -10.85991906903133, 22.224639956365504, 44.18022581675353, 45.195686989699574, 44.025449871381646, 25.555546467972025, 0.8668976194798137, -3.4195629580028113, -4.085572040427058, -4.0573470277204775, -8.758580055946013, -14.805698866284992, -22.07243936341997, -24.696702360514607, -27.682658924713277, -28.154384967882137, -46.72226322805031, -47.427692195648994, -45.300343146827636, -43.76091504935905, -39.60573357637201, -34.04895936189424, -30.284912223452636, -24.615785563835452, -9.56368839412543], "sigmas_ms": [0.5541532999881089, 0.5541532999881089, 0.5541532999881089, 0.5541532999881089, 0.5541532999881089, 0.5541532999881089, 0.5541532999881089, 0.5541532999881089, 0.5541532999881089, 0.5541532999881089, 0.5541532999881089, 0.5541532999881089, 0.5541532999881089, 0.5541532999881089, 0.5541532999881089, 0.5541532999881089, 0.5541532999881089, 0.5541532999881089, 0.5541532999881089, 0.5541532999881089, 0.5541532999881089, 0.5541532999881089, 0.5541532999881089, 0.5541532999881089, 0.5541532999881089, 0.5541532999881089, 0.5541532999881089, 0.5541532999881089, 0.5541532999881089, 0.5541532999881089, 0.5541532999881089, 0.5541532999881089, 0.5541532999881089, 0.5541532999881089, 0.5541532999881089, 0.5541532999881089, 0.5541532999881089, 0.5541532999881089, 0.5541532999881089, 0.5541532999881089, 0.5541532999881089, 0.5541532999881089, 0.5541532999881089, 0.5541532999881089, 0.5541532999881089, 0.5541532999881089, 0.5541532999881089, 0.5541532999881089, 0.5541532999881089, 0.5541532999881089, 0.5541532999881089, 0.5541532999881089, 0.5541532999881089, 0.5541532999881089, 0.5541532999881089, 0.5541532999881089, 0.5541532999881089, 0.5541532999881089, 0.5541532999881089, 0.5541532999881089, 0.5541532999881089, 0.5541532999881089, 0.5541532999881089, 0.5541532999881089, 0.5541532999881089, 0.5541532999881089, 0.5541532999881089], "times_days": [0.517053317604584, 0.5946672709129643, 16.735153679390038, 25.289743343813043, 30.340093542861652, 39.159987728401525, 45.14120572563376, 56.100848433427025, 58.98115442026246, 64.94594608000389, 65.98319664278606, 67.72581800545706, 69.96510364638287, 84.06361406250168, 86.62458349209264, 89.68812555240432, 92.66169726282564, 94.33972123206763, 97.83013808198642, 112.78682065238652, 117.04784356940003, 124.27851405691177, 124.92147382508868, 150.7813435211744, 160.52814615577654, 191.6143209329272, 193.52320356421998, 200.76619160412534, 201.86706833397855, 207.4598631399705, 224.52503435004084, 237.47874162986722, 262.7447993766806, 265.7633552056909, 273.5801908806845, 284.03927400900477, 305.6857088499437, 310.2267717897054, 314.28633566343257, 326.00840987015994, 333.5744743091684, 336.9595176414019, 350.573101200403, 367.43238856866856, 391.6146970993385, 393.31843677280256, 405.6084025680433, 436.5284974205185, 465.39720227516807, 469.04475773458154, 469.8326386206428, 471.21693888453115, 475.1477070926542, 482.0520623854861, 489.19119162075975, 493.15688739490713, 495.31972700097367, 496.4437730424878, 524.2104121387903, 526.5040271774582, 541.9693921005837, 544.2122521286902, 548.8200929038766, 553.7655526757393, 556.5389276126717, 559.6715757864347, 567.4596095781739]}, "task_id": "seed35_diff3", "truth_difficulty": 3}