{"config": {"engine": "rebound", "instruments": [{"gamma_ms": 0.0, "label": "instA", "sigma_jitter_ms": 1.0974669784904625, "sigma_white_ms": 1.9793541237541392}], "integrator_preference": "whfast", "los_axis": "x", "metadata": {}, "noise": {"gp": {"Q0": 1.0, "dQ": 0.1, "f": 0.5, "period_days": 25.0, "sigma_ms": 0.0, "use_gp": false}, "sigma_jitter_ms": 1.0974669784904625, "sigma_white_ms": 1.9793541237541392}, "planets": [{"Omega_rad": 3.1319658580615086, "P_days": 7.703042978401428, "e": 0.33061328206195906, "inc_rad": 1.4552515066812453, "l_rad": 1.941395859544413, "m_sin_i_mjup": 0.62987397847978, "m_true_mjup": null, "omega_rad": 1.0286604889110327}], "schedule": {"instruments": ["instA", "instA", "instA", "instA", "instA", "instA", "instA", "instA", "instA", "instA", "instA", "instA", "instA", "instA", "instA", "instA", "instA", "instA", "instA", "instA", "instA", "instA", "instA", "instA", "instA", "instA", "instA", "instA", "instA", "instA", "instA", "instA", "instA", "instA", "instA", "instA", "instA", "instA", "instA", "instA", "instA", "instA", "instA", "instA", "instA", "instA", "instA", "instA", "instA", "instA", "instA", "instA", "instA", "instA", "instA", "instA", "instA", "instA", "instA", "instA", "instA", "instA", "instA", "instA", "instA", "instA", "instA", "instA", "instA", "instA", "instA", "instA", "instA", "instA", "instA", "instA", "instA", "instA", "instA", "instA", "instA", "instA", "instA", "instA", "instA", "instA", "instA", "instA", "instA", "instA", "instA", "instA", "instA", "instA", "instA", "instA", "instA", "instA", "instA"], "times_days": [0.16145147053027845, 1.480491267982487, 2.0038963968864185, 2.2131895280423035, 3.029046065061828, 3.1300610814219247, 3.192889917189815, 3.226489782315638, 3.8430705213487237, 3.9111721435532503, 4.301444930122579, 4.445788127319687, 4.4596212581194274, 4.710602209133243, 4.874394012054498, 5.206038468633244, 5.253724676944337, 5.274828160834346, 5.600560852445822, 5.619335497611297, 5.8592387822806336, 6.158693178613779, 6.2074044264598305, 6.701727495377869, 6.937498405609034, 7.070825391507653, 7.344136861255224, 7.377557216398561, 7.4784465361280095, 7.755669696739092, 7.788266492561397, 7.857936107404804, 8.118137585160552, 8.14406245226284, 8.439599220880334, 8.573079230877395, 8.682248873196157, 8.737024413997334, 8.906239222153275, 9.282248339820582, 9.282479658841938, 9.636951495038282, 10.574375829890716, 10.682155972386203, 11.032025347458635, 11.051169370124855, 11.329775002184224, 11.485347451824715, 11.49520526870941, 11.650226298754951, 11.69047778772186, 11.950456847441929, 11.987551181890998, 12.030595782074403, 12.89817199769469, 13.096623042008238, 13.285852253530155, 13.303877722744895, 13.58294786759769, 14.183215278083116, 14.362286191676585, 14.456930604271557, 14.526294883100977, 14.613458424019283, 14.745580339503608, 14.781612655863121, 15.575552462194876, 15.613874925275029, 15.672913410816095, 16.056726267704917, 16.073349798450415, 16.35626321179509, 16.774574912769793, 16.99068128449732, 17.553138939844754, 17.78874591093035, 17.938596592466148, 17.94838981105824, 18.138366488666453, 19.02706511572078, 19.037345765793184, 19.547941304897126, 19.80508848014332, 19.98212961654881, 20.017058838198615, 20.03818126581337, 20.122558269620363, 21.34091184109449, 21.5247909126322, 21.876106728375504, 22.57095305926012, 23.49651396657644, 23.49710113352947, 23.636576695048667, 24.141046827921198, 24.348361326882618, 24.69475799024395, 25.652274965344652, 26.153201736669672]}, "star": {"M_star_sun": 0.8417552379240938, "gamma_ms": 0.0}}, "difficulty_details": {"coverage_inner_periods": 3.3742185184501365, "gp_used": false, "minK_ms": 77.04227552856744, "n_obs": 99, "n_planets": 1, "raw_score": 1, "resonances_detected": 0, "snr_like": 25.039569402447082}, "meta": {"noise": {"gp": {"Q0": 1.0, "dQ": 0.1, "f": 0.5, "period_days": 25.0, "sigma_ms": 0.0, "use_gp": false}, "sigma_jitter_ms": 1.0974669784904625, "sigma_white_ms": 1.9793541237541392}, "patch_profile": "easy_bias_for_diff1", "seed": 300119, "source_generated_task_id": "b3817961-8fc9-52eb-bdd1-5302453f1104", "source_seed": 300119}, "observations": {"instruments": ["instA", "instA", "instA", "instA", "instA", "instA", "instA", "instA", "instA", "instA", "instA", "instA", "instA", "instA", "instA", "instA", "instA", "instA", "instA", "instA", "instA", "instA", "instA", "instA", "instA", "instA", "instA", "instA", "instA", "instA", "instA", "instA", "instA", "instA", "instA", "instA", "instA", "instA", "instA", "instA", "instA", "instA", "instA", "instA", "instA", "instA", "instA", "instA", "instA", "instA", "instA", "instA", "instA", "instA", "instA", "instA", "instA", "instA", "instA", "instA", "instA", "instA", "instA", "instA", "instA", "instA", "instA", "instA", "instA", "instA", "instA", "instA", "instA", "instA", "instA", "instA", "instA", "instA", "instA", "instA", "instA", "instA", "instA", "instA", "instA", "instA", "instA", "instA", "instA", "instA", "instA", "instA", "instA", "instA", "instA", "instA", "instA", "instA", "instA"], "rvs_ms": [43.46814168915936, -6.463607673781047, -25.270679566613556, -29.61294550717642, -40.55879020013159, -40.5002050641944, -42.69166739630469, -38.30398829513228, -41.45983316265937, -44.64735355302934, -43.84883724788439, -39.68749214948624, -45.58784858569429, -32.532190454319945, -31.695983297744235, -24.9946690731235, -25.063666004035497, -21.509654250918487, -8.38292866712686, -6.040859971635485, 8.959235926096174, 36.2345444011793, 46.302636322457346, 77.9383944304773, 78.99603057435175, 74.58679822692964, 63.71151387222349, 65.21717907256287, 60.382609266648544, 45.3739442650984, 42.783502144196014, 40.522517353766425, 26.425259718926917, 26.31681057569162, 12.22558250826485, 9.864729016446194, 7.954558105587723, 3.0275423176521254, -7.107935317700874, -11.566383439438104, -11.806717307599182, -21.255790924768423, -35.5505233169891, -39.11229315434998, -42.79170744092856, -37.68318516418223, -40.0630925658979, -46.53615029048428, -43.533957275072765, -43.603596010665626, -46.862854414990466, -40.52596928108319, -40.68020637577811, -41.94070554298958, -24.501467985205093, -16.961876888102672, -6.404178453650678, -7.347295386512116, 12.793214057426137, 59.54400699823083, 77.27957229028068, 76.65804389235251, 78.34437616750358, 79.21899157615861, 76.0818046984381, 78.00209774037658, 36.65454564056146, 40.94509233129282, 33.38629985192651, 22.087342402514686, 18.707359859116565, 7.705231696127445, -7.762651331383201, -9.71387362098593, -27.846080072584385, -32.019042200354875, -34.45830415847085, -27.094530949332402, -31.815173033126637, -42.897204757216116, -44.995693685378406, -44.33335474575801, -43.89820883261075, -41.23304142713805, -40.15675237079094, -36.39702956638332, -37.376549935357474, 17.81371334917425, 35.36976479978736, 61.98450546139801, 74.45363654063033, 29.05129906627413, 30.146997787944013, 23.98821365023485, 3.656927833061948, -3.628426376060723, -9.877887101292503, -33.50256591988111, -35.832102064072295],