{"config": {"engine": "rebound", "instruments": [{"gamma_ms": 0.0, "label": "instA", "sigma_jitter_ms": 0.1317946370806015, "sigma_white_ms": 1.1035400877410992}], "integrator_preference": "whfast", "los_axis": "x", "metadata": {}, "noise": {"gp": {"Q0": 1.0, "dQ": 0.1, "f": 0.5, "period_days": 25.0, "sigma_ms": 0.0, "use_gp": false}, "sigma_jitter_ms": 0.1317946370806015, "sigma_white_ms": 1.1035400877410992}, "planets": [{"Omega_rad": 3.242785145579112, "P_days": 189.2982864386749, "e": 0.228143632846904, "inc_rad": 1.3673105014075435, "l_rad": 0.31146739179749533, "m_sin_i_mjup": 0.03224772688486793, "m_true_mjup": null, "omega_rad": 1.5208820218944143}], "schedule": {"instruments": ["instA", "instA", "instA", "instA", "instA", "instA", "instA", "instA", "instA", "instA", "instA", "instA", "instA", "instA", "instA", "instA", "instA", "instA", "instA", "instA", "instA", "instA", "instA", "instA", "instA", "instA", "instA", "instA", "instA", "instA", "instA", "instA", "instA", "instA", "instA", "instA", "instA", "instA", "instA", "instA", "instA", "instA"], "times_days": [8.4368524530407, 11.258052173705474, 27.093741065181337, 39.31029959721959, 61.71646669366958, 105.24897621214086, 110.45087778063946, 114.53771381062336, 132.29758484216413, 135.29652408295755, 137.24993143264555, 138.96212831930487, 145.5580447740516, 161.66121465887986, 162.20615843276536, 187.35358726671407, 196.28172507819318, 219.24595399458815, 220.55361352045247, 236.09990202238797, 281.1815667716148, 282.08147426700657, 287.58506798467175, 293.88211059600746, 296.81316729947986, 310.71341079459177, 321.80311565908704, 378.60350968906863, 386.23071791104445, 389.0641535872504, 413.40205395826655, 417.7330748050508, 418.0656592399593, 422.2829118676616, 439.2369430831642, 439.88954747545483, 441.8254168955379, 453.23751335189974, 460.43595580273063, 496.3313860999374, 509.51796420833784, 513.825719352245]}, "star": {"M_star_sun": 1.0410947151547338, "gamma_ms": 0.0}}, "difficulty_details": {"coverage_inner_periods": 2.6698015941255235, "gp_used": false, "minK_ms": 1.1413402274764004, "n_obs": 42, "n_planets": 1, "raw_score": 7, "resonances_detected": 0, "snr_like": 0.9239117176448943}, "meta": {"noise": {"gp": {"Q0": 1.0, "dQ": 0.1, "f": 0.5, "period_days": 25.0, "sigma_ms": 0.0, "use_gp": false}, "sigma_jitter_ms": 0.1317946370806015, "sigma_white_ms": 1.1035400877410992}, "seed": 33, "source_generated_task_id": "586d96e6-4b69-50e6-8993-d91e5605fab1", "source_seed": 33}, "observations": {"instruments": ["instA", "instA", "instA", "instA", "instA", "instA", "instA", "instA", "instA", "instA", "instA", "instA", "instA", "instA", "instA", "instA", "instA", "instA", "instA", "instA", "instA", "instA", "instA", "instA", "instA", "instA", "instA", "instA", "instA", "instA", "instA", "instA", "instA", "instA", "instA", "instA", "instA", "instA", "instA", "instA", "instA", "instA"], "rvs_ms": [-0.9350220636031361, 0.6362838895811915, 1.6166285234342666, 0.2864421074301218, 0.043045677397795745, 0.07003008165520996, -2.039930895681179, -1.6141826527574707, 0.33854798598925306, -0.627414328289592, -2.295040739944705, -0.7058834757208968, 1.4611711156467844, -2.2360506538526925, 0.3596282402600409, 0.8363297262452263, 0.09414676201578143, 1.738121430277122, 0.3409672114563558, 2.760805166892081, 1.6019778151111823, -1.3060883773948615, -0.6670889794104164, -0.3788331331100061, -1.2580000517834962, -0.29349376467504806, -1.8749170338260188, 0.6953368143044765, -0.020019098249941414, 0.36433861589407074, 1.6594986869863173, 2.175393978379833, 0.051364991909158775, 1.9796506894670047, 1.5923918324783144, 0.4641588726567046, 2.2321144902775485, -0.7129920774700123, -0.6783580904362835, -0.2370198887531656, -1.475894091552354, 0.8252247651774471], "sigmas_ms": [1.1035400877410992, 1.1035400877410992, 1.1035400877410992, 1.1035400877410992, 1.1035400877410992, 1.1035400877410992, 1.1035400877410992, 1.1035400877410992, 1.1035400877410992, 1.1035400877410992, 1.1035400877410992, 1.1035400877410992, 1.1035400877410992, 1.1035400877410992, 1.1035400877410992, 1.1035400877410992, 1.1035400877410992, 1.1035400877410992, 1.1035400877410992, 1.1035400877410992, 1.1035400877410992, 1.1035400877410992, 1.1035400877410992, 1.1035400877410992, 1.1035400877410992, 1.1035400877410992, 1.1035400877410992, 1.1035400877410992, 1.1035400877410992, 1.1035400877410992, 1.1035400877410992, 1.1035400877410992, 1.1035400877410992, 1.1035400877410992, 1.1035400877410992, 1.1035400877410992, 1.1035400877410992, 1.1035400877410992, 1.1035400877410992, 1.1035400877410992, 1.1035400877410992, 1.1035400877410992], "times_days": [8.4368524530407, 11.258052173705474, 27.093741065181337, 39.31029959721959, 61.71646669366958, 105.24897621214086, 110.45087778063946, 114.53771381062336, 132.29758484216413, 135.29652408295755, 137.24993143264555, 138.96212831930487, 145.5580447740516, 161.66121465887986, 162.20615843276536, 187.35358726671407, 196.28172507819318, 219.24595399458815, 220.55361352045247, 236.09990202238797, 281.1815667716148, 282.08147426700657, 287.58506798467175, 293.88211059600746, 296.81316729947986, 310.71341079459177, 321.80311565908704, 378.60350968906863, 386.23071791104445, 389.0641535872504, 413.40205395826655, 417.7330748050508, 418.0656592399593, 422.2829118676616, 439.2369430831642, 439.88954747545483, 441.8254168955379, 453.23751335189974, 460.43595580273063, 496.3313860999374, 509.51796420833784, 513.825719352245]}, "task_id": "seed33_diff7", "truth_difficulty": 7}