{"config": {"engine": "rebound", "instruments": [{"gamma_ms": 0.0, "label": "instA", "sigma_jitter_ms": 0.26720013967516415, "sigma_white_ms": 2.345237447234258}], "integrator_preference": "whfast", "los_axis": "x", "metadata": {}, "noise": {"gp": {"Q0": 1.0, "dQ": 0.1, "f": 0.5, "period_days": 25.0, "sigma_ms": 0.0, "use_gp": false}, "sigma_jitter_ms": 0.26720013967516415, "sigma_white_ms": 2.345237447234258}, "planets": [{"Omega_rad": 3.0447405186843803, "P_days": 73.90012195191133, "e": 0.43290784466662785, "inc_rad": 1.1172553268741912, "l_rad": 0.4623234216601271, "m_sin_i_mjup": 0.18587800924047926, "m_true_mjup": null, "omega_rad": 0.8482777525612155}], "schedule": {"instruments": ["instA", "instA", "instA", "instA", "instA", "instA", "instA", "instA", "instA", "instA", "instA", "instA", "instA", "instA", "instA", "instA", "instA", "instA", "instA", "instA", "instA", "instA", "instA", "instA", "instA", "instA", "instA", "instA", "instA", "instA", "instA", "instA", "instA", "instA", "instA", "instA", "instA", "instA", "instA", "instA", "instA", "instA", "instA", "instA", "instA", "instA", "instA", "instA", "instA", "instA", "instA", "instA", "instA", "instA", "instA", "instA", "instA", "instA", "instA", "instA", "instA", "instA", "instA", "instA", "instA", "instA", "instA", "instA", "instA", "instA", "instA", "instA", "instA", "instA"], "times_days": [0.7794759775820433, 6.571108162218069, 8.679559704812032, 12.228344798578991, 14.83860567744893, 15.18472408045894, 16.158094563727232, 22.030655992624066, 26.484480635044857, 27.740888698353196, 28.98620466398434, 29.647107414485216, 29.831979363671948, 40.939474337785484, 42.06263058072287, 42.61842784309958, 44.91468651203951, 47.441160524204484, 47.88216153511984, 49.671153054162964, 50.47702167935532, 51.176755093312856, 54.84095695070565, 60.081935265692486, 62.00600895215431, 62.04927174051936, 62.053164654437644, 65.48039914883904, 70.32857414439763, 75.55143171391387, 78.15876971335364, 78.83569405733842, 81.43195018979385, 84.76433429366088, 86.83521455944552, 87.60441615293303, 89.25412800550548, 96.21620128147993, 101.86157117644382, 102.10558131272404, 106.41296312926364, 108.97142733849097, 109.05064829841812, 110.14107753149136, 111.00265973953812, 114.58474715708758, 115.2172109294441, 117.73657458465283, 118.52130479843677, 119.71115276628147, 127.85595709248298, 128.21480082351457, 133.1409257916279, 133.9295873574269, 137.0791601886234, 139.35859883322732, 139.57861094113613, 147.1702409405916, 151.6479859092487, 158.19271082314017, 160.24610056998497, 161.5267837641051, 167.68539909252422, 170.92278349900212, 173.2995996463288, 179.09908850289787, 179.39628047182794, 182.88140985361548, 183.3823649747572, 194.89111101618283, 201.39037690561935, 204.78887953217108, 212.1720590394077, 212.6759773094512]}, "star": {"M_star_sun": 0.8498415154390465, "gamma_ms": 0.0}}, "difficulty_details": {"coverage_inner_periods": 2.867336287614729, "gp_used": false, "minK_ms": 11.13105378835483, "n_obs": 74, "n_planets": 1, "raw_score": 4, "resonances_detected": 0, "snr_like": 4.260792236389134}, "meta": {"noise": {"gp": {"Q0": 1.0, "dQ": 0.1, "f": 0.5, "period_days": 25.0, "sigma_ms": 0.0, "use_gp": false}, "sigma_jitter_ms": 0.26720013967516415, "sigma_white_ms": 2.345237447234258}, "seed": 38, "source_generated_task_id": "c4f0104a-568e-5804-aa4a-021b39c7d61a", "source_seed": 38}, "observations": {"instruments": ["instA", "instA", "instA", "instA", "instA", "instA", "instA", "instA", "instA", "instA", "instA", "instA", "instA", "instA", "instA", "instA", "instA", "instA", "instA", "instA", "instA", "instA", "instA", "instA", "instA", "instA", "instA", "instA", "instA", "instA", "instA", "instA", "instA", "instA", "instA", "instA", "instA", "instA", "instA", "instA", "instA", "instA", "instA", "instA", "instA", "instA", "instA", "instA", "instA", "instA", "instA", "instA", "instA", "instA", "instA", "instA", "instA", "instA", "instA", "instA", "instA", "instA", "instA", "instA", "instA", "instA", "instA", "instA", "instA", "instA", "instA", "instA", "instA", "instA"], "rvs_ms": [4.242345449312259, 12.75372324979529, 9.511427577631501, 7.931995539328732, 9.684700924529123, 6.073798313400263, 6.93604259822562, 3.2629971573137824, -2.5092462316455464, -0.8105645240707514, 2.7085556869918923, 2.53035577625034, 0.37558468972155734, -3.326612737706052, -5.379198905553484, -4.8502643562261385, -3.598056156995364, -9.589192666857226, -7.0936864984309285, -7.199207848938432, -4.618995533827766, -9.082907140022686, -2.587607307583, -8.846425295182613, -2.19357521110531, -7.037795381223408, -6.668301634601677, -2.239133337912243, -7.050439232838343, 7.2965952978107795, 15.139928869961716, 10.060311542573725, 15.95007290747521, 11.159973545230562, 12.704941110835975, 9.15219867714535, 10.997744831354378, 2.1256630482092285, -1.0459970166708725, -0.6681727096574964, -4.044021539955914, 0.6765184280749001, -1.1412710479393708, -0.08679169454209523, -0.7647186155760037, -1.1263709470802183, -7.107253309084689, -4.328211027288061, -5.676482581962293, -5.539221987724942, -6.853455037610838, -10.567080199819998, -10.531104013925182, -12.34190812982403, -4.155705762518078, -6.26061141890497, -8.04608626002706, 1.2970504991651088, 8.350667238881854, 10.585773357916064, 10.05465744764709, 9.097172743842002, 2.46896537270813, -0.29106778094565877, 1.2876363620242628, 4.6591732469651586, -2.058376769612235, 0.22410672083441874, -0.2608287539202503, -6.86695105933928, -11.331038386635598, -8.874144406546764, -6.173565631413744, -3.9851754255463296], "sigmas_ms": [2.345237447234258, 2.345237447234258, 2.345237447234258, 2.345237447234258, 2.345237447234258, 2.345237447234258, 2.345237447234258, 2.345237447234258, 2.345237447234258, 2.345237447234258, 2.345237447234258, 2.345237447234258, 2.345237447234258, 2.345237447234258, 2.345237447234258, 2.345237447234258, 2.345237447234258, 2.345237447234258, 2.345237447234258, 2.345237447234258, 2.345237447234258, 2.345237447234258, 2.345237447234258, 2.345237447234258, 2.345237447234258, 2.345237447234258, 2.345237447234258, 2.345237447234258, 2.345237447234258, 2.345237447234258, 2.345237447234258, 2.345237447234258, 2.345237447234258, 2.345237447234258, 2.345237447234258, 2.345237447234258, 2.345237447234258, 2.345237447234258, 2.345237447234258, 2.345237447234258, 2.345237447234258, 2.345237447234258, 2.345237447234258, 2.345237447234258, 2.345237447234258, 2.345237447234258, 2.345237447234258, 2.345237447234258, 2.345237447234258, 2.345237447234258, 2.345237447234258, 2.345237447234258, 2.345237447234258, 2.345237447234258, 2.345237447234258, 2.345237447234258, 2.345237447234258, 2.345237447234258, 2.345237447234258, 2.345237447234258, 2.345237447234258, 2.345237447234258, 2.345237447234258, 2.345237447234258, 2.345237447234258, 2.345237447234258, 2.345237447234258, 2.345237447234258, 2.345237447234258, 2.345237447234258, 2.345237447234258, 2.345237447234258, 2.345237447234258, 2.345237447234258],