{"config": {"engine": "rebound", "instruments": [{"gamma_ms": 0.0, "label": "instA", "sigma_jitter_ms": 0.1760667752441148, "sigma_white_ms": 3.008731944489042}], "integrator_preference": "whfast", "los_axis": "x", "metadata": {}, "noise": {"gp": {"Q0": 1.0, "dQ": 0.1, "f": 0.5, "period_days": 25.0, "sigma_ms": 0.0, "use_gp": false}, "sigma_jitter_ms": 0.1760667752441148, "sigma_white_ms": 3.008731944489042}, "planets": [{"Omega_rad": 5.823036161141988, "P_days": 147.71255975568812, "e": 0.32656861497868317, "inc_rad": 1.190928174129313, "l_rad": 5.169563679814652, "m_sin_i_mjup": 0.8938089586343595, "m_true_mjup": null, "omega_rad": 4.0455238622962515}, {"Omega_rad": 4.763205750057398, "P_days": 200.26664601627257, "e": 0.1167093308237709, "inc_rad": 0.8870980466566465, "l_rad": 6.0990755645863075, "m_sin_i_mjup": 0.07705989229173009, "m_true_mjup": null, "omega_rad": 2.2275523539672073}], "schedule": {"instruments": ["instA", "instA", "instA", "instA", "instA", "instA", "instA", "instA", "instA", "instA", "instA", "instA", "instA", "instA", "instA", "instA", "instA", "instA", "instA", "instA", "instA", "instA", "instA", "instA", "instA", "instA", "instA", "instA", "instA", "instA", "instA", "instA", "instA", "instA", "instA", "instA", "instA", "instA", "instA", "instA", "instA", "instA", "instA", "instA", "instA", "instA", "instA", "instA", "instA", "instA", "instA", "instA", "instA", "instA", "instA", "instA", "instA", "instA"], "times_days": [3.858353378605383, 22.956291121730523, 33.44478456107109, 49.35563361567666, 67.14066234962263, 68.08811630355582, 73.24024866500307, 73.26357744105614, 80.8586758072573, 99.29647828673536, 102.00453684075599, 104.76612709353927, 118.91664977747585, 119.0892645340137, 151.10444897705685, 163.7023536084656, 170.75567914853303, 185.7968416262391, 194.14725441452018, 194.3245572308166, 203.06625041325404, 229.09872093650495, 230.0035407671824, 232.3806013673121, 236.03428887108902, 240.50453092972222, 244.59502605841828, 246.08066698892253, 249.303240902356, 290.6419024395906, 298.0608683425665, 331.03710552910616, 337.43115173008994, 348.429171377509, 351.03020900143827, 357.67622251075255, 357.9662693201313, 365.4704842463954, 366.9887566753187, 369.5568504165268, 390.3083801176798, 397.2919347105204, 398.8913799802136, 407.92835597677544, 409.15758271523583, 411.9536461771458, 412.4043852410645, 421.7538045661662, 431.1856475941757, 433.73764296813266, 436.16337423008054, 436.38264281365196, 449.9664230180088, 468.05903783771174, 485.69081911306154, 507.0439648671234, 508.71485678966417, 511.2955547664485]}, "star": {"M_star_sun": 0.9633270638512313, "gamma_ms": 0.0}}, "difficulty_details": {"coverage_inner_periods": 3.435301657673038, "gp_used": false, "minK_ms": 2.7633698852225277, "n_obs": 58, "n_planets": 2, "raw_score": 6, "resonances_detected": 0, "snr_like": 0.867674892011405}, "meta": {"noise": {"gp": {"Q0": 1.0, "dQ": 0.1, "f": 0.5, "period_days": 25.0, "sigma_ms": 0.0, "use_gp": false}, "sigma_jitter_ms": 0.1760667752441148, "sigma_white_ms": 3.008731944489042}, "seed": 42, "source_generated_task_id": "b8fb4e90-cd58-5be4-965e-81928c8347d9", "source_seed": 42}, "observations": {"instruments": ["instA", "instA", "instA", "instA", "instA", "instA", "instA", "instA", "instA", "instA", "instA", "instA", "instA", "instA", "instA", "instA", "instA", "instA", "instA", "instA", "instA", "instA", "instA", "instA", "instA", "instA", "instA", "instA", "instA", "instA", "instA", "instA", "instA", "instA", "instA", "instA", "instA", "instA", "instA", "instA", "instA", "instA", "instA", "instA", "instA", "instA", "instA", "instA", "instA", "instA", "instA", "instA", "instA", "instA", "instA", "instA", "instA", "instA"], "rvs_ms": [-16.567497402993414, 6.399815840865036, 15.51671676825541, 30.48939577847443, 27.876282419846017, 27.61997468865483, 26.611018121180983, 30.917867278618704, 30.737699222920988, 10.555206771443082, 3.6991174838870124, -1.8000987086820457, -33.614466855749846, -33.72922125520498, -19.693508995074428, -8.174270717963916, 1.5066623026522925, 13.088140185935414, 18.562770572957927, 20.629300388090773, 23.021722487598623, 28.956262614120405, 26.928133476014757, 26.939462361093007, 26.421480125507472, 17.151718307540765, 16.560657341126245, 14.284138340079986, 9.069649631246804, -29.798243227307474, -14.869991967572842, 7.218842180642246, 16.308293613080295, 13.263154656393322, 18.27594962872828, 21.786192275031606, 23.135515093643942, 24.905878230886554, 25.304849587666393, 22.001883355974236, 14.23500881761949, 9.733574983687925, 3.9678629765673703, -18.812451863985494, -21.489502993180903, -27.883525637648223, -24.71467920824782, -40.966523413840775, -34.97761828564413, -35.05618073235638, -29.83357518608861, -28.10407470380932, -11.530581093967081, 8.947460692676785, 15.609368838037362, 21.945704048921478, 22.0340450720892, 19.71154656713938], "sigmas_ms": [3.008731944489042, 3.008731944489042, 3.008731944489042, 3.008731944489042, 3.008731944489042, 3.008731944489042, 3.008731944489042, 3.008731944489042, 3.008731944489042, 3.008731944489042, 3.008731944489042, 3.008731944489042, 3.008731944489042, 3.008731944489042, 3.008731944489042, 3.008731944489042, 3.008731944489042, 3.008731944489042, 3.008731944489042, 3.008731944489042, 3.008731944489042, 3.008731944489042, 3.008731944489042, 3.008731944489042, 3.008731944489042, 3.008731944489042, 3.008731944489042, 3.008731944489042, 3.008731944489042, 3.008731944489042, 3.008731944489042, 3.008731944489042, 3.008731944489042, 3.008731944489042, 3.008731944489042, 3.008731944489042, 3.008731944489042, 3.008731944489042, 3.008731944489042, 3.008731944489042, 3.008731944489042, 3.008731944489042, 3.008731944489042, 3.008731944489042, 3.008731944489042, 3.008731944489042, 3.008731944489042, 3.008731944489042, 3.008731944489042, 3.008731944489042, 3.008731944489042, 3.008731944489042, 3.008731944489042, 3.008731944489042, 3.008731944489042, 3.008731944489042, 3.008731944489042, 3.008731944489042], "times_days": [3.858353378605383, 22.956291121730523, 33.44478456107109, 49.35563361567666, 67.14066234962263, 68.08811630355582, 73.24024866500307, 73.26357744105614, 80.8586758072573, 99.29647828673536, 102.00453684075599, 104.76612709353927, 118.91664977747585, 119.0892645340137, 151.10444897705685, 163.7023536084656, 170.75567914853303, 185.7968416262391, 194.14725441452018, 194.3245572308166, 203.06625041325404, 229.09872093650495, 230.0035407671824, 232.3806013673121, 236.03428887108902, 240.50453092972222, 244.59502605841828, 246.08066698892253, 249.303240902356, 290.6419024395906, 298.0608683425665, 331.03710552910616, 337.43115173008994, 348.429171377509, 351.03020900143827, 357.67622251075255, 357.9662693201313, 365.4704842463954, 366.9887566753187, 369.5568504165268, 390.3083801176798, 397.2919347105204, 398.8913799802136, 407.92835597677544, 409.15758271523583, 411.9536461771458, 412.4043852410645, 421.7538045661662, 431.1856475941757, 433.73764296813266, 436.16337423008054, 436.38264281365196, 449.9664230180088, 468.05903783771174, 485.69081911306154, 507.0439648671234, 508.71485678966417, 511.2955547664485]}, "task_id": "seed42_diff6", "truth_difficulty": 6}