{"config": {"engine": "rebound", "instruments": [{"gamma_ms": 0.0, "label": "instA", "sigma_jitter_ms": 0.11588402822097353, "sigma_white_ms": 1.9698962533916022}], "integrator_preference": "whfast", "los_axis": "x", "metadata": {}, "noise": {"gp": {"Q0": 1.0, "dQ": 0.1, "f": 0.5, "period_days": 25.0, "sigma_ms": 0.0, "use_gp": false}, "sigma_jitter_ms": 0.11588402822097353, "sigma_white_ms": 1.9698962533916022}, "planets": [{"Omega_rad": 0.513335386143422, "P_days": 5.973177424845114, "e": 0.07957655122141012, "inc_rad": 1.223881609512456, "l_rad": 3.6994116060770543, "m_sin_i_mjup": 0.013663770344901151, "m_true_mjup": null, "omega_rad": 6.102474017530285}, {"Omega_rad": 0.1516355283168754, "P_days": 8.969301227498805, "e": 0.5111611075769892, "inc_rad": 1.5133883189617687, "l_rad": 3.695573230615725, "m_sin_i_mjup": 0.10359867131454516, "m_true_mjup": null, "omega_rad": 1.930017013311389}, {"Omega_rad": 2.038433313645343, "P_days": 252.6331361438648, "e": 0.041995786181355306, "inc_rad": 1.0891351826069053, "l_rad": 1.9710768153040252, "m_sin_i_mjup": 0.1462315534599502, "m_true_mjup": null, "omega_rad": 5.278425115998344}], "schedule": {"instruments": ["instA", "instA", "instA", "instA", "instA", "instA", "instA", "instA", "instA", "instA", "instA", "instA", "instA", "instA", "instA", "instA", "instA", "instA", "instA", "instA", "instA", "instA", "instA", "instA", "instA", "instA", "instA", "instA", "instA", "instA", "instA", "instA", "instA", "instA", "instA", "instA", "instA", "instA", "instA", "instA", "instA", "instA", "instA", "instA", "instA", "instA", "instA", "instA", "instA", "instA", "instA", "instA", "instA", "instA", "instA", "instA", "instA", "instA", "instA", "instA"], "times_days": [0.5282527407515732, 0.9255802645661092, 1.0426708067481307, 1.2558985512699348, 1.3567054110848384, 1.4837339483028726, 1.7883066565268229, 2.408190252182042, 3.0061555995094205, 3.7206003259802767, 3.8719053941133312, 4.0586144608369, 4.7796656849479, 5.036535498241324, 5.942775012927256, 6.21600061283391, 6.3201579572536195, 6.723600915270748, 6.800885056189812, 6.866640961215661, 7.101290817032269, 7.315460816367401, 7.406986589790804, 7.4421249378575, 8.106082973705462, 9.447633983219072, 10.13999937052021, 10.74945293269429, 10.781519241383577, 10.785523003057214, 11.112409225553852, 11.45047735703075, 12.750637740396684, 12.874269700444893, 12.887641450324272, 13.011612908526557, 13.064145008370952, 13.175199212217516, 13.744623129342758, 14.459839050994919, 14.942074796946047, 15.41475678075741, 16.052276153026984, 16.06945532303856, 16.2066019328043, 16.281726772467255, 16.48709635937323, 16.86041739198434, 16.95809016089401, 17.95393929834443, 18.28610988997813, 18.38845134335021, 18.813056971395717, 19.057330862790565, 19.28589083263168, 20.730514015421466, 20.96489706805258, 21.259190777435236, 21.40944328391202, 21.467366345500118]}, "star": {"M_star_sun": 1.2223873670298049, "gamma_ms": 0.0}}, "difficulty_details": {"coverage_inner_periods": 3.505523461876993, "gp_used": false, "minK_ms": 1.3430541428559104, "n_obs": 60, "n_planets": 3, "raw_score": 8, "resonances_detected": 1, "snr_like": 0.6439096939863471}, "meta": {"noise": {"gp": {"Q0": 1.0, "dQ": 0.1, "f": 0.5, "period_days": 25.0, "sigma_ms": 0.0, "use_gp": false}, "sigma_jitter_ms": 0.11588402822097353, "sigma_white_ms": 1.9698962533916022}, "seed": 55, "source_generated_task_id": "95b1c965-1b14-552a-8533-421211a2c036", "source_seed": 55}, "observations": {"instruments": ["instA", "instA", "instA", "instA", "instA", "instA", "instA", "instA", "instA", "instA", "instA", "instA", "instA", "instA", "instA", "instA", "instA", "instA", "instA", "instA", "instA", "instA", "instA", "instA", "instA", "instA", "instA", "instA", "instA", "instA", "instA", "instA", "instA", "instA", "instA", "instA", "instA", "instA", "instA", "instA", "instA", "instA", "instA", "instA", "instA", "instA", "instA", "instA", "instA", "instA", "instA", "instA", "instA", "instA", "instA", "instA", "instA", "instA", "instA", "instA"], "rvs_ms": [3.067579098053595, 1.3531046517822054, 0.7653379139090806, -3.9844035972959686, 2.679541325646288, -0.055438711852444644, 1.132901962073361, -2.897999528432355, 2.637901679899261, -1.0178202781014263, 5.472582768383775, 4.339424128019974, 6.587782711975574, 5.0748342691055095, 13.471235070444605, 14.351759914127557, 11.383032904415995, 11.527441871080432, 9.363149111443715, 5.874544079512065, 7.760702702198737, 0.969905065533692, 1.5095919178731185, -1.001861579419248, -2.895399060500573, 1.4719390562853825, 5.402460365029178, -0.776761476309261, -0.09406484820097893, -0.17951706137364096, 2.400791878332547, 5.042187557017548, 1.4777792881287457, 0.6074583331087945, 2.9922999154169885, 2.631413121038271, 0.8427309223349133, 1.782969727091854, 1.9774727600433981, 8.920073236803752, 10.836061697410496, 18.666035563827744, 10.745272616014066, 3.3056014811254286, 1.9033566316770134, 3.6101053061931747, 3.484908072675738, 3.898319105071328, 0.484185724287319, 0.5790929344640556, -5.369314071668267, -2.855980283816816, -2.9852346314825615, -4.899071988476067, -4.620209989418376, 1.2240314873583946, 1.1244719872342719, 3.119604236115097, -2.7084903535815545, 4.825548315821954], "sigmas_ms": [1.9698962533916022, 1.9698962533916022, 1.9698962533916022, 1.9698962533916022, 1.9698962533916022, 1.9698962533916022, 1.9698962533916022, 1.9698962533916022, 1.9698962533916022, 1.9698962533916022, 1.9698962533916022, 1.9698962533916022, 1.9698962533916022, 1.9698962533916022, 1.9698962533916022, 1.9698962533916022, 1.9698962533916022, 1.9698962533916022, 1.9698962533916022, 1.9698962533916022, 1.9698962533916022, 1.9698962533916022, 1.9698962533916022, 1.9698962533916022, 1.9698962533916022, 1.9698962533916022, 1.9698962533916022, 1.9698962533916022, 1.9698962533916022, 1.9698962533916022, 1.9698962533916022, 1.9698962533916022, 1.9698962533916022, 1.9698962533916022, 1.9698962533916022, 1.9698962533916022, 1.9698962533916022, 1.9698962533916022, 1.9698962533916022, 1.9698962533916022, 1.9698962533916022, 1.9698962533916022, 1.9698962533916022, 1.9698962533916022, 1.9698962533916022, 1.9698962533916022, 1.9698962533916022, 1.9698962533916022, 1.9698962533916022, 1.9698962533916022, 1.9698962533916022, 1.9698962533916022, 1.9698962533916022, 1.9698962533916022, 1.9698962533916022, 1.9698962533916022, 1.9698962533916022, 1.9698962533916022, 1.9698962533916022, 1.9698962533916022], "times_days": [0.5282527407515732, 0.9255802645661092, 1.0426708067481307, 1.2558985512699348, 1.3567054110848384, 1.4837339483028726, 1.7883066565268229, 2.408190252182042, 3.0061555995094205, 3.7206003259802767, 3.8719053941133312, 4.0586144608369, 4.7796656849479, 5.036535498241324, 5.942775012927256, 6.21600061283391, 6.3201579572536195, 6.723600915270748, 6.800885056189812, 6.866640961215661, 7.101290817032269, 7.315460816367401, 7.406986589790804, 7.4421249378575, 8.106082973705462, 9.447633983219072, 10.13999937052021, 10.74945293269429, 10.781519241383577, 10.785523003057214, 11.112409225553852, 11.45047735703075, 12.750637740396684, 12.874269700444893, 12.887641450324272, 13.011612908526557, 13.064145008370952, 13.175199212217516, 13.744623129342758, 14.459839050994919, 14.942074796946047, 15.41475678075741, 16.052276153026984, 16.06945532303856, 16.2066019328043, 16.281726772467255, 16.48709635937323, 16.86041739198434, 16.95809016089401, 17.95393929834443, 18.28610988997813, 18.38845134335021, 18.813056971395717, 19.057330862790565, 19.28589083263168, 20.730514015421466, 20.96489706805258, 21.259190777435236, 21.40944328391202, 21.467366345500118]}, "task_id": "seed55_diff8", "truth_difficulty": 8}