{"config": {"engine": "rebound", "instruments": [{"gamma_ms": 0.0, "label": "instA", "sigma_jitter_ms": 0.11711412777729663, "sigma_white_ms": 0.7471412939839845}], "integrator_preference": "whfast", "los_axis": "x", "metadata": {}, "noise": {"gp": {"Q0": 0.727576449791705, "dQ": 0.5768792907210193, "f": 0.6454236351005479, "period_days": 41.37740310219161, "sigma_ms": 0.859472461120367, "use_gp": true}, "sigma_jitter_ms": 0.11711412777729663, "sigma_white_ms": 0.7471412939839845}, "planets": [{"Omega_rad": 5.853441659284702, "P_days": 2.981016005072639, "e": 0.030664742687882444, "inc_rad": 0.38613790991122837, "l_rad": 4.471796553260004, "m_sin_i_mjup": 0.14284972857580286, "m_true_mjup": null, "omega_rad": 2.98179373185883}], "schedule": {"instruments": ["instA", "instA", "instA", "instA", "instA", "instA", "instA", "instA", "instA", "instA", "instA", "instA", "instA", "instA", "instA", "instA", "instA", "instA", "instA", "instA", "instA", "instA", "instA", "instA", "instA", "instA", "instA", "instA", "instA", "instA", "instA", "instA", "instA", "instA", "instA", "instA", "instA", "instA", "instA", "instA", "instA", "instA", "instA", "instA", "instA", "instA", "instA", "instA", "instA", "instA", "instA", "instA", "instA", "instA", "instA", "instA", "instA", "instA", "instA", "instA", "instA", "instA", "instA", "instA", "instA", "instA", "instA", "instA", "instA", "instA", "instA", "instA", "instA"], "times_days": [0.13931231677338407, 0.1817826310796035, 0.22609073709493846, 0.25663307126871043, 0.2961681182156054, 0.40592597969861094, 0.5760993483922755, 0.5805416645988772, 0.6276708152681368, 0.6567385408088613, 0.674688683478479, 0.7739543037771316, 0.8097672334869032, 0.9370692366087425, 0.9411818295837083, 1.0442388198175898, 1.0456932691216942, 1.2267895586385453, 1.2638103662457472, 1.2791450849790635, 1.4559182088178002, 1.5310878428005557, 1.5481165773169783, 1.6403584478773099, 1.9751436156394289, 1.990053359756529, 2.036095732997529, 2.096432943618117, 2.111579708542041, 2.4062610761753653, 2.4675321206268297, 2.8107237143602313, 2.822503622034206, 2.8970708568828902, 3.172547291000232, 3.217994577316139, 3.3182841309870104, 3.4587859502231546, 3.519966277544301, 3.779563933441704, 3.8578238567734795, 3.9716949304651705, 4.208551088176102, 4.517041229221598, 4.595599448580892, 4.833437737621803, 4.8662973000510465, 4.969010604484913, 5.012341459374413, 5.156176480609711, 5.187141862099903, 5.258181501239754, 5.291970927415856, 5.408255932741156, 5.468788340471944, 5.545753107152359, 5.564538904324947, 5.605207079972923, 5.686453531702388, 5.935913339536295, 6.001969249182457, 6.02281932844332, 6.079682846048898, 6.286151721731016, 6.32234467208391, 6.75166156203037, 6.7898062683778395, 6.881608084733514, 6.934507505196241, 6.9498272959352425, 7.063138911380555, 7.148528135844184, 7.192652366074562]}, "star": {"M_star_sun": 1.0111479825297722, "gamma_ms": 0.0}}, "difficulty_details": {"coverage_inner_periods": 2.366085937579294, "gp_used": true, "minK_ms": 20.03412388473539, "n_obs": 73, "n_planets": 1, "raw_score": 6, "resonances_detected": 0, "snr_like": 23.180790516659414}, "meta": {"noise": {"gp": {"Q0": 0.727576449791705, "dQ": 0.5768792907210193, "f": 0.6454236351005479, "period_days": 41.37740310219161, "sigma_ms": 0.859472461120367, "use_gp": true}, "sigma_jitter_ms": 0.11711412777729663, "sigma_white_ms": 0.7471412939839845}, "seed": 54, "source_generated_task_id": "fe2bdf35-67f1-5607-ae5e-185aed89c1e7", "source_seed": 54}, "observations": {"instruments": ["instA", "instA", "instA", "instA", "instA", "instA", "instA", "instA", "instA", "instA", "instA", "instA", "instA", "instA", "instA", "instA", "instA", "instA", "instA", "instA", "instA", "instA", "instA", "instA", "instA", "instA", "instA", "instA", "instA", "instA", "instA", "instA", "instA", "instA", "instA", "instA", "instA", "instA", "instA", "instA", "instA", "instA", "instA", "instA", "instA", "instA", "instA", "instA", "instA", "instA", "instA", "instA", "instA", "instA", "instA", "instA", "instA", "instA", "instA", "instA", "instA", "instA", "instA", "instA", "instA", "instA", "instA", "instA", "instA", "instA", "instA", "instA", "instA"], "rvs_ms": [-52.08938439657093, -49.32521265309486, -49.83547607002605, -49.81840766000422, -46.62610928254832, -38.93146974425149, -27.509249589572292, -27.72279608750466, -22.402428803621113, -20.942663783343477, -16.502326809213425, -8.380079031535944, -5.9980309244078205, 8.628902888242388, 8.212648251639983, 18.866739136813283, 18.82820569584255, 35.54899283438354, 37.7217089779437, 40.86967874343134, 49.456177402512374, 51.88856463911353, 52.84695595055443, 54.77645544780738, 38.38255334610386, 39.325208151133744, 33.737291055643695, 28.452852261570268, 25.16554610636021, -7.411698820982595, -13.933247504757746, -46.706693630876345, -44.423435418188404, -47.440259521253225, -50.63343274591063, -48.513684448785675, -44.543572093215964, -34.529722364101225, -31.733089237645775, -7.921952495304664, 2.201745587125151, 13.7697462833174, 34.682243765700484, 51.80035599735744, 52.43189087367726, 46.15502617806259, 46.305784592336664, 38.8819123276092, 33.83766384937969, 20.696710868488797, 15.786145423225774, 8.021553504824865, 3.875394997178072, -7.8763504368309585, -16.631844322671498, -23.452440025040822, -25.401527373961596, -29.43739914200847, -37.01624568894517, -51.61901404006837, -52.69852907567675, -51.39641343947798, -51.62279903607621, -46.4433766539059, -45.6299286324328, -7.602059839334157, -2.452794824350026, 5.697924166374855, 13.299431293935804, 14.088411773308692, 25.940559219084477, 32.86746066951443, 37.17887063917238], "sigmas_ms": [0.7471412939839845, 0.7471412939839845, 0.7471412939839845, 0.7471412939839845, 0.7471412939839845, 0.7471412939839845, 0.7471412939839845, 0.7471412939839845, 0.7471412939839845, 0.7471412939839845, 0.7471412939839845, 0.7471412939839845, 0.7471412939839845, 0.7471412939839845, 0.7471412939839845, 0.7471412939839845, 0.7471412939839845, 0.7471412939839845, 0.7471412939839845, 0.7471412939839845, 0.7471412939839845, 0.7471412939839845, 0.7471412939839845, 0.7471412939839845, 0.7471412939839845, 0.7471412939839845, 0.7471412939839845, 0.7471412939839845, 0.7471412939839845, 0.7471412939839845, 0.7471412939839845, 0.7471412939839845, 0.7471412939839845, 0.7471412939839845, 0.7471412939839845, 0.7471412939839845, 0.7471412939839845, 0.7471412939839845, 0.7471412939839845, 0.7471412939839845, 0.7471412939839845, 0.7471412939839845, 0.7471412939839845, 0.7471412939839845, 0.7471412939839845, 0.7471412939839845, 0.7471412939839845, 0.7471412939839845, 0.7471412939839845, 0.7471412939839845, 0.7471412939839845, 0.7471412939839845, 0.7471412939839845, 0.7471412939839845, 0.7471412939839845, 0.7471412939839845, 0.7471412939839845, 0.7471412939839845, 0.7471412939839845, 0.7471412939839845, 0.7471412939839845, 0.7471412939839845, 0.7471412939839845, 0.7471412939839845, 0.7471412939839845, 0.7471412939839845, 0.7471412939839845, 0.7471412939839845, 0.7471412939839845, 0.7471412939839845, 0.7471412939839845, 0.7471412939839845, 0.7471412939839845],