{"config": {"engine": "rebound", "instruments": [{"gamma_ms": 0.0, "label": "instA", "sigma_jitter_ms": 0.3256296492325693, "sigma_white_ms": 1.2331889667413485}], "integrator_preference": "whfast", "los_axis": "x", "metadata": {}, "noise": {"gp": {"Q0": 1.0, "dQ": 0.1, "f": 0.5, "period_days": 25.0, "sigma_ms": 0.0, "use_gp": false}, "sigma_jitter_ms": 0.3256296492325693, "sigma_white_ms": 1.2331889667413485}, "planets": [{"Omega_rad": 3.7171493542724225, "P_days": 3.1755905466522902, "e": 0.49421054699471395, "inc_rad": 1.160578074572462, "l_rad": 4.04706736887346, "m_sin_i_mjup": 0.1531812164033461, "m_true_mjup": null, "omega_rad": 1.5718833571079598}], "schedule": {"instruments": ["instA", "instA", "instA", "instA", "instA", "instA", "instA", "instA", "instA", "instA", "instA", "instA", "instA", "instA", "instA", "instA", "instA", "instA", "instA", "instA", "instA", "instA", "instA", "instA", "instA", "instA", "instA", "instA", "instA", "instA", "instA", "instA", "instA", "instA", "instA", "instA", "instA", "instA", "instA", "instA", "instA", "instA", "instA", "instA", "instA", "instA", "instA", "instA", "instA", "instA", "instA", "instA", "instA", "instA", "instA", "instA", "instA", "instA", "instA", "instA", "instA", "instA", "instA", "instA", "instA", "instA", "instA", "instA", "instA", "instA"], "times_days": [0.724230791801688, 0.7403834617112546, 0.8600724494939315, 0.8877640244611981, 0.9392356817445343, 0.9533968910037025, 1.1884743828169064, 1.221803925809696, 1.2740631832023646, 1.3640821921489494, 1.3754437198855427, 1.4367886955625546, 1.8433732590878782, 1.8759644367092454, 1.9635533893863408, 2.0494857915807505, 2.059902676148877, 2.3111816203154216, 2.343292072606019, 2.5092797762660792, 2.5622730005640895, 2.568868238837668, 2.598671631066515, 2.609527211096532, 2.867389615832422, 3.061214529406223, 3.0691063267501013, 3.070156796519982, 3.1301686866008938, 3.2571051582991144, 3.367967289027559, 3.4095041224073057, 3.4142840441393463, 3.4766770693094213, 3.575391109885036, 3.5785556713223867, 3.5961304528575395, 3.743317846483194, 3.7597215256613716, 3.978425835622655, 4.37386930832287, 4.4556077814424055, 4.643360577890238, 4.651209854457292, 4.689998631127439, 4.795973630875374, 4.965131030564417, 4.975252843622041, 5.01634016368621, 5.055485073553428, 5.304935253191733, 5.837403665559433, 6.022164116433821, 6.143231314373969, 6.231049174786622, 6.272635210716017, 6.490357715029266, 6.809430570776908, 6.930283994667919, 7.03438935402428, 7.082099784367922, 7.082214875205917, 7.090079259476696, 7.290523028454791, 7.39045396191869, 7.487978394543943, 7.537931560110062, 7.576663777241174, 7.718158609917696, 7.839839206292348]}, "star": {"M_star_sun": 0.9574641991994867, "gamma_ms": 0.0}}, "difficulty_details": {"coverage_inner_periods": 2.2407197369925225, "gp_used": false, "minK_ms": 25.08087980326155, "n_obs": 70, "n_planets": 1, "raw_score": 3, "resonances_detected": 0, "snr_like": 16.089671720780377}, "meta": {"noise": {"gp": {"Q0": 1.0, "dQ": 0.1, "f": 0.5, "period_days": 25.0, "sigma_ms": 0.0, "use_gp": false}, "sigma_jitter_ms": 0.3256296492325693, "sigma_white_ms": 1.2331889667413485}, "seed": 30, "source_generated_task_id": "83d18355-7bcc-5018-9603-eac8c16cc4aa", "source_seed": 30}, "observations": {"instruments": ["instA", "instA", "instA", "instA", "instA", "instA", "instA", "instA", "instA", "instA", "instA", "instA", "instA", "instA", "instA", "instA", "instA", "instA", "instA", "instA", "instA", "instA", "instA", "instA", "instA", "instA", "instA", "instA", "instA", "instA", "instA", "instA", "instA", "instA", "instA", "instA", "instA", "instA", "instA", "instA", "instA", "instA", "instA", "instA", "instA", "instA", "instA", "instA", "instA", "instA", "instA", "instA", "instA", "instA", "instA", "instA", "instA", "instA", "instA", "instA", "instA", "instA", "instA", "instA", "instA", "instA", "instA", "instA", "instA", "instA"], "rvs_ms": [-10.20960798867771, -9.397413647404989, -11.058182813589298, -10.962195621726762, -9.733352303888303, -12.229959808231696, -6.317553969753966, -6.686469552427518, -5.837789292548356, -4.181730238620346, -2.0699626763698125, 1.1976869876643776, 31.586298557286025, 33.52660377549908, 35.47814273991851, 30.527220019618348, 28.314755828230457, 8.514262986368449, 5.983632033181771, -0.01640246325197059, 0.6822259201674228, -1.5259701922764748, -0.03331511698465528, -3.74717222217765, -9.353088871400463, -10.489909195747138, -10.089880268231672, -9.730658408749802, -10.20873213212683, -11.92262654495265, -10.880734610349297, -12.259247290972942, -11.266313652616619, -11.736911784161016, -12.109252214826933, -12.149837798389179, -13.359594922241708, -11.615978808621868, -11.52968122613985, -11.960915405500636, -3.270226172456697, -4.425206025827475, 0.27227148786957844, 0.2735067255852144, 3.156649449862157, 8.287103367269655, 27.579454081664256, 26.746153073888145, 32.52827187626712, 33.169354806229606, 23.56376531526012, -2.778277120778991, -6.854010340367806, -11.398306886699618, -9.996913438811735, -10.915148023605777, -10.298935955533624, -11.900985018135536, -9.867735855218417, -11.69483740638391, -13.082033563316973, -12.852038241183209, -10.134892660582086, -11.45987488480179, -8.875764392189232, -4.877310371521695, -6.696361055157487, -7.010648817346977, -0.9095082708850786, 3.4542820253947117], "sigmas_ms": [1.2331889667413485, 1.2331889667413485, 1.2331889667413485, 1.2331889667413485, 1.2331889667413485, 1.2331889667413485, 1.2331889667413485, 1.2331889667413485, 1.2331889667413485, 1.2331889667413485, 1.2331889667413485, 1.2331889667413485, 1.2331889667413485, 1.2331889667413485, 1.2331889667413485, 1.2331889667413485, 1.2331889667413485, 1.2331889667413485, 1.2331889667413485, 1.2331889667413485, 1.2331889667413485, 1.2331889667413485, 1.2331889667413485, 1.2331889667413485, 1.2331889667413485, 1.2331889667413485, 1.2331889667413485, 1.2331889667413485, 1.2331889667413485, 1.2331889667413485, 1.2331889667413485, 1.2331889667413485, 1.2331889667413485, 1.2331889667413485, 1.2331889667413485, 1.2331889667413485, 1.2331889667413485, 1.2331889667413485, 1.2331889667413485, 1.2331889667413485, 1.2331889667413485, 1.2331889667413485, 1.2331889667413485, 1.2331889667413485, 1.2331889667413485, 1.2331889667413485, 1.2331889667413485, 1.2331889667413485, 1.2331889667413485, 1.2331889667413485, 1.2331889667413485, 1.2331889667413485, 1.2331889667413485, 1.2331889667413485, 1.2331889667413485, 1.2331889667413485, 1.2331889667413485, 1.2331889667413485, 1.2331889667413485, 1.2331889667413485, 1.2331889667413485, 1.2331889667413485, 1.2331889667413485, 1.2331889667413485, 1.2331889667413485, 1.2331889667413485, 1.2331889667413485, 1.2331889667413485, 1.2331889667413485, 1.2331889667413485],