{"config": {"engine": "rebound", "instruments": [{"gamma_ms": 0.0, "label": "instA", "sigma_jitter_ms": 0.5524452075215873, "sigma_white_ms": 0.7409836744079442}], "integrator_preference": "whfast", "los_axis": "x", "metadata": {}, "noise": {"gp": {"Q0": 1.0, "dQ": 0.1, "f": 0.5, "period_days": 25.0, "sigma_ms": 0.0, "use_gp": false}, "sigma_jitter_ms": 0.5524452075215873, "sigma_white_ms": 0.7409836744079442}, "planets": [{"Omega_rad": 0.90993941498885, "P_days": 3.0856885443784896, "e": 0.004164071107817944, "inc_rad": 0.2986159269070725, "l_rad": 5.589169918598771, "m_sin_i_mjup": 0.6129846210813422, "m_true_mjup": null, "omega_rad": 4.234445723314354}], "schedule": {"instruments": ["instA", "instA", "instA", "instA", "instA", "instA", "instA", "instA", "instA", "instA", "instA", "instA", "instA", "instA", "instA", "instA", "instA", "instA", "instA", "instA", "instA", "instA", "instA", "instA", "instA", "instA", "instA", "instA", "instA", "instA", "instA", "instA", "instA", "instA", "instA", "instA", "instA", "instA", "instA", "instA", "instA", "instA", "instA", "instA", "instA", "instA", "instA", "instA", "instA", "instA", "instA", "instA", "instA", "instA", "instA", "instA", "instA", "instA", "instA", "instA", "instA", "instA", "instA", "instA", "instA", "instA", "instA", "instA", "instA", "instA", "instA", "instA", "instA", "instA", "instA", "instA", "instA", "instA", "instA", "instA", "instA", "instA", "instA", "instA", "instA", "instA", "instA", "instA", "instA", "instA", "instA", "instA", "instA", "instA", "instA", "instA", "instA", "instA", "instA", "instA", "instA", "instA", "instA", "instA", "instA", "instA", "instA", "instA", "instA", "instA", "instA", "instA", "instA", "instA"], "times_days": [0.04200719546952038, 0.3189055508504692, 0.39877618826473876, 0.49252018231396993, 0.535873629792321, 0.5614259340918927, 0.6243754825449136, 0.7429836901568799, 0.8315984766088202, 0.8680666949638552, 0.9299349792985139, 0.9382192754363313, 0.9988825916267563, 1.0111746980268088, 1.0203161125061555, 1.3241509891210166, 1.415343777563764, 1.4529789484069424, 1.4532588194482763, 1.575134393519728, 1.6503166934314384, 1.6715635281301169, 1.672212118686311, 1.8040383437203324, 1.8080103716658285, 1.898221315643991, 1.9599728719341845, 1.9965940802960287, 2.263992058190791, 2.3578161991667526, 2.388130932232296, 2.4946286581671604, 2.585958921980041, 2.5965318965970536, 2.6056746161925477, 2.6369153534341905, 2.8062063666215225, 3.031022223164706, 3.040635634012519, 3.090896044841879, 3.7223807898731667, 4.086700773666235, 4.093843630101296, 4.108011713869574, 4.274610934068709, 4.384835088971225, 4.54004328283301, 4.6440739022447195, 4.769630721225164, 4.841132840273852, 4.950663367567562, 4.994872851413136, 5.02541636264841, 5.118578607618253, 5.130056031499544, 5.26773123454226, 5.268002896853365, 5.300672336279451, 5.387088208052837, 5.414608745463687, 5.487062597493477, 5.529618679220207, 5.653016898093172, 5.6838174498811025, 5.7051320594940735, 6.069067626221112, 6.086600887166376, 6.196811746725817, 6.217487347838854, 6.333976633755619, 6.438661010690797, 6.5381650955204185, 6.552384929758616, 6.565439291543455, 6.637641457849718, 6.655505160762071, 6.692936478529468, 6.786787690721162, 6.840189429040315, 6.927676235135297, 6.945594939289602, 7.181388031922695, 7.24681243485585, 7.297258265172105, 7.77869923683387, 7.81196371293804, 8.117236692724179, 8.135096962151064, 8.455295712551013, 8.598288226132096, 8.67863340966616, 8.927839588250086, 9.00468217029659, 9.004723393187541, 9.052732114968201, 9.286749557907438, 9.341137276127341, 9.431353522934089, 9.490690505351271, 9.503185916567583, 9.637673550483553, 10.11734923052265, 10.267334763783323, 10.304502718549793, 10.315590223634919, 10.329381870645198, 10.95555032289623, 10.971107298260291, 11.031438002598485, 11.045653596388732, 11.195223586336116, 11.320655596273188, 11.387973878173462, 11.527525588063188]}, "star": {"M_star_sun": 0.7869265291401774, "gamma_ms": 0.0}}, "difficulty_details": {"coverage_inner_periods": 3.7221897892183566, "gp_used": false, "minK_ms": 100.39939352106475, "n_obs": 114, "n_planets": 1, "raw_score": 1, "resonances_detected": 0, "snr_like": 77.62266246234533}, "meta": {"noise": {"gp": {"Q0": 1.0, "dQ": 0.1, "f": 0.5, "period_days": 25.0, "sigma_ms": 0.0, "use_gp": false}, "sigma_jitter_ms": 0.5524452075215873, "sigma_white_ms": 0.7409836744079442}, "patch_profile": "easy_bias_for_diff1", "seed": 300069, "source_generated_task_id": "9065d478-8299-54de-a843-98ef37b755e8", "source_seed": 300069}, "observations": {"instruments": ["instA", "instA", "instA", "instA", "instA", "instA", "instA", "instA", "instA", "instA", "instA", "instA", "instA", "instA", "instA", "instA", "instA", "instA", "instA", "instA", "instA", "instA", "instA", "instA", "instA", "instA", "instA", "instA", "instA", "instA", "instA", "instA", "instA", "instA", "instA", "instA", "instA", "instA", "instA", "instA", "instA", "instA", "instA", "instA", "instA", "instA", "instA", "instA", "instA", "instA", "instA", "instA", "instA", "instA", "instA", "instA", "instA", "instA", "instA", "instA", "instA", "instA", "instA", "instA", "instA", "instA", "instA", "instA", "instA", "instA", "instA", "instA", "instA", "instA", "instA", "instA", "instA", "instA", "instA", "instA", "instA", "instA", "instA", "instA", "instA", "instA", "instA", "instA", "instA", "instA", "instA", "instA", "instA", "instA", "instA", "instA", "instA", "instA", "instA", "instA", "instA", "instA", "instA", "instA", "instA", "instA", "instA", "instA", "instA", "instA", "instA", "instA", "instA", "instA"], "rvs_ms": [-194.3915252508621, -14.72135104910552, 40.454554532408494, 101.92034720195373, 128.32501864270878, 146.69875329537356, 182.5610565470802, 246.54718767838878, 283.8285911733716, 295.76702125968734, 313.69889067423014, 316.19140461012347, 328.18379468649, 327.38688550273014, 330.70498236292457, 307.6645849544311, 278.9284724116537, 264.32633852035775, 261.43548386775456, 201.41039304656164, 156.81709555538256, 144.64157054255844, 145.79927585644606, 59.71479320930419, 54.52751164587602, -7.025803825313486, -49.743131406621394, -73.98819921078784, -237.20681489559914, -278.0410785274994, -292.4320598478827, -322.4393170525222, -338.43123453524765, -338.23542366553835, -340.12913005672857, -338.71296960663085, -324.1808509339476, -245.34424833733104, -238.62587377443418, -215.0837561100048, 192.08271095849332, 328.2420892648818, 331.0298527960767, 332.08457073954577, 334.4689416972344, 316.6403484405212, 260.2884140626885, 211.41557880610367, 139.5557593078722, 90.28791048782597, 16.94535529958109, -15.431466877850648, -34.497713173714075, -99.27975105204057, -106.50866270007009, -193.7787333194208, -194.366028046704, -211.0976156992667, -256.67659701186625, -266.97709231160167, -295.72232401537775, -307.590199690672, -333.53820776464164, -337.9727867381224, -338.60790252519377, -265.7312294223125, -259.3636069137244, -203.0728069016037, -192.32942218197087, -119.87298201964182, -51.110954107455896, 17.1004856324315, 26.950558121947434, 37.29235331350967, 83.6446489511308, 97.74515590645878, 121.49261366086819, 179.1377986506798, 207.3174607568485, 251.98297843589506, 259.7058146153464, 329.0660227522519, 335.4854189014165, 338.94229058899265, 181.66907335840446, 163.74702678737447, -39.64860328834859, -51.75251496455789, -246.68410921067417, -302.80388130169723, -326.2460516579906, -334.63835292286075, -320.9902249368139, -317.5187696464946, -304.1546938921753, -200.5538423586946, -170.41686282885658, -113.36895174172076, -73.5980258746666, -65.67485473658562, 26.02248461846147, 294.8391331334754, 328.71460817103963, 335.16302622370813, 336.57263692279065, 335.7003979144546, 127.43466612860036, 116.72961280324763, 78.62666506570042, 68.09974414332328, -35.793904717010236, -120.94988664956185, -161.31696860051414, -240.05381913636847],