{"config": {"engine": "rebound", "instruments": [{"gamma_ms": 0.0, "label": "instA", "sigma_jitter_ms": 0.11888443735864183, "sigma_white_ms": 4.5855119992909925}], "integrator_preference": "whfast", "los_axis": "x", "metadata": {}, "noise": {"gp": {"Q0": 1.0, "dQ": 0.1, "f": 0.5, "period_days": 25.0, "sigma_ms": 0.0, "use_gp": false}, "sigma_jitter_ms": 0.11888443735864183, "sigma_white_ms": 4.5855119992909925}, "planets": [{"Omega_rad": 0.9752398015047429, "P_days": 5.074878475651281, "e": 0.5278069478680909, "inc_rad": 1.3555252195816456, "l_rad": 0.6550287817419901, "m_sin_i_mjup": 0.7407055107283638, "m_true_mjup": null, "omega_rad": 0.4340887995705267}], "schedule": {"instruments": ["instA", "instA", "instA", "instA", "instA", "instA", "instA", "instA", "instA", "instA", "instA", "instA", "instA", "instA", "instA", "instA", "instA", "instA", "instA", "instA", "instA", "instA", "instA", "instA", "instA", "instA", "instA", "instA", "instA", "instA", "instA", "instA", "instA", "instA", "instA", "instA", "instA", "instA", "instA", "instA", "instA", "instA", "instA", "instA", "instA", "instA", "instA", "instA", "instA", "instA", "instA", "instA", "instA", "instA", "instA", "instA", "instA", "instA", "instA", "instA", "instA", "instA", "instA", "instA", "instA", "instA", "instA", "instA", "instA", "instA", "instA", "instA", "instA", "instA", "instA", "instA", "instA", "instA", "instA", "instA"], "times_days": [0.08469546096581909, 0.10978281745307186, 0.15858615092693235, 0.17254126262314612, 0.2645624848801498, 0.9406980767359651, 1.4194890902530193, 2.113406765020262, 2.2380706746593253, 2.253177177149311, 2.5303518597673467, 2.554666853490307, 2.6479561510862606, 2.7479309061855623, 2.908558287794354, 3.098240372686593, 3.1755592503735866, 3.51554211081773, 3.6874422865836216, 3.7262952139476404, 3.8017212473622237, 3.8060730883515297, 3.8417579481009385, 3.974369940993635, 4.0672136425279914, 4.097661199701487, 4.602160111006398, 5.66192578654977, 5.711375626771659, 6.308787823059989, 6.351261986101041, 6.610500930216645, 6.677954577781903, 6.962949359397621, 6.974456420409421, 7.103324737913396, 7.201729235090325, 7.216107068486808, 7.379364921291195, 7.872917040231754, 7.873056271840276, 7.96432360660741, 8.208832746883212, 8.614954016728978, 8.95281369355469, 9.167068187902512, 9.210169242104795, 9.413727478485216, 9.88541811225642, 9.940794857254014, 10.029632612666063, 10.457297639648027, 10.485094361289308, 10.582064683846646, 10.736837665920572, 10.871973883865227, 11.095053231666611, 11.180806056628002, 11.415942367618124, 11.650232287345773, 11.651527664453967, 11.65155608292546, 11.658055118593275, 11.700886707554275, 11.71239304813299, 11.773344706194807, 11.95735555175003, 11.979620012993543, 12.00262374276637, 12.154354507111917, 12.414709017014939, 12.633955355735312, 12.728605740257024, 12.885702068920816, 13.060913479921087, 13.090317078544516, 13.179977494476363, 13.359554518276143, 13.388369592494902, 13.453851619128972]}, "star": {"M_star_sun": 1.017982101025097, "gamma_ms": 0.0}}, "difficulty_details": {"coverage_inner_periods": 2.6343795663890126, "gp_used": false, "minK_ms": 101.92188831909118, "n_obs": 80, "n_planets": 1, "raw_score": 2, "resonances_detected": 0, "snr_like": 21.665242224287894}, "meta": {"noise": {"gp": {"Q0": 1.0, "dQ": 0.1, "f": 0.5, "period_days": 25.0, "sigma_ms": 0.0, "use_gp": false}, "sigma_jitter_ms": 0.11888443735864183, "sigma_white_ms": 4.5855119992909925}, "seed": 1457, "source_generated_task_id": "01f3007b-793d-5180-8e65-6e94b7de1b51", "source_seed": 1457}, "observations": {"instruments": ["instA", "instA", "instA", "instA", "instA", "instA", "instA", "instA", "instA", "instA", "instA", "instA", "instA", "instA", "instA", "instA", "instA", "instA", "instA", "instA", "instA", "instA", "instA", "instA", "instA", "instA", "instA", "instA", "instA", "instA", "instA", "instA", "instA", "instA", "instA", "instA", "instA", "instA", "instA", "instA", "instA", "instA", "instA", "instA", "instA", "instA", "instA", "instA", "instA", "instA", "instA", "instA", "instA", "instA", "instA", "instA", "instA", "instA", "instA", "instA", "instA", "instA", "instA", "instA", "instA", "instA", "instA", "instA", "instA", "instA", "instA", "instA", "instA", "instA", "instA", "instA", "instA", "instA", "instA", "instA"], "rvs_ms": [114.72734998307595, 112.24785326518219, 117.71462188197681, 112.91519352398443, 111.68275908988399, 56.182291873536265, 31.86055959162798, -7.313092906888407, -13.115176588440422, -10.30405147986938, -20.71534680148297, -27.352227802431457, -31.24286791948432, -33.95463451679701, -34.18846969561425, -46.23378504838781, -52.6347034121982, -60.1595653689768, -71.93916290213944, -60.3942839768942, -70.5185103903295, -78.25089981676452, -67.99114610355714, -78.78077523365349, -76.48616028616166, -71.93320647396207, -54.724797992984556, 85.96990007644389, 77.97894989178226, 36.70302930996118, 38.278623818580286, 27.70670104927013, 19.299105821082172, 0.04655220175375696, 10.071640116666941, -5.721186717498894, -0.01785383983044575, -9.026569890851839, -11.45772417570966, -27.314537971480863, -29.641626903977265, -34.12176620617386, -47.15510616265701, -63.228702674110544, -69.48781282059203, -76.35575516200531, -80.36964131995911, -78.71967347610857, 13.102413011479499, 30.898301036865472, 74.23516178192088, 104.76733374745359, 109.36717340170995, 98.73145953348245, 85.7477489747971, 79.92511642521447, 56.31492810468187, 54.53591525817696, 34.64811776427561, 23.53746052651203, 24.22378552840543, 28.82746495523162, 18.502884581593694, 26.756892430824244, 14.808736387601105, 21.54699046918315, 14.20696924948048, 6.061342780517715, 11.359263405096657, -2.9734672859866715, -6.096459287431177, -20.985291895742822, -24.307896828058137, -28.026349960869272, -26.139636440565035, -37.371699921508814, -39.433891447780546, -49.67891767289277, -58.64934727432789, -46.56935843056527], "sigmas_ms": [4.5855119992909925, 4.5855119992909925, 4.5855119992909925, 4.5855119992909925, 4.5855119992909925, 4.5855119992909925, 4.5855119992909925, 4.5855119992909925, 4.5855119992909925, 4.5855119992909925, 4.5855119992909925, 4.5855119992909925, 4.5855119992909925, 4.5855119992909925, 4.5855119992909925, 4.5855119992909925, 4.5855119992909925, 4.5855119992909925, 4.5855119992909925, 4.5855119992909925, 4.5855119992909925, 4.5855119992909925, 4.5855119992909925, 4.5855119992909925, 4.5855119992909925, 4.5855119992909925, 4.5855119992909925, 4.5855119992909925, 4.5855119992909925, 4.5855119992909925, 4.5855119992909925, 4.5855119992909925, 4.5855119992909925, 4.5855119992909925, 4.5855119992909925, 4.5855119992909925, 4.5855119992909925, 4.5855119992909925, 4.5855119992909925, 4.5855119992909925, 4.5855119992909925, 4.5855119992909925, 4.5855119992909925, 4.5855119992909925, 4.5855119992909925, 4.5855119992909925, 4.5855119992909925, 4.5855119992909925, 4.5855119992909925, 4.5855119992909925, 4.5855119992909925, 4.5855119992909925, 4.5855119992909925, 4.5855119992909925, 4.5855119992909925, 4.5855119992909925, 4.5855119992909925, 4.5855119992909925, 4.5855119992909925, 4.5855119992909925, 4.5855119992909925, 4.5855119992909925, 4.5855119992909925, 4.5855119992909925, 4.5855119992909925, 4.5855119992909925, 4.5855119992909925, 4.5855119992909925, 4.5855119992909925, 4.5855119992909925, 4.5855119992909925, 4.5855119992909925, 4.5855119992909925, 4.5855119992909925, 4.5855119992909925, 4.5855119992909925, 4.5855119992909925, 4.5855119992909925, 4.5855119992909925, 4.5855119992909925],