{"config": {"engine": "rebound", "instruments": [{"gamma_ms": 0.0, "label": "instA", "sigma_jitter_ms": 0.12364306961933785, "sigma_white_ms": 1.2187195198463077}], "integrator_preference": "whfast", "los_axis": "x", "metadata": {}, "noise": {"gp": {"Q0": 1.0, "dQ": 0.1, "f": 0.5, "period_days": 25.0, "sigma_ms": 0.0, "use_gp": false}, "sigma_jitter_ms": 0.12364306961933785, "sigma_white_ms": 1.2187195198463077}, "planets": [{"Omega_rad": 4.530887353645339, "P_days": 43.04768418119342, "e": 0.2978159648265125, "inc_rad": 1.5518589480615974, "l_rad": 2.097834116902364, "m_sin_i_mjup": 0.4676023617064692, "m_true_mjup": null, "omega_rad": 6.278753351086116}], "schedule": {"instruments": ["instA", "instA", "instA", "instA", "instA", "instA", "instA", "instA", "instA", "instA", "instA", "instA", "instA", "instA", "instA", "instA", "instA", "instA", "instA", "instA", "instA", "instA", "instA", "instA", "instA", "instA", "instA", "instA", "instA", "instA", "instA", "instA", "instA", "instA", "instA", "instA", "instA", "instA", "instA", "instA", "instA", "instA", "instA", "instA", "instA", "instA", "instA", "instA", "instA", "instA", "instA", "instA", "instA", "instA", "instA", "instA", "instA", "instA", "instA", "instA", "instA", "instA", "instA", "instA", "instA", "instA", "instA", "instA", "instA", "instA", "instA", "instA", "instA", "instA", "instA", "instA", "instA", "instA", "instA", "instA", "instA", "instA", "instA", "instA", "instA", "instA", "instA", "instA", "instA", "instA", "instA", "instA", "instA", "instA", "instA", "instA", "instA", "instA"], "times_days": [0.7012821402364021, 1.8014667470540457, 2.506097750177794, 3.0251970880371784, 7.584887651309964, 12.762392591918038, 12.935182837934853, 13.839783040553842, 16.565006007736184, 16.572672195879658, 17.35621692969995, 18.047502515569903, 18.84243984138029, 19.996976691451266, 20.859585119787006, 21.69740187580178, 24.81729082147668, 26.541081715787666, 28.14622917258711, 30.50558742501797, 35.03496581387813, 41.809983030932855, 44.44133166727934, 46.29576558776569, 48.82758350178497, 48.997097070639825, 53.33975823970216, 53.35822084284147, 53.81260620767244, 59.26829056692761, 61.65080977775118, 64.13576178382932, 64.97906237559921, 68.30051881165544, 68.53094908348015, 70.41584094940875, 74.97367985762659, 77.32581497798475, 78.34968172936496, 78.74723423582857, 83.46163586205225, 88.09547191506593, 88.19275916403461, 89.52490395003748, 90.53604651261058, 95.38287035058117, 95.6705433778557, 95.80602966570525, 97.62877727885152, 97.8558246452598, 98.92330804189616, 99.78176978013573, 99.89227205879921, 100.75543903336899, 100.88947529588344, 101.6687025382143, 105.84179544548176, 108.01484689506239, 111.55817780860572, 112.4920978556561, 115.20283425060447, 115.59752562962008, 115.83650349645853, 117.02045418001741, 117.47379797991465, 119.91816198205463, 119.95572142354176, 122.02745137471594, 124.10552248073854, 124.39580506973495, 125.37564089663512, 125.82269176151739, 126.21705581553911, 126.80884069949401, 127.04539581427125, 129.94083392250417, 129.94631898169675, 130.7751306998007, 133.3872059573928, 135.42765116525322, 136.1017332686039, 136.12444310070478, 140.99353612544726, 141.61215044541532, 142.0711852952861, 142.39385619585218, 144.8798963205441, 148.9199065470337, 149.27389093100803, 149.79041704800176, 150.18765983413212, 151.49079612339773, 153.4572138139715, 153.93409932688218, 154.13634342878487, 154.59252056528248, 158.40215412755205, 159.6442650518874]}, "star": {"M_star_sun": 1.0975105702363492, "gamma_ms": 0.0}}, "difficulty_details": {"coverage_inner_periods": 3.69225397219137, "gp_used": false, "minK_ms": 26.69767803810259, "n_obs": 98, "n_planets": 1, "raw_score": 1, "resonances_detected": 0, "snr_like": 19.888574255283842}, "meta": {"noise": {"gp": {"Q0": 1.0, "dQ": 0.1, "f": 0.5, "period_days": 25.0, "sigma_ms": 0.0, "use_gp": false}, "sigma_jitter_ms": 0.12364306961933785, "sigma_white_ms": 1.2187195198463077}, "patch_profile": "easy_bias_for_diff1", "seed": 300042, "source_generated_task_id": "df77d15b-1aa2-5820-b46b-0e8ac524617a", "source_seed": 300042}, "observations": {"instruments": ["instA", "instA", "instA", "instA", "instA", "instA", "instA", "instA", "instA", "instA", "instA", "instA", "instA", "instA", "instA", "instA", "instA", "instA", "instA", "instA", "instA", "instA", "instA", "instA", "instA", "instA", "instA", "instA", "instA", "instA", "instA", "instA", "instA", "instA", "instA", "instA", "instA", "instA", "instA", "instA", "instA", "instA", "instA", "instA", "instA", "instA", "instA", "instA", "instA", "instA", "instA", "instA", "instA", "instA", "instA", "instA", "instA", "instA", "instA", "instA", "instA", "instA", "instA", "instA", "instA", "instA", "instA", "instA", "instA", "instA", "instA", "instA", "instA", "instA", "instA", "instA", "instA", "instA", "instA", "instA", "instA", "instA", "instA", "instA", "instA", "instA", "instA", "instA", "instA", "instA", "instA", "instA", "instA", "instA", "instA", "instA", "instA", "instA"], "rvs_ms": [16.286142922586656, 12.324505089946118, 13.870522415264915, 9.230947962805283, -1.624005743694438, -11.342140196623934, -12.612529506223089, -13.325754343283464, -19.07805100608838, -18.17330234695836, -23.318954563164564, -22.21147431866686, -24.266857565435956, -24.812500987717044, -25.557846433388853, -27.84467678540321, -23.356179286930566, -16.478110225317288, -5.842485244392588, 15.116430048427482, 26.46177092104901, 21.346224789652513, 13.044974416945864, 9.836574093564874, 4.7726113991334, 3.2017368127639, -6.263035552891747, -5.6350869802118515, -7.565219346005239, -16.973589465324707, -21.5558112888339, -27.938438301214386, -27.380663342678034, -21.93154884101478, -19.873123281453005, -9.700339551396628, 17.907313456030053, 25.551359541965308, 26.075534711004334, 25.858155653523937, 18.47985938066935, 12.6971615306758, 11.766838790932026, 8.587517406828516, 5.232236010336466, -3.274190774921796, -5.223974477182338, -6.696845429687092, -8.977255865863679, -11.913338624496, -10.383947903758118, -12.335218654946306, -14.320761943785982, -13.813868251809918, -17.58043716221547, -15.823972937659349, -23.509461301300384, -27.184118031180773, -20.81962859460914, -17.43581796126746, 1.5606927613956234, 5.17701114256178, 6.899149688017893, 14.746072482639999, 15.967453545519987, 23.66160160747871, 24.265284113745263, 25.798301415533007, 26.091673900627725, 23.20869944906772, 23.619628713828092, 20.33638765393775, 21.01242072781708, 20.440335399883537, 18.64446865499264, 10.926824333201122, 14.280439165789373, 12.691653682532545, 8.91263754539801, 1.5572903843045738, 3.0999063750954496, 2.317778419481854, -8.958150306949483, -9.807494059834685, -12.700794244706078, -11.44882799304135, -19.18023847592755, -24.65147156512175, -25.862380309632535, -26.916866716524584, -24.295975060027178, -27.635354230007653, -23.207667612861574, -22.895957803456632, -22.897881442353178, -20.522109896271132, 1.0641939644822447, 10.473389284139058],