{"config": {"engine": "rebound", "instruments": [{"gamma_ms": 0.0, "label": "instA", "sigma_jitter_ms": 0.16591274252152652, "sigma_white_ms": 0.9107794781161995}], "integrator_preference": "whfast", "los_axis": "x", "metadata": {}, "noise": {"gp": {"Q0": 1.0, "dQ": 0.1, "f": 0.5, "period_days": 25.0, "sigma_ms": 0.0, "use_gp": false}, "sigma_jitter_ms": 0.16591274252152652, "sigma_white_ms": 0.9107794781161995}, "planets": [{"Omega_rad": 0.41764292012197396, "P_days": 7.83730338866853, "e": 0.25352430431493816, "inc_rad": 0.687393176771379, "l_rad": 2.451037042269495, "m_sin_i_mjup": 0.10541126476754244, "m_true_mjup": null, "omega_rad": 0.660106180131244}, {"Omega_rad": 3.0080974796301727, "P_days": 239.998343824076, "e": 0.08055975137273261, "inc_rad": 0.8785168980476927, "l_rad": 4.278505710699916, "m_sin_i_mjup": 0.04489287096474048, "m_true_mjup": null, "omega_rad": 3.148759168903264}, {"Omega_rad": 3.1244302192543065, "P_days": 300.0, "e": 0.2465078707111219, "inc_rad": 0.1297141148393061, "l_rad": 0.27077705491014337, "m_sin_i_mjup": 0.012914596847129306, "m_true_mjup": null, "omega_rad": 4.527477625183099}], "schedule": {"instruments": ["instA", "instA", "instA", "instA", "instA", "instA", "instA", "instA", "instA", "instA", "instA", "instA", "instA", "instA", "instA", "instA", "instA", "instA", "instA", "instA", "instA", "instA", "instA", "instA", "instA", "instA", "instA", "instA", "instA", "instA", "instA", "instA", "instA", "instA", "instA", "instA", "instA", "instA", "instA", "instA", "instA", "instA", "instA", "instA", "instA", "instA", "instA", "instA", "instA", "instA", "instA", "instA", "instA", "instA", "instA", "instA", "instA", "instA", "instA", "instA", "instA", "instA", "instA", "instA", "instA"], "times_days": [0.21122172473955894, 1.2872454501879311, 1.6479740832728658, 1.6589702024981545, 1.9854302238002282, 2.306733245693802, 2.5373263526465784, 2.982115479610731, 3.1380748907873888, 3.940990299872811, 3.985905040644114, 4.514383532967969, 4.724046001733671, 5.1679936562781235, 5.409460811914602, 5.758845666277286, 6.016472457549021, 7.390623822478264, 7.5177335106691885, 7.748569013031768, 8.141548957293217, 9.740137989039393, 10.814079458623588, 11.651970592377182, 11.992279517995726, 13.387218347233075, 13.423007613191036, 13.478799071660243, 13.849342777493662, 13.912879338169038, 14.300176932128496, 14.458858614447141, 14.669054753461115, 14.853210459429238, 14.9093093899537, 14.96886771020281, 15.260723384653744, 15.27661195808242, 16.284941009206893, 17.223007216108446, 18.395387703271016, 18.574423740668227, 18.57745712794053, 18.79483999953056, 19.065570883937152, 19.51411040235773, 20.242273104480184, 20.33956315659461, 20.52637035886898, 21.523149277838932, 21.81553495456269, 21.919110957527252, 22.357624439527676, 23.086293689590512, 23.16601606268615, 23.743496038869207, 24.212992505435974, 25.1779000866647, 26.299926223473662, 26.882692722381545, 27.899052805625455, 28.20486303184161, 28.577677250077958, 28.954934272827842, 29.618660641374557]}, "star": {"M_star_sun": 0.7463360759270459, "gamma_ms": 0.0}}, "difficulty_details": {"coverage_inner_periods": 3.7522394449031267, "gp_used": false, "minK_ms": 0.49171694173579683, "n_obs": 65, "n_planets": 3, "raw_score": 7, "resonances_detected": 0, "snr_like": 0.45669220257257204}, "meta": {"noise": {"gp": {"Q0": 1.0, "dQ": 0.1, "f": 0.5, "period_days": 25.0, "sigma_ms": 0.0, "use_gp": false}, "sigma_jitter_ms": 0.16591274252152652, "sigma_white_ms": 0.9107794781161995}, "seed": 46, "source_generated_task_id": "1ec674e2-ee86-51b5-a76c-1b1661b111ed", "source_seed": 46}, "observations": {"instruments": ["instA", "instA", "instA", "instA", "instA", "instA", "instA", "instA", "instA", "instA", "instA", "instA", "instA", "instA", "instA", "instA", "instA", "instA", "instA", "instA", "instA", "instA", "instA", "instA", "instA", "instA", "instA", "instA", "instA", "instA", "instA", "instA", "instA", "instA", "instA", "instA", "instA", "instA", "instA", "instA", "instA", "instA", "instA", "instA", "instA", "instA", "instA", "instA", "instA", "instA", "instA", "instA", "instA", "instA", "instA", "instA", "instA", "instA", "instA", "instA", "instA", "instA", "instA", "instA", "instA"], "rvs_ms": [6.741693477441254, -7.1445940566657695, -8.565749808920266, -9.379055518931224, -11.183825498638578, -13.262403308942453, -15.434405766678069, -16.530328390139676, -16.40583998592766, -17.49216109752484, -14.985773020499208, -10.295540177057541, -5.507144196989563, 1.6037593109562804, 9.896922615955623, 17.482725309548595, 20.96128300490672, 11.810646280033314, 11.767079924358878, 8.848189853829208, 3.28529927477382, -11.912718524366221, -16.1415856192157, -16.931406972037284, -13.683561491015968, 15.744141910923274, 14.605078755937411, 15.826572479057424, 20.351900332870912, 20.498926366497123, 22.724901335861198, 21.439217494267517, 20.939124247847257, 19.321021793258684, 17.543876913480272, 17.382957692065908, 12.656470415753867, 13.577086832294823, -0.41067602624734323, -7.651834886258953, -14.677089314871777, -18.333158459160188, -17.227570532675465, -16.420578364765174, -16.933341017924377, -16.10459689487369, -10.207099201843008, -6.137850567992991, -3.3453882841743683, 20.231615571731083, 23.860738374936105, 24.09736254077012, 22.560720544508193, 13.862469695179108, 12.684833107854072, 4.134694895203472, 1.2958412765439582, -7.064736824818069, -16.794625868774993, -16.51323090539331, -11.56574738719118, -7.339251743885261, 1.3280024215106265, 10.131993804149323, 23.949983631169548], "sigmas_ms": [0.9107794781161995, 0.9107794781161995, 0.9107794781161995, 0.9107794781161995, 0.9107794781161995, 0.9107794781161995, 0.9107794781161995, 0.9107794781161995, 0.9107794781161995, 0.9107794781161995, 0.9107794781161995, 0.9107794781161995, 0.9107794781161995, 0.9107794781161995, 0.9107794781161995, 0.9107794781161995, 0.9107794781161995, 0.9107794781161995, 0.9107794781161995, 0.9107794781161995, 0.9107794781161995, 0.9107794781161995, 0.9107794781161995, 0.9107794781161995, 0.9107794781161995, 0.9107794781161995, 0.9107794781161995, 0.9107794781161995, 0.9107794781161995, 0.9107794781161995, 0.9107794781161995, 0.9107794781161995, 0.9107794781161995, 0.9107794781161995, 0.9107794781161995, 0.9107794781161995, 0.9107794781161995, 0.9107794781161995, 0.9107794781161995, 0.9107794781161995, 0.9107794781161995, 0.9107794781161995, 0.9107794781161995, 0.9107794781161995, 0.9107794781161995, 0.9107794781161995, 0.9107794781161995, 0.9107794781161995, 0.9107794781161995, 0.9107794781161995, 0.9107794781161995, 0.9107794781161995, 0.9107794781161995, 0.9107794781161995, 0.9107794781161995, 0.9107794781161995, 0.9107794781161995, 0.9107794781161995, 0.9107794781161995, 0.9107794781161995, 0.9107794781161995, 0.9107794781161995, 0.9107794781161995, 0.9107794781161995, 0.9107794781161995],