{
  "config": {
    "engine": "keplerian",
    "instruments": [
      {
        "gamma_ms": -2232.0,
        "label": "inst_A",
        "sigma_jitter_ms": 0.0,
        "sigma_white_ms": 3.4
      }
    ],
    "integrator_preference": "whfast",
    "los_axis": "x",
    "metadata": {},
    "noise": {
      "gp": {
        "Q0": 1.0,
        "dQ": 0.1,
        "f": 0.5,
        "period_days": 12.0,
        "sigma_ms": 0.0,
        "use_gp": false
      },
      "sigma_jitter_ms": 0.0,
      "sigma_white_ms": 3.4
    },
    "planets": [
      {
        "Omega_rad": 0.0,
        "P_days": 2.21857312,
        "e": 0.0,
        "inc_rad": 1.5707963267948966,
        "l_rad": 0.2734737291291509,
        "m_sin_i_mjup": 1.13,
        "m_true_mjup": null,
        "omega_rad": 0.0
      }
    ],
    "schedule": {
      "instruments": [
        "inst_A",
        "inst_A",
        "inst_A",
        "inst_A",
        "inst_A",
        "inst_A",
        "inst_A",
        "inst_A",
        "inst_A",
        "inst_A",
        "inst_A",
        "inst_A",
        "inst_A",
        "inst_A",
        "inst_A",
        "inst_A",
        "inst_A",
        "inst_A",
        "inst_A",
        "inst_A",
        "inst_A",
        "inst_A",
        "inst_A",
        "inst_A",
        "inst_A",
        "inst_A",
        "inst_A",
        "inst_A",
        "inst_A",
        "inst_A",
        "inst_A",
        "inst_A",
        "inst_A"
      ],
      "times_days": [
        2454294.5084,
        2454298.3704,
        2454298.6022,
        2454299.6075,
        2454300.3518,
        2454300.6136,
        2454301.3613,
        2454302.3864,
        2454303.6148,
        2454304.3853,
        2454306.3676,
        2454306.5803,
        2454306.6077,
        2454307.3669,
        2454307.4946,
        2454307.5826,
        2454308.3698,
        2454308.5947,
        2454309.4,
        2454309.5121,
        2454315.5672,
        2454316.3922,
        2454316.5673,
        2454317.4941,
        2454317.6281,
        2454318.3294,
        2454318.5691,
        2454328.3935,
        2454328.5365,
        2454330.3345,
        2454334.3945,
        2454335.3983,
        2454336.4651
      ]
    },
    "star": {
      "M_star_sun": 0.823,
      "gamma_ms": -2232.0
    }
  },
  "difficulty_details": {
    "n_obs": 33,
    "real_data": true
  },
  "meta": {
    "rv_semantics": "rv_only"
  },
  "observations": {
    "instruments": [
      "inst_A",
      "inst_A",
      "inst_A",
      "inst_A",
      "inst_A",
      "inst_A",
      "inst_A",
      "inst_A",
      "inst_A",
      "inst_A",
      "inst_A",
      "inst_A",
      "inst_A",
      "inst_A",
      "inst_A",
      "inst_A",
      "inst_A",
      "inst_A",
      "inst_A",
      "inst_A",
      "inst_A",
      "inst_A",
      "inst_A",
      "inst_A",
      "inst_A",
      "inst_A",
      "inst_A",
      "inst_A",
      "inst_A",
      "inst_A",
      "inst_A",
      "inst_A",
      "inst_A"
    ],
    "rvs_ms": [
      145.5,
      0.0,
      114.0,
      -161.0999999999999,
      -138.20000000000027,
      19.700000000000273,
      88.30000000000018,
      -214.4000000000001,
      76.5,
      -238.5,
      -188.5999999999999,
      -231.80000000000018,
      -232.4000000000001,
      72.69999999999982,
      126.29999999999973,
      152.5,
      -94.40000000000009,
      -214.5,
      -53.899999999999636,
      13.899999999999636,
      -243.9000000000001,
      118.09999999999991,
      152.5999999999999,
      -198.5999999999999,
      -233.19999999999982,
      10.400000000000091,
      122.29999999999973,
      -134.20000000000027,
      -193.5,
      38.40000000000009,
      164.5,
      -230.5,
      151.5999999999999
    ],
    "sigmas_ms": [
      3.3,
      3.7,
      3.4,
      3.4,
      3.4,
      3.5,
      3.4,
      3.5,
      3.5,
      3.5,
      3.8,
      3.6,
      3.3,
      3.4,
      3.3,
      3.3,
      3.3,
      3.3,
      3.4,
      3.3,
      3.8,
      3.4,
      3.4,
      3.4,
      3.4,
      3.6,
      3.4,
      3.3,
      4.2,
      3.7,
      3.4,
      3.5,
      3.4
    ],
    "times_days": [
      2454294.5084,
      2454298.3704,
      2454298.6022,
      2454299.6075,
      2454300.3518,
      2454300.6136,
      2454301.3613,
      2454302.3864,
      2454303.6148,
      2454304.3853,
      2454306.3676,
      2454306.5803,
      2454306.6077,
      2454307.3669,
      2454307.4946,
      2454307.5826,
      2454308.3698,
      2454308.5947,
      2454309.4,
      2454309.5121,
      2454315.5672,
      2454316.3922,
      2454316.5673,
      2454317.4941,
      2454317.6281,
      2454318.3294,
      2454318.5691,
      2454328.3935,
      2454328.5365,
      2454330.3345,
      2454334.3945,
      2454335.3983,
      2454336.4651
    ]
  },
  "task_id": "real_010",
  "truth_difficulty": 2
}