{
  "config": {
    "engine": "keplerian",
    "instruments": [
      {
        "gamma_ms": 0.0,
        "label": "inst_A",
        "sigma_jitter_ms": 0.0,
        "sigma_white_ms": 3.2
      }
    ],
    "integrator_preference": "whfast",
    "los_axis": "x",
    "metadata": {},
    "noise": {
      "gp": {
        "Q0": 1.0,
        "dQ": 0.1,
        "f": 0.5,
        "period_days": 25.0,
        "sigma_ms": 0.0,
        "use_gp": false
      },
      "sigma_jitter_ms": 0.0,
      "sigma_white_ms": 3.2
    },
    "planets": [
      {
        "Omega_rad": 0.0,
        "P_days": 3.4157,
        "e": 0.133,
        "inc_rad": 1.5707963267948966,
        "l_rad": 2.9258069650120966,
        "m_sin_i_mjup": 0.22,
        "m_true_mjup": null,
        "omega_rad": 6.09119908946021
      }
    ],
    "schedule": {
      "instruments": [
        "inst_A",
        "inst_A",
        "inst_A",
        "inst_A",
        "inst_A",
        "inst_A",
        "inst_A",
        "inst_A",
        "inst_A",
        "inst_A",
        "inst_A",
        "inst_A",
        "inst_A",
        "inst_A",
        "inst_A",
        "inst_A",
        "inst_A",
        "inst_A",
        "inst_A",
        "inst_A",
        "inst_A"
      ],
      "times_days": [
        2453014.947812,
        2453015.947488,
        2453016.952546,
        2453044.088461,
        2453044.86941,
        2453045.843414,
        2453046.081308,
        2453069.015938,
        2453071.788183,
        2453072.020891,
        2453073.95022,
        2453076.947697,
        2453153.759502,
        2453179.754086,
        2453195.747662,
        2453197.761921,
        2453199.751076,
        2453339.127234,
        2453369.159502,
        2453478.899363,
        2453483.920336
      ]
    },
    "star": {
      "M_star_sun": 1.2,
      "gamma_ms": -8.7
    }
  },
  "difficulty_details": {
    "n_obs": 21,
    "real_data": true
  },
  "meta": {
    "rv_semantics": "rv_only"
  },
  "observations": {
    "instruments": [
      "inst_A",
      "inst_A",
      "inst_A",
      "inst_A",
      "inst_A",
      "inst_A",
      "inst_A",
      "inst_A",
      "inst_A",
      "inst_A",
      "inst_A",
      "inst_A",
      "inst_A",
      "inst_A",
      "inst_A",
      "inst_A",
      "inst_A",
      "inst_A",
      "inst_A",
      "inst_A",
      "inst_A"
    ],
    "rvs_ms": [
      -14.0,
      31.4,
      28.4,
      27.7,
      -18.1,
      -25.2,
      -14.100000000000001,
      -22.5,
      12.5,
      0.0,
      29.7,
      -2.8000000000000007,
      16.799999999999997,
      15.799999999999999,
      -17.5,
      42.3,
      -4.200000000000001,
      -15.7,
      7.6,
      -23.500000000000004,
      34.599999999999994
    ],
    "sigmas_ms": [
      4.0,
      3.9,
      3.9,
      3.2,
      2.9,
      2.9,
      2.8,
      3.7,
      3.7,
      4.0,
      4.0,
      5.1,
      3.3,
      3.5,
      3.1,
      3.0,
      3.0,
      2.9,
      2.9,
      2.7,
      2.7
    ],
    "times_days": [
      2453014.947812,
      2453015.947488,
      2453016.952546,
      2453044.088461,
      2453044.86941,
      2453045.843414,
      2453046.081308,
      2453069.015938,
      2453071.788183,
      2453072.020891,
      2453073.95022,
      2453076.947697,
      2453153.759502,
      2453179.754086,
      2453195.747662,
      2453197.761921,
      2453199.751076,
      2453339.127234,
      2453369.159502,
      2453478.899363,
      2453483.920336
    ]
  },
  "task_id": "real_020",
  "truth_difficulty": 3
}