{
  "config": {
    "engine": "keplerian",
    "instruments": [
      {
        "gamma_ms": 0.0,
        "label": "inst_A",
        "sigma_jitter_ms": 0.0,
        "sigma_white_ms": 7.0
      }
    ],
    "integrator_preference": "whfast",
    "los_axis": "x",
    "metadata": {},
    "noise": {
      "gp": {
        "Q0": 1.0,
        "dQ": 0.1,
        "f": 0.5,
        "period_days": 25.0,
        "sigma_ms": 0.0,
        "use_gp": false
      },
      "sigma_jitter_ms": 0.0,
      "sigma_white_ms": 7.0
    },
    "planets": [
      {
        "Omega_rad": 0.0,
        "P_days": 14.651,
        "e": 0.014,
        "inc_rad": 1.5707963267948966,
        "l_rad": 1.2431864351492798,
        "m_sin_i_mjup": 0.824,
        "m_true_mjup": null,
        "omega_rad": 2.2863813201125716
      },
      {
        "Omega_rad": 0.0,
        "P_days": 5218.0,
        "e": 0.063,
        "inc_rad": 1.5707963267948966,
        "l_rad": 0.38942349538889953,
        "m_sin_i_mjup": 3.835,
        "m_true_mjup": null,
        "omega_rad": 1.3439035240356338
      }
    ],
    "schedule": {
      "instruments": [
        "inst_A",
        "inst_A",
        "inst_A",
        "inst_A",
        "inst_A",
        "inst_A",
        "inst_A",
        "inst_A",
        "inst_A",
        "inst_A",
        "inst_A",
        "inst_A",
        "inst_A",
        "inst_A",
        "inst_A",
        "inst_A",
        "inst_A",
        "inst_A",
        "inst_A",
        "inst_A",
        "inst_A",
        "inst_A",
        "inst_A",
        "inst_A",
        "inst_A",
        "inst_A",
        "inst_A",
        "inst_A",
        "inst_A",
        "inst_A",
        "inst_A",
        "inst_A",
        "inst_A",
        "inst_A",
        "inst_A",
        "inst_A",
        "inst_A",
        "inst_A",
        "inst_A",
        "inst_A",
        "inst_A",
        "inst_A",
        "inst_A",
        "inst_A",
        "inst_A",
        "inst_A",
        "inst_A",
        "inst_A"
      ],
      "times_days": [
        2450207.3325,
        2450208.3345,
        2450209.335,
        2450210.3319,
        2450380.6941,
        2450447.6526,
        2450477.5717,
        2450478.477,
        2450479.4619,
        2450533.4064,
        2450535.4471,
        2450559.345,
        2450561.321,
        2450732.6728,
        2450735.6859,
        2450766.6945,
        2450795.6295,
        2450821.5603,
        2450824.5615,
        2450858.4275,
        2450860.481,
        2450885.4374,
        2450890.5199,
        2450940.3384,
        2451152.6836,
        2451240.5511,
        2451300.3589,
        2451505.6846,
        2451543.5995,
        2451559.5868,
        2451561.5149,
        2451588.437,
        2451623.3741,
        2451655.3197,
        2451691.3365,
        2451882.6941,
        2451883.6628,
        2451953.562,
        2451979.4519,
        2452252.678,
        2452722.4014,
        2452747.3695,
        2452748.3451,
        2452753.3701,
        2452774.3355,
        2452776.352,
        2452777.3871,
        2452778.3426
      ]
    },
    "star": {
      "M_star_sun": 0.95,
      "gamma_ms": 27256.5
    }
  },
  "difficulty_details": {
    "n_obs": 48,
    "real_data": true
  },
  "meta": {
    "rv_semantics": "rv_only"
  },
  "observations": {
    "instruments": [
      "inst_A",
      "inst_A",
      "inst_A",
      "inst_A",
      "inst_A",
      "inst_A",
      "inst_A",
      "inst_A",
      "inst_A",
      "inst_A",
      "inst_A",
      "inst_A",
      "inst_A",
      "inst_A",
      "inst_A",
      "inst_A",
      "inst_A",
      "inst_A",
      "inst_A",
      "inst_A",
      "inst_A",
      "inst_A",
      "inst_A",
      "inst_A",
      "inst_A",
      "inst_A",
      "inst_A",
      "inst_A",
      "inst_A",
      "inst_A",
      "inst_A",
      "inst_A",
      "inst_A",
      "inst_A",
      "inst_A",
      "inst_A",
      "inst_A",
      "inst_A",
      "inst_A",
      "inst_A",
      "inst_A",
      "inst_A",
      "inst_A",
      "inst_A",
      "inst_A",
      "inst_A",
      "inst_A",
      "inst_A"
    ],
    "rvs_ms": [
      10.5,
      -30.5,
      -43.5,
      -51.5,
      105.5,
      23.5,
      31.5,
      52.5,
      74.5,
      -43.5,
      -5.5,
      5.5,
      -32.5,
      99.5,
      6.5,
      -24.5,
      -30.5,
      48.5,
      -28.5,
      29.5,
      92.5,
      -36.5,
      97.5,
      -1.5,
      47.5,
      48.5,
      88.5,
      76.5,
      -74.5,
      -53.5,
      1.5,
      -68.5,
      67.5,
      45.5,
      -80.5,
      -44.5,
      -10.5,
      -109.5,
      -18.5,
      52.5,
      48.5,
      -72.5,
      -43.5,
      28.5,
      -83.5,
      -56.5,
      -44.5,
      2.5
    ],
    "sigmas_ms": [
      7.0,
      7.0,
      7.0,
      7.0,
      8.0,
      7.0,
      7.0,
      7.0,
      7.0,
      7.0,
      7.0,
      7.0,
      7.0,
      7.0,
      9.0,
      7.0,
      8.0,
      7.0,
      7.0,
      7.0,
      7.0,
      7.0,
      8.0,
      7.0,
      9.0,
      7.0,
      7.0,
      8.0,
      7.0,
      7.0,
      8.0,
      7.0,
      7.0,
      7.0,
      7.0,
      7.0,
      7.0,
      7.0,
      7.0,
      9.0,
      7.0,
      7.0,
      7.0,
      7.0,
      8.0,
      7.0,
      7.0,
      7.0
    ],
    "times_days": [
      2450207.3325,
      2450208.3345,
      2450209.335,
      2450210.3319,
      2450380.6941,
      2450447.6526,
      2450477.5717,
      2450478.477,
      2450479.4619,
      2450533.4064,
      2450535.4471,
      2450559.345,
      2450561.321,
      2450732.6728,
      2450735.6859,
      2450766.6945,
      2450795.6295,
      2450821.5603,
      2450824.5615,
      2450858.4275,
      2450860.481,
      2450885.4374,
      2450890.5199,
      2450940.3384,
      2451152.6836,
      2451240.5511,
      2451300.3589,
      2451505.6846,
      2451543.5995,
      2451559.5868,
      2451561.5149,
      2451588.437,
      2451623.3741,
      2451655.3197,
      2451691.3365,
      2451882.6941,
      2451883.6628,
      2451953.562,
      2451979.4519,
      2452252.678,
      2452722.4014,
      2452747.3695,
      2452748.3451,
      2452753.3701,
      2452774.3355,
      2452776.352,
      2452777.3871,
      2452778.3426
    ]
  },
  "task_id": "real_002",
  "truth_difficulty": 9
}